number,citation_key,type,title,authors_or_org,year,venue_or_publisher,doi,url,manuscript_role,local_copy,access_notes
1,nvidia_mgx,webpage,MGX platform for modular server design,NVIDIA,2026,NVIDIA,,https://www.nvidia.com/en-us/data-center/products/mgx/,AI-factory platform context,,web landing page
2,blake_2025_nvidia_800vdc,blog,NVIDIA 800 VDC architecture will power the next generation of AI factories,"Blake; Hsu; Goldwasser; Petty; Huntington",2025,NVIDIA Technical Blog,,https://developer.nvidia.com/blog/nvidia-800-v-hvdc-architecture-will-power-the-next-generation-of-ai-factories/,800 VDC roadmap,,web article
3,texas_instruments_2026_800vdc,press_release,TI unveils complete 800 VDC power architecture for future generation AI data centers with NVIDIA,Texas Instruments,2026,Texas Instruments,,https://www.ti.com/about-ti/newsroom/news-releases/2026/2026-03-16-ti-unveils-complete-800-vdc-power-architecture-for-future-generation-ai-data-centers-with-nvidia.html,800 VDC supplier roadmap,,web article
4,rothmund_2019_dc_transformer,journal_article,99% efficient 10 kV SiC-based 7 kV/400 V DC transformer for future data centers,"Rothmund; Guillod; Bortis; Kolar",2019,IEEE Journal of Emerging and Selected Topics in Power Electronics,10.1109/JESTPE.2018.2886139,https://doi.org/10.1109/JESTPE.2018.2886139,high-efficiency DC/DC device evidence,downloads/ref04_rothmund_dc_transformer_future_data_centers_2019.pdf,author-provided PDF for review; DOI retained
5,zheng_2021_ms4t,journal_article,SiC-based 5-kV universal modular soft-switching solid-state transformer (M-S4T) for medium-voltage DC microgrids and distribution grids,Zheng et al.,2021,IEEE Transactions on Power Electronics,10.1109/TPEL.2021.3066908,https://doi.org/10.1109/TPEL.2021.3066908,medium-voltage SST evidence,downloads/ref05_zheng_ms4t_mvdc_microgrids_2021.pdf,author-provided PDF for review; DOI retained
6,samanta_2020_mv_data_center_converter,conference_paper,Medium voltage supply directly to data-center-servers using SiC-based single-stage converter with 20 kW experimental results,"Samanta; Wong; Bhattacharya; Pahl",2020,IEEE ECCE,10.1109/ECCE44975.2020.9235701,https://doi.org/10.1109/ECCE44975.2020.9235701,server-level high-voltage DC conversion evidence,downloads/ref06_samanta_mv_data_center_converter_2020.pdf,author-provided PDF for review; DOI retained
7,choukse_2025_power_stabilization,preprint,Power stabilization for AI training datacenters,Choukse et al.,2025,arXiv,,https://arxiv.org/abs/2508.14318,AI training load dynamics,downloads/ref07_choukse_power_stabilization_ai_training_datacenters.pdf,open arXiv PDF
8,ieee_519_2022,standard,IEEE Std 519-2022: IEEE recommended practice and requirements for harmonic control in electric power systems,IEEE Standards Association,2022,IEEE Standards Association,,https://standards.ieee.org/ieee/519/10422/,harmonic planning context,downloads/ref08_ieee_519_2022_redline.pdf,Stanford-authorized IEEE Xplore redline PDF for local review; restrictions apply
9,caiso_2024_san_jose_tpp,pdf_report,San Jose Area Transmission Plan: decision on modifications to the 2021-2022 transmission plan study,California ISO,2024,California ISO,,https://www.caiso.com/documents/decision-on-modifications-to-the-2021-2022-transmission-plan-study-nov-2024.pdf,San Jose load-pocket planning data,downloads/ref09_caiso_san_jose_transmission_plan_decision_2024.pdf,public PDF
10,caiso_2025_tpp_notice,webpage,2024-2025 Transmission Planning Process: Board Approved Transmission Plan Posted,California ISO,2025,California ISO,,https://www.caiso.com/notices/2024-2025-transmission-planning-process-board-approved-transmission-plan-posted,planning-document notice,,web landing page
11,lspower_2023_san_jose_hvdc,press_release,LS Power selected by the California ISO for San Jose area HVDC projects,LS Power,2023,LS Power,,https://www.lspower.com/news/ls-power-selected-by-the-california-iso-for-san-jose-area-hvdc-projects/,project context,,web article
12,lspowergrid_2025_santa_clara_fact_sheet,pdf_report,Power Santa Clara Valley HVDC Project fact sheet,LS Power Grid,2025,LS Power Grid,,https://www.lspowergrid.com/wp-content/uploads/Power-Santa-Clara-Valley-2-Pager.pdf,project fact sheet,downloads/ref12_lspower_power_santa_clara_valley_fact_sheet.pdf,public PDF
13,iec_61000_3_3_2013,standard,IEC 61000-3-3: Electromagnetic compatibility - limits for voltage changes voltage fluctuations and flicker,IEC,2013,IEC,,https://webstore.iec.ch/en/publication/4150,voltage fluctuation context,,IEC standard not stored locally; related IEEE TIM compliance-measurement paper saved as downloads/ref13_support_clarkson_iec61000_3_3_impedance_measurement_2011.pdf
14,nerc_2019_interconnection_oscillation,technical_report,Interconnection oscillation analysis,North American Electric Reliability Corporation,2019,NERC,,https://www.ercot.com/files/docs/2019/10/02/Interconnection_Oscillation_Analysis_NERC.pdf,interconnection oscillation context,downloads/ref14_nerc_interconnection_oscillation_analysis_2019.pdf,NERC report; official NERC PDF path returned 404 on 2026-06-07; ERCOT mirror downloaded
15,shehabi_2024_us_data_center_energy,report,2024 United States Data Center Energy Usage Report,Shehabi et al.,2024,Lawrence Berkeley National Laboratory,10.71468/P1WC7Q,https://escholarship.org/uc/item/32d6m0d1,data-center energy demand context,downloads/ref15_lbnl_us_data_center_energy_usage_2024.pdf,official eScholarship/LBNL PDF provided by author
16,epri_2024_powering_intelligence,white_paper,Powering Intelligence: Analyzing Artificial Intelligence and Data Center Energy Consumption,Electric Power Research Institute,2024,EPRI,,https://restservice.epri.com/publicdownload/000000003002028905/0/Product,AI/data-center load-growth context,downloads/ref16_epri_powering_intelligence_2024.pdf,public PDF
17,iea_2025_energy_and_ai,report,Energy and AI,International Energy Agency,2025,IEA,,https://www.iea.org/reports/energy-and-ai,global AI/data-center energy context,,web report
18,shrestha_2018_380vdc_data_centers,journal_article,Efficiency and reliability analyses of AC and 380 V DC distribution in data centers,Shrestha et al.,2018,IEEE Access,10.1109/ACCESS.2018.2877354,https://doi.org/10.1109/ACCESS.2018.2877354,DC data-center distribution precedent,,open journal DOI
19,ocp_2026_lvdc_whitepaper,white_paper,Data Center Facility Power Distribution LVDC White Paper version 1.0,Open Compute Project,2026,Open Compute Project,,https://www.opencompute.org/documents/dcf-power-distribution-lvdc-white-paper-version-1-0-final-pdf-1,industry LVDC architecture context,downloads/ref19_ocp_lvdc_white_paper_2026.pdf,official OCP PDF provided by author
20,she_2013_sst_review,journal_article,Review of solid-state transformer technologies and their application in power distribution systems,"She; Huang; Burgos",2013,IEEE Journal of Emerging and Selected Topics in Power Electronics,10.1109/JESTPE.2013.2277917,https://doi.org/10.1109/JESTPE.2013.2277917,SST technology background,downloads/ref20_she_sst_review_2013.pdf,author-provided PDF for review; DOI retained
21,cigre_2013_hvdc_grid_feasibility,technical_brochure,HVDC grid feasibility study,CIGRE Working Group B4.52,2013,CIGRE Technical Brochure 533,,https://www.e-cigre.org/publications/detail/533-hvdc-grid-feasibility-study.html,HVDC-grid feasibility context,,not downloaded; CIGRE purchase cost barrier reported by author
22,cigre_2018_hvdc_grid_protection,technical_brochure,Protection and local control of HVDC-grids,CIGRE Joint Working Group B4/B5.59,2018,CIGRE Technical Brochure 739,,https://www.e-cigre.org/publications/detail/739-protection-and-local-control-of-hvdc-grids.html,DC-grid protection context,,not downloaded; CIGRE purchase cost barrier reported by author
23,cigre_2021_dcdc_hvdc_grids,technical_brochure,DC-DC converters in HVDC grids and for connections to HVDC systems,CIGRE Working Group B4.76,2021,CIGRE Technical Brochure 827,,https://electra.cigre.org/315-april-2021/technical-brochures/dc-dc-converters-in-hvdc-grids-and-for-connections-to-hvdc-systems.html,HVDC-to-MVDC DC/DC interface context,downloads/ref23_cigre_dcdc_converters_hvdc_grids_2021.pdf,downloadable CIGRE Electra article/summary PDF for TB827; full e-cigre brochure remains purchase access
24,colangelo_2026_ai_data_centres_grid_interactive,journal_article,AI data centres as grid-interactive assets,Colangelo et al.,2026,Nature Energy,10.1038/s41560-025-01927-1,https://doi.org/10.1038/s41560-025-01927-1,candidate Nature Portfolio support for grid-interactive AI data centres,downloads/ref24_colangelo_ai_data_centres_grid_interactive_assets_2026.pdf,author-provided Nature Energy PDF for local review; restrictions apply
25,xiao_2025_sustainable_ai_servers_usa,journal_article,Environmental impact and net-zero pathways for sustainable artificial intelligence servers in the USA,Xiao et al.,2025,Nature Sustainability,10.1038/s41893-025-01681-y,https://doi.org/10.1038/s41893-025-01681-y,candidate Nature Portfolio support for U.S. AI-server energy/water/carbon impacts,downloads/ref25_xiao_sustainable_ai_servers_usa_2025.pdf,open-access Nature Sustainability PDF downloaded
26,kemp_2025_transmission_value_us_power_markets,journal_article,Electric transmission value and its drivers in United States power markets,Kemp et al.,2025,Nature Communications,10.1038/s41467-025-63143-5,https://doi.org/10.1038/s41467-025-63143-5,candidate Nature Portfolio support for transmission planning and controllable transfer value,downloads/ref26_kemp_transmission_value_us_power_markets_2025.pdf,open-access Nature Communications PDF downloaded
27,yang_2025_inverter_dynamic_modeling,journal_article,Data-driven dynamic modeling for inverter-based resources using neural networks,Yang et al.,2025,Nature Communications,10.1038/s41467-025-66604-z,https://doi.org/10.1038/s41467-025-66604-z,candidate Nature Portfolio support for inverter-dominated power-system dynamic modeling,downloads/ref27_yang_inverter_dynamic_modeling_2025.pdf,open-access Nature Communications PDF downloaded
28,kim_2026_flexibility_aware_data_center_siting,journal_article,Flexibility-aware framework for efficient planner-initiated siting of data center,"Kim; Dong; Xie",2026,Nature Communications,10.1038/s41467-026-72324-9,https://doi.org/10.1038/s41467-026-72324-9,candidate Nature Communications support for flexible-load-aware data-center siting,downloads/ref28_kim_flexibility_aware_data_center_siting_2026.pdf,open-access Nature Communications Article-in-Press PDF downloaded; access page also saved locally
