time_s,fault_current_kA,backbone_voltage_pu,campus1_voltage_pu,campus2_voltage_pu,campus3_voltage_pu
0.0,0.0,1.0,1.0,1.0,1.0
0.0001,2.3,1.0,1.0,1.0,1.0
0.0002,4.523333333333334,1.0,1.0,1.0,1.0
0.00030000000000000003,6.672555555555556,1.0,1.0,1.0,1.0
0.0004,8.750137037037039,1.0,1.0,1.0,1.0
0.0005,10.758465802469138,1.0,1.0,1.0,1.0
0.0006000000000000001,12.699850275720168,1.0,1.0,1.0,1.0
0.0007,14.576521933196162,1.0,1.0,1.0,1.0
0.0008,16.39063786875629,1.0,1.0,1.0,1.0
0.0009000000000000001,18.14428327313108,1.0,1.0,1.0,1.0
0.001,19.83947383069338,1.0,1.0,1.0,1.0
0.0011,21.478158036336932,1.0,1.0,1.0,1.0
0.0012000000000000001,23.0622194351257,1.0,1.0,1.0,1.0
0.0013000000000000002,24.59347878728818,1.0,1.0,1.0,1.0
0.0014,26.073696161045238,1.0,1.0,1.0,1.0
0.0015,27.504572955677062,1.0,1.0,1.0,1.0
0.0016,28.887753857154493,1.0,1.0,1.0,1.0
0.0017000000000000001,30.224828728582676,1.0,1.0,1.0,1.0
0.0018000000000000002,31.51733443762992,1.0,1.0,1.0,1.0
0.0019,32.766756623042255,1.0,1.0,1.0,1.0
0.002,33.97453140227418,1.0,1.0,1.0,1.0
0.0021000000000000003,35.142047022198376,1.0,1.0,1.0,1.0
0.0022,36.27064545479177,1.0,1.0,1.0,1.0
0.0023,37.36162393963205,1.0,1.0,1.0,1.0
0.0024000000000000002,38.416236474977644,1.0,1.0,1.0,1.0
0.0025,39.435695259145064,1.0,1.0,1.0,1.0
0.0026000000000000003,40.421172083840226,1.0,1.0,1.0,1.0
0.0027,41.373799681045554,1.0,1.0,1.0,1.0
0.0028,42.2946730250107,1.0,1.0,1.0,1.0
0.0029000000000000002,43.18485059084368,1.0,1.0,1.0,1.0
0.003,44.04535557114889,1.0,1.0,1.0,1.0
0.0031000000000000003,44.877177052110596,0.9968317877290809,0.9968317877290809,0.975,0.98
0.0032,45.681271150373576,0.9937263102643717,0.9937263102643717,0.975,0.98
0.0033,46.45856211202779,0.9906823253734798,0.9906823253734798,0.975,0.98
0.0034000000000000002,47.209943374960204,0.9876986154218618,0.9876986154218618,0.975,0.98
0.0035,47.93627859579487,0.9847739868857536,0.9847739868857536,0.975,0.98
0.0036000000000000003,48.6384026426017,0.9819072698747452,0.9819072698747452,0.975,0.98
0.0037,49.31712255451498,0.9790973176638089,0.9790973176638089,0.975,0.98
0.0038,49.97321846936448,0.9763430062345938,0.9763430062345938,0.975,0.98
0.0039000000000000003,50.60744452038567,0.9736432338258035,0.9736432338258035,0.975,0.98
0.004,51.22052970303948,0.9709969204924771,0.9709969204924771,0.975,0.98
0.0041,51.81317871293816,0.9684030076739966,0.9684030076739966,0.975,0.98
0.004200000000000001,52.386072755840225,0.9658604577706486,0.9658604577706486,0.975,0.98
0.0043,52.93987033064555,0.9633682537285706,0.9633682537285706,0.975,0.98
0.0044,53.4752079862907,0.960925398632916,0.960925398632916,0.975,0.98
0.0045000000000000005,53.99270105341434,0.9585309153090749,0.9585309153090749,0.975,0.98
0.0046,54.49294435163387,0.9561838459317905,0.9561838459317905,0.975,0.98
0.0047,54.97651287324607,0.9538832516420176,0.9538832516420176,0.975,0.98
0.0048000000000000004,55.44396244413787,0.951628212171365,0.951628212171365,0.975,0.98
0.0049,55.89583036266661,0.9494178254739769,0.9494178254739769,0.975,0.98
0.005,56.33263601724439,0.9472512073657023,0.9472512073657023,0.975,0.98
0.0051,56.75488148333624,0.9451274911704091,0.9451274911704091,0.975,0.98
0.005200000000000001,57.16305210055837,0.9430458273733026,0.9430458273733026,0.975,0.98
0.0053,57.55761703053975,0.9410053832811082,0.9410053832811082,0.975,0.98
0.0054,57.93902979618843,0.9390053426889825,0.9390053426889825,0.975,0.98
0.0055000000000000005,58.30772880298215,0.9370449055540213,0.9370449055540213,0.975,0.98
0.0056,58.664137842882745,0.9351232876752311,0.9351232876752311,0.975,0.98
0.0057,59.00866658145332,0.9332397203798384,0.9332397203798384,0.975,0.98
0.0058000000000000005,59.34171102873821,0.9313934502158103,0.9313934502158103,0.975,0.98
0.0059,59.66365399444693,0.9295837386504643,0.9295837386504643,0.975,0.98
0.006,57.83790900622624,0.9278098617750442,0.9278098617750442,0.975,0.98
0.0061,56.073022184279566,0.926071110015148,0.926071110015148,0.975,0.98
0.006200000000000001,54.36696492306445,0.9243667878468877,0.9243667878468877,0.975,0.98
0.0063,52.71777623722318,0.9226962135186718,0.9226962135186718,0.975,0.98
0.0064,51.123560507576606,0.9210587187784943,0.9210587187784943,0.975,0.98
0.006500000000000001,49.58248530225159,0.9194536486066255,0.9194536486066255,0.975,0.98
0.0066,48.09277927043741,0.9178803609535955,0.9178803609535955,0.975,0.98
0.0067,46.65273010635036,0.9163382264833655,0.9163382264833655,0.975,0.98
0.0068000000000000005,45.26068258106622,0.9148266283215855,0.9148266283215855,0.975,0.98
0.006900000000000001,43.91503663995821,0.9133449618088357,0.9133449618088357,0.975,0.98
0.007,42.61424556355381,0.9118926342587554,0.9118926342587554,0.975,0.98
0.0071,41.356814189696216,0.9104690647209599,0.9104690647209599,0.975,0.98
0.007200000000000001,40.141297194967215,0.9090736837486527,0.9090736837486527,0.975,0.98
0.0073,38.96629743339584,0.9077059331708398,0.9077059331708398,0.975,0.98
0.0074,37.83046433054351,0.906365265869053,0.906365265869053,0.975,0.98
0.007500000000000001,36.7324923311196,0.9050511455584959,0.9050511455584959,0.975,0.98
0.0076,35.67111939834315,0.9037630465735222,0.9037630465735222,0.975,0.98
0.0077,34.64512556332591,0.9025004536573633,0.9025004536573633,0.975,0.98
0.0078000000000000005,33.65333152280925,0.9012628617560179,0.9012628617560179,0.975,0.98
0.0079,32.69459728364315,0.9000497758162239,0.9000497758162239,0.975,0.98
0.008,31.767820852449248,0.8988607105874308,0.8988607105874308,0.975,0.98
0.0081,30.871936968961812,0.8976951904276925,0.8976951904276925,0.975,0.98
0.0082,30.00591588159062,0.8965527491134049,0.8965527491134049,0.975,0.98
0.0083,29.168762163798466,0.8954329296528092,0.8954329296528092,0.975,0.98
0.008400000000000001,28.359513569932723,0.8943352841031902,0.8943352841031902,0.975,0.98
0.0085,27.577239929195834,0.8932593733916927,0.8932593733916927,0.975,0.98
0.0086,26.82104207648351,0.8922047671396863,0.8922047671396863,0.975,0.98
0.008700000000000001,26.090050818861595,0.8911710434906086,0.8911710434906086,0.975,0.98
0.0088,25.383425936493747,0.8901577889412169,0.8901577889412169,0.975,0.98
0.0089,24.700355216871493,0.889164598176181,0.889164598176181,0.975,0.98
0.009000000000000001,24.040053521236644,0.8881910739059523,0.8881910739059523,0.975,0.98
0.0091,23.40176188212296,0.8872368267078423,0.8872368267078423,0.975,0.98
0.0092,22.784746630979733,0.8863014748702481,0.8863014748702481,0.975,0.98
0.009300000000000001,22.18829855487461,0.8853846442399632,0.8853846442399632,0.975,0.98
0.0094,21.61173208130633,0.884485968072511,0.884485968072511,0.975,0.98
0.0095,21.05438449019032,0.883605086885442,0.883605086885442,0.975,0.98
0.009600000000000001,20.51561515211151,0.882741648314536,0.882741648314536,0.975,0.98
0.0097,19.99480479196866,0.8818953069728521,0.8818953069728521,0.975,0.98
0.0098,19.49135477716391,0.8810657243125689,0.8810657243125689,0.975,0.98
0.0099,19.004686429519314,0.880252568489561,0.880252568489561,0.975,0.98
0.01,18.53424036012954,0.879455514230657,0.879455514230657,0.975,0.98
0.010100000000000001,18.079475826386094,0.8786742427035258,0.8786742427035258,0.975,0.98
0.0102,17.639870110434096,0.8779084413891395,0.8779084413891395,0.975,0.98
0.0103,17.21491791834716,0.8771578039567614,0.8771578039567614,0.975,0.98
0.010400000000000001,16.80413079932979,0.8764220301414101,0.8764220301414101,0.975,0.98
0.0105,16.407036584279666,0.8757008256237487,0.8757008256237487,0.975,0.98
0.0106,16.02317884306455,0.8749939019123544,0.8749939019123544,0.975,0.98
0.010700000000000001,15.652116359889932,0.8743009762283165,0.8743009762283165,0.975,0.98
0.0108,15.293422626154472,0.8736217713921224,0.8736217713921224,0.975,0.98
0.0109,14.946685350210194,0.8729560157127814,0.8729560157127814,0.975,0.98
0.011000000000000001,14.611505983464056,0.8723034428791449,0.8723034428791449,0.975,0.98
0.0111,14.287499262276123,0.8716637918533783,0.8716637918533783,0.975,0.98
0.0112,13.974292765127789,0.8710368067665427,0.8710368067665427,0.975,0.98
0.011300000000000001,13.671526484551066,0.8704222368162433,0.8704222368162433,0.975,0.98
0.0114,13.3788524133269,0.8698198361663056,0.8698198361663056,0.975,0.98
0.0115,13.095934144476873,0.8692293638484375,0.8692293638484375,0.975,0.98
0.011600000000000001,12.822446484588513,0.8686505836658389,0.8686505836658389,0.975,0.98
0.0117,12.558075080029765,0.8680832640987195,0.8680832640987195,0.975,0.98
0.0118,12.302516055622975,0.867527178211688,0.867527178211688,0.975,0.98
0.0119,12.05547566536308,0.8669821035629752,0.8669821035629752,0.975,0.98
0.012,11.816669954778513,0.8664478221154538,0.8664478221154538,0.975,0.98
0.012100000000000001,11.585824434546767,0.8659241201494209,0.8659241201494209,0.975,0.98
0.0122,11.362673764989411,0.8654107881771074,0.8654107881771074,0.975,0.98
0.0123,11.146961451083968,0.8649076208588795,0.8649076208588795,0.975,0.98
0.012400000000000001,10.938439547642037,0.8644144169211014,0.8644144169211014,0.975,0.98
0.0125,10.73686837431484,0.8639309790756216,0.8639309790756216,0.975,0.98
0.0126,10.542016240098548,0.863457113940856,0.863457113940856,0.975,0.98
0.012700000000000001,10.353659177022799,0.8629926319644324,0.8629926319644324,0.975,0.98
0.0128,10.171580682716241,0.8625373473473672,0.8625373473473672,0.975,0.98
0.0129,9.995571471553236,0.8620910779697428,0.8620910779697428,0.975,0.98
0.013000000000000001,9.825429234095663,0.861653645317858,0.861653645317858,0.975,0.98
0.0131,9.660958404553345,0.8612248744128195,0.8612248744128195,0.975,0.98
0.0132,9.50196993599577,0.8608045937405482,0.8608045937405482,0.975,0.98
0.013300000000000001,9.348281083056781,0.8603926351831713,0.8603926351831713,0.975,0.98
0.0134,9.199715191882426,0.8599888339517732,0.8599888339517732,0.975,0.98
0.0135,9.056101497080547,0.8595930285204771,0.8595930285204771,0.975,0.98
0.013600000000000001,8.917274925438733,0.8592050605618331,0.8592050605618331,0.975,0.98
0.0137,8.783075906184978,0.8588247748834846,0.8588247748834846,0.975,0.98
0.013800000000000002,8.653350187573016,0.8584520193660901,0.8584520193660901,0.975,0.98
0.013900000000000001,8.527948659581453,0.858086644902472,0.858086644902472,0.975,0.98
0.014,8.40672718252294,0.8577285053379734,0.8577285053379734,0.975,0.98
0.014100000000000001,8.289546421366378,0.8573774574119932,0.8573774574119932,0.975,0.98
0.0142,8.176271685581701,0.8570333607006804,0.8570333607006804,0.975,0.98
0.0143,8.06677277432318,0.8566960775607624,0.8566960775607624,0.975,0.98
0.014400000000000001,7.9609238267732785,0.856365473074486,0.856365473074486,0.975,0.98
0.0145,7.858603177475038,0.8560414149956486,0.8560414149956486,0.975,0.98
0.0146,7.759693216486739,0.8557237736966978,0.8557237736966978,0.975,0.98
0.014700000000000001,7.664080254198051,0.8554124221168788,0.8554124221168788,0.975,0.98
0.0148,7.571654390652319,0.8551072357114083,0.8551072357114083,0.975,0.98
0.0149,7.482309389224778,0.8548080924016549,0.8548080924016549,0.975,0.98
0.015000000000000001,7.395942554511488,0.854514872526306,0.854514872526306,0.975,0.98
0.0151,7.312454614288641,0.8542274587935018,0.8542274587935018,0.975,0.98
0.0152,7.231749605406556,0.853945736233917,0.853945736233917,0.975,0.98
0.015300000000000001,7.153734763487207,0.8536695921547715,0.8536695921547715,0.975,0.98
0.0154,7.078320416298503,0.8533989160947514,0.8533989160947514,0.975,0.98
0.0155,7.005419880682756,0.8531335997798238,0.8531335997798238,0.975,0.98
0.015600000000000001,6.934949362920867,0.8528735370799252,0.8528735370799252,0.975,0.98
0.015700000000000002,6.866827862417709,0.852618623966508,0.852618623966508,0.975,0.98
0.0158,6.800977078597987,0.852368758470928,0.852368758470928,0.975,0.98
0.0159,6.737321320905591,0.8521238406436553,0.8521238406436553,0.975,0.98
0.016,6.67578742180294,0.8518837725142934,0.8518837725142934,0.975,0.98
0.0161,6.616304652670379,0.8516484580523896,0.8516484580523896,0.975,0.98
0.0162,6.558804642508902,0.8514178031290218,0.8514178031290218,0.975,0.98
0.016300000000000002,6.503221299352808,0.8511917154791449,0.8511917154791449,0.975,0.98
0.0164,6.449490734301918,0.8509701046646845,0.8509701046646845,0.975,0.98
0.0165,6.397551188086057,0.85075288203836,0.85075288203836,0.975,0.98
0.0166,6.34734296007739,0.8505399607082245,0.8505399607082245,0.975,0.98
0.0167,6.298808339669014,0.850331255502907,0.850331255502907,0.975,0.98
0.016800000000000002,6.2518915399409165,0.8501266829375425,0.8501266829375425,0.975,0.98
0.016900000000000002,6.206538633537089,0.8499261611803773,0.8499261611803773,0.975,0.98
0.017,6.162697490680055,0.8497296100200349,0.8497296100200349,0.975,0.98
0.0171,6.12031771925159,0.8495369508334303,0.8495369508334303,0.975,0.98
0.0172,6.079350606870739,0.8493481065543201,0.8493481065543201,0.975,0.98
0.0173,6.039749064902584,0.8491630016424747,0.8491630016424747,0.975,0.98
0.017400000000000002,6.001467574333367,0.8489815620534613,0.8489815620534613,0.975,0.98
0.0175,5.964462133449792,0.8488037152090251,0.8488037152090251,0.975,0.98
0.0176,5.928690207262334,0.8486293899680569,0.8486293899680569,0.975,0.98
0.0177,5.894110678614459,0.8484585165981361,0.8484585165981361,0.975,0.98
0.0178,5.860683800921514,0.8482910267476361,0.8482910267476361,0.975,0.98
0.0179,5.8283711524849995,0.8481268534183838,0.8481268534183838,0.975,0.98
0.018000000000000002,5.732036650746399,0.94,0.94,0.975,0.98
0.0181,5.637294418268356,0.9403324091197062,0.9403324091197062,0.9750998002664002,0.9800798402131202
0.0182,5.544118137154869,0.9406629766423646,0.9406629766423646,0.9751992021290735,0.9801593617032588
0.0183,5.452481924506498,0.9409917127707029,0.9409917127707029,0.9752982071784517,0.9802385657427614
0.0184,5.362360325230496,0.9413186276509239,0.9413186276509239,0.9753968169986179,0.9803174535988943
0.018500000000000003,5.273728304969797,0.941643731373019,0.941643731373019,0.9754950331673311,0.9803960265338649
0.018600000000000002,5.18656124314886,0.9419670339710796,0.9419670339710796,0.9755928572560523,0.9804742858048419
0.0187,5.100834926134466,0.9422885454236065,0.9422885454236065,0.9756902908299688,0.9805522326639751
0.0188,5.016525540509546,0.9426082756538182,0.9426082756538182,0.9757873354480201,0.980629868358416
0.0189,4.9336096664581985,0.9429262345299572,0.9429262345299572,0.9758839926629219,0.9807071941303376
0.019,4.852064271260029,0.943242431865594,0.943242431865594,0.9759802640211919,0.9807842112169536
0.019100000000000002,4.771866702892028,0.9435568774199311,0.9435568774199311,0.9760761510631738,0.9808609208505391
0.019200000000000002,4.692994683736191,0.9438695808981029,0.9438695808981029,0.9761716553230624,0.9809373242584499
0.0193,4.615426304391154,0.9441805519514762,0.9441805519514762,0.9762667783289277,0.9810134226631422
0.0194,4.539140017586104,0.9444898001779478,0.9444898001779478,0.9763615216027401,0.9810892172821921
0.0195,4.464114632195288,0.9447973351222405,0.9447973351222405,0.9764558866603937,0.981164709328315
0.0196,4.390329307351454,0.9451031662761981,0.9451031662761981,0.9765498750117317,0.9812399000093854
0.019700000000000002,4.31776354665659,0.9454073030790778,0.9454073030790778,0.9766434881605697,0.9813147905284557
0.0198,4.24639719248834,0.9457097549178424,0.9457097549178424,0.9767367276047199,0.9813893820837759
0.0199,4.176210420400543,0.9460105311274489,0.9460105311274489,0.9768295948360155,0.9814636758688123
0.02,4.10718373361631,0.9463096409911378,0.9463096409911378,0.9769220913403341,0.9815376730722672
0.0201,4.039297957612131,0.9466070937407185,0.9466070937407185,0.9770142185976218,0.9816113748780975
0.020200000000000003,3.972534234791493,0.9469028985568553,0.9469028985568553,0.9771059780819169,0.9816847824655335
0.020300000000000002,3.906874019246536,0.9471970645693497,0.9471970645693497,0.9771973712613727,0.9817578970090982
0.0204,3.842299071606297,0.9474896008574231,0.9474896008574231,0.9772883995982824,0.9818307196786259
0.0205,3.778791453970096,0.9477805164499965,0.9477805164499965,0.9773790645491011,0.9819032516392808
0.0206,3.716333524924674,0.9480698203259693,0.9480698203259693,0.9774693675644699,0.9819754940515759
0.0207,3.6549079346436852,0.9483575214144965,0.9483575214144965,0.9775593100892391,0.9820474480713913
0.020800000000000003,3.59449762006819,0.9486436285952641,0.9486436285952641,0.9776488935624911,0.9821191148499928
0.020900000000000002,3.535085800166807,0.9489281506987632,0.9489281506987632,0.9777381194175632,0.9821904955340506
0.021,3.4766559712742056,0.9492110965065631,0.9492110965065631,0.9778269890820711,0.9822615912656568
0.0211,3.4191919025066504,0.9494924747515814,0.9494924747515814,0.9779155039779313,0.9823324031823449
0.0212,3.3626776312533173,0.9497722941183542,0.9497722941183542,0.978003665521384,0.9824029324171071
0.0213,3.3070974587421333,0.9500505632433038,0.9500505632433038,0.9780914751230156,0.9824731800984126
0.021400000000000002,3.2524359456789025,0.9503272907150057,0.9503272907150057,0.978178934187782,0.9825431473502256
0.021500000000000002,3.1986779079585177,0.9506024850744531,0.9506024850744531,0.9782660441150298,0.9826128352920239
0.0216,3.1458084124470536,0.9508761548153211,0.9508761548153211,0.9783528062985198,0.9826822450388158
0.0217,3.0938127728335783,0.951148308384228,0.951148308384228,0.9784392221264488,0.9827513777011591
0.0218,3.042676545550529,0.9514189541809974,0.9514189541809974,0.978525292981472,0.9828202343851775
0.0219,2.9923855257615157,0.9516881005589157,0.9516881005589157,0.9786110202407245,0.9828888161925796
0.022000000000000002,2.9429257434154428,0.9519557558249915,0.9519557558249915,0.9786964052758447,0.9829571242206758
0.0221,2.89428345936585,0.9522219282402109,0.9522219282402109,0.9787814494529948,0.9830251595623959
0.0222,2.8464451615543926,0.9524866260197931,0.9524866260197931,0.9788661541328836,0.9830929233063068
0.0223,2.799397561257407,0.9527498573334436,0.9527498573334436,0.9789505206707875,0.98316041653663
0.0224,2.7531275893945124,0.9530116303056066,0.9530116303056066,0.9790345504165732,0.9832276403332585
0.022500000000000003,2.707622392898226,0.9532719530157157,0.9532719530157157,0.9791182447147182,0.9832945957717746
0.022600000000000002,2.6628693311435856,0.9535308334984429,0.9535308334984429,0.9792016049043332,0.9833612839234666
0.0227,2.61885597243678,0.9537882797439473,0.9537882797439473,0.979284632319183,0.9834277058553464
0.0228,2.575570090561826,0.954044299698121,0.954044299698121,0.9793673282877079,0.9834938626301664
0.0229,2.532999661384314,0.9542989012628349,0.9542989012628349,0.9794496941330453,0.9835597553064362
0.023,2.4911328595112963,0.954552092296182,0.954552092296182,0.9795317311730505,0.9836253849384403
0.023100000000000002,2.4499580550063778,0.9548038806127206,0.9548038806127206,0.9796134407203176,0.9836907525762542
0.023200000000000002,2.409463810159105,0.9550542739837149,0.9550542739837149,0.9796948240822015,0.9837558592657613
0.0233,2.3696388763077487,0.9553032801373754,0.9553032801373754,0.9797758825608375,0.98382070604867
0.0234,2.3304721907146058,0.9555509067590969,0.9555509067590969,0.979856617453163,0.9838852939625304
0.0235,2.291952873492943,0.955797161491696,0.955797161491696,0.979937030050938,0.9839496240407505
0.0236,2.254070224584739,0.956042051935647,0.956042051935647,0.9800171216407658,0.9840136973126127
0.023700000000000002,2.2168137207883727,0.9562855856493164,0.9562855856493164,0.9800968935041137,0.984077514803291
0.0238,2.1801730128354504,0.9565277701491961,0.9565277701491961,0.9801763469173329,0.9841410775338664
0.0239,2.1441379225159363,0.9567686129101356,0.9567686129101356,0.9802554831516799,0.9842043865213439
0.024,2.1086984398508104,0.9570081213655726,0.9570081213655726,0.9803343034733362,0.984267442778669
0.0241,2.073844720311453,0.9572463029077624,0.9572463029077624,0.9804128091434284,0.9843302473147427
0.024200000000000003,2.0395670820849903,0.957483164888006,0.957483164888006,0.9804910014180491,0.9843928011344393
0.024300000000000002,2.0058560033848396,0.9577187146168772,0.9577187146168772,0.9805688815482764,0.9844551052386211
0.0244,1.9727021198057075,0.957952959364448,0.957952959364448,0.9806464507801937,0.9845171606241551
0.0245,1.940096221722306,0.9581859063605133,0.9581859063605133,0.9807237103549108,0.9845789682839287
0.0246,1.9080292517310633,0.9584175627948135,0.9584175627948135,0.9808006615085824,0.9846405292068658
0.0247,1.876492302134122,0.958647935817257,0.958647935817257,0.9808773054724284,0.9847018443779427
0.024800000000000003,1.845476612464919,0.9588770325381407,0.9588770325381407,0.980953643472754,0.9847629147782032
0.024900000000000002,1.8149735670546674,0.959104860028369,0.959104860028369,0.981029676730969,0.9848237413847751
0.025,1.7849746926390608,0.959331425319673,0.959331425319673,0.9811054064636069,0.9848843251708855
0.0251,1.755471656004532,0.9595567354048261,0.9595567354048261,0.9811808338823451,0.984944667105876
0.0252,1.7264562616734194,0.9597807972378616,0.9597807972378616,0.981255960194024,0.9850047681552192
0.0253,1.6979204496273927,0.9600036177342857,0.9600036177342857,0.9813307866006661,0.9850646292805328
0.025400000000000002,1.6698562930685064,0.9602252037712921,0.9602252037712921,0.9814053142994955,0.9851242514395964
0.025500000000000002,1.642255996217261,0.9604455621879733,0.9604455621879733,0.981479544482957,0.9851836355863657
0.0256,1.6151118921470584,0.9606646997855328,0.9606646997855328,0.9815534783387352,0.9852427826709882
0.0257,1.588416440654451,0.960882623327494,0.960882623327494,0.9816271170497732,0.9853016936398187
0.0258,1.5621622261645918,0.9610993395399093,0.9610993395399093,0.9817004617942922,0.9853603694354337
0.025900000000000003,1.5363419556713056,0.9613148551115682,0.9613148551115682,0.9817735137458095,0.9854188109966475
0.026000000000000002,1.5109484567112061,0.9615291766942027,0.9615291766942027,0.9818462740731577,0.9854770192585262
0.0261,1.485974675371299,0.9617423109026936,0.9617423109026936,0.9819187439405039,0.9855349951524032
0.0262,1.4614136743295176,0.9619542643152741,0.9619542643152741,0.9819909245073675,0.985592739605894
0.0263,1.4372586309276425,0.962165043473733,0.962165043473733,0.982062816928639,0.9856502535429111
0.0264,1.4135028352760761,0.9623746548836166,0.9623746548836166,0.9821344223545986,0.9857075378836788
0.026500000000000003,1.390139688389941,0.9625831050144296,0.9625831050144296,0.9822057419309348,0.9857645935447478
0.026600000000000002,1.3671627003559856,0.9627904002998344,0.9627904002998344,0.9822767767987622,0.9858214214390097
0.0267,1.3445654885297895,0.9629965471378503,0.9629965471378503,0.9823475280946404,0.9858780224757123
0.0268,1.3223417757627653,0.9632015518910503,0.9632015518910503,0.9824179969505915,0.9859343975604732
0.0269,1.300485388658466,0.9634054208867577,0.9634054208867577,0.9824881844941187,0.9859905475952949
0.027,1.2789902558577129,0.963608160417242,0.963608160417242,0.9825580918482242,0.9860464734785794
0.027100000000000003,1.2578504063520672,0.9638097767399119,0.9638097767399119,0.9826277201314272,0.9861021761051418
0.027200000000000002,1.23705996782518,0.9640102760775094,0.9640102760775094,0.9826970704577818,0.9861576563662254
0.0273,1.216613165021553,0.9642096646183018,0.9642096646183018,0.9827661439368944,0.9862129151495156
0.0274,1.196504318142266,0.9644079485162722,0.9644079485162722,0.9828349416739425,0.986267953339154
0.0275,1.1767278412672175,0.9646051338913095,0.9646051338913095,0.9829034647696911,0.9863227718157529
0.027600000000000003,1.157278240803444,0.9648012268293981,0.9648012268293981,0.9829717143205113,0.986377371456409
0.027700000000000002,1.138150113959087,0.9649962333828044,0.9649962333828044,0.9830396914183974,0.9864317531347179
0.027800000000000002,1.1193381472425832,0.9651901595702648,0.9651901595702648,0.9831073971509844,0.9864859177207875
0.0279,1.100837114986659,0.9653830113771708,0.9653830113771708,0.9831748326015654,0.9865398660812523
0.028,1.0826418778967246,0.965574794755754,0.965574794755754,0.983241998849109,0.9865935990792872
0.0281,1.0647473816232578,0.9657655156252697,0.9657655156252697,0.9833088969682767,0.9866471175746214
0.028200000000000003,1.0471486553577858,0.9659551798721797,0.9659551798721797,0.98337552802944,0.9867004224235519
0.028300000000000002,1.0298408104520735,0.9661437933503338,0.9661437933503338,0.9834418930986969,0.9867535144789575
0.0284,1.0128190390601337,0.9663313618811505,0.9663313618811505,0.9835079932378903,0.9868063945903123
0.0285,0.9960786128026832,0.9665178912537972,0.9665178912537972,0.9835738295046236,0.9868590636036989
0.0286,0.9796148814536749,0.9667033872253676,0.9667033872253676,0.9836394029522786,0.9869115223618228
0.0287,0.9634232716485371,0.9668878555210613,0.9668878555210613,0.9837047146300317,0.9869637717040254
0.028800000000000003,0.9474992856137658,0.9670713018343584,0.9670713018343584,0.9837697655828713,0.9870158124662971
0.028900000000000002,0.9318384999175143,0.9672537318271969,0.9672537318271969,0.983834556851614,0.9870676454812912
0.029,0.9164365642408331,0.9674351511301467,0.9674351511301467,0.9838990894729215,0.9871192715783371
0.0291,0.9012892001692202,0.9676155653425832,0.9676155653425832,0.983963364479317,0.9871706915834536
0.0292,0.8863922000041459,0.9677949800328608,0.9677949800328608,0.9840273828992021,0.9872219063193617
0.029300000000000003,0.8717414255942192,0.967973400738484,0.967973400738484,0.9840911457568728,0.9872729166054982
0.029400000000000003,0.8573328071856762,0.9681508329662791,0.9681508329662791,0.9841546540725363,0.987323723258029
0.029500000000000002,0.8431623422918655,0.9683272821925634,0.9683272821925634,0.9842179088623269,0.9873743270898615
0.0296,0.8292260945814212,0.9685027538633145,0.9685027538633145,0.9842809111383225,0.987424728910658
0.0297,0.8155201927848124,0.968677253394339,0.968677253394339,0.9843436619085612,0.9874749295268489
0.0298,0.8020408296189652,0.9688507861714385,0.9688507861714385,0.9844061621770562,0.987524929741645
0.029900000000000003,0.7887842607296599,0.9690233575505767,0.9690233575505767,0.9844684129438135,0.9875747303550507
0.030000000000000002,0.7757468036514085,0.9691949728580445,0.9691949728580445,0.9845304152048465,0.9876243321638772
0.030100000000000002,0.7629248367845235,0.9693656373906242,0.9693656373906242,0.9845921699521928,0.9876737359617542
0.0302,0.7503147983890954,0.9695353564157532,0.9695353564157532,0.9846536781739296,0.9877229425391436
0.0303,0.7379131855955975,0.9697041351716865,0.9697041351716865,0.9847149408541898,0.9877719526833518
0.0304,0.7257165534318433,0.9698719788676585,0.9698719788676585,0.9847759589731776,0.9878207671785421
0.030500000000000003,0.7137215138660284,0.9700388926840434,0.9700388926840434,0.9848367335071841,0.9878693868057473
0.030600000000000002,0.7019247348655887,0.9702048817725154,0.9702048817725154,0.9848972654286033,0.9879178123428827
0.0307,0.6903229394716139,0.9703699512562077,0.9703699512562077,0.9849575557059472,0.9879660445647578
0.0308,0.6789129048885607,0.9705341062298707,0.9705341062298707,0.9850176053038615,0.9880140842430892
0.0309,0.6676914615890103,0.9706973517600287,0.9706973517600287,0.9850774151831411,0.9880619321465128
0.031,0.6566554924332246,0.9708596928851372,0.9708596928851372,0.9851369863007451,0.9881095890405961
0.031100000000000003,0.6458019318032535,0.9710211346157376,0.9710211346157376,0.985196319609813,0.9881570556878504
0.031200000000000002,0.6351277647513548,0.971181681934612,0.971181681934612,0.9852554160596787,0.988204332847743
0.0313,0.6246300261624891,0.9713413397969375,0.9713413397969375,0.9853142765958869,0.9882514212767095
0.031400000000000004,0.6143057999306581,0.9715001131304385,0.9715001131304385,0.9853729021602073,0.9882983217281659
0.0315,0.604152218148856,0.971658006835539,0.971658006835539,0.9854312936906503,0.9883450349525202
0.0316,0.5941664603124104,0.9718150257855144,0.9718150257855144,0.9854894521214814,0.9883915616971851
0.0317,0.5843457525354906,0.9719711748266406,0.9719711748266406,0.985547378383237,0.9884379027065896
0.0318,0.5746873667805661,0.9721264587783452,0.9721264587783452,0.9856050734027384,0.9884840587221907
0.031900000000000005,0.5651886201006004,0.972280882433355,0.972280882433355,0.9856625381031071,0.9885300304824857
0.032,0.5558468738937714,0.9724344505578444,0.9724344505578444,0.9857197734037796,0.9885758187230237
0.032100000000000004,0.5466595331705086,0.9725871678915824,0.9725871678915824,0.985776780220522,0.9886214241764175
0.0322,0.5376240458326469,0.9727390391480794,0.9727390391480794,0.9858335594654444,0.9886668475723555
0.0323,0.5287379019644932,0.9728900690147315,0.9728900690147315,0.985890112047016,0.9887120896376128
0.0324,0.5199986331356119,0.9730402621529667,0.9730402621529667,0.9859464388700795,0.9887571510960635
0.0325,0.5114038117151343,0.9731896231983874,0.9731896231983874,0.9860025408358649,0.9888020326686919
0.032600000000000004,0.5029510501973998,0.9733381567609143,0.9733381567609143,0.9860584188420052,0.9888467350736042
0.0327,0.4946380005387461,0.9734858674249285,0.9734858674249285,0.9861140737825496,0.9888912590260396
0.0328,0.4864623535052586,0.9736327597494127,0.9736327597494127,0.9861695065479782,0.9889356052383825
0.0329,0.47842183803130234,0.9737788382680923,0.9737788382680923,0.9862247180252165,0.9889797744201732
0.033,0.47051422058865533,0.9739241074895753,0.9739241074895753,0.9862797090976494,0.9890237672781195
0.033100000000000004,0.4627373045660701,0.974068571897491,0.974068571897491,0.9863344806451351,0.9890675845161081
0.0332,0.45508892965908954,0.974212235950629,0.974212235950629,0.9863890335440195,0.9891112268352157
0.0333,0.4475669712699486,0.9743551040830764,0.9743551040830764,0.9864433686671504,0.9891546949337203
0.0334,0.4401693399173945,0.9744971807043548,0.9744971807043548,0.9864974868838907,0.9891979895071126
0.0335,0.4328939806562617,0.9746384701995563,0.9746384701995563,0.9865513890601332,0.9892411112481065
0.033600000000000005,0.4257388725066409,0.974778976929479,0.974778976929479,0.9866050760583136,0.9892840608466509
0.0337,0.41870202789248234,0.9749187052307617,0.9749187052307617,0.9866585487374252,0.9893268389899402
0.033800000000000004,0.41178149208947906,0.9750576594160173,0.9750576594160173,0.986711807953032,0.9893694463624256
0.0339,0.4049753426820748,0.9751958437739662,0.9751958437739662,0.9867648545572827,0.9894118836458261
0.034,0.3982816890294479,0.9753332625695688,0.9753332625695688,0.9868176893989238,0.9894541515191391
0.0341,0.39169867174032047,0.9754699200441566,0.9754699200441566,0.9868703133233141,0.9894962506586513
0.0342,0.3852244621564495,0.975605820415564,0.975605820415564,0.9869227271724375,0.9895381817379499
0.034300000000000004,0.37885726184465407,0.9757409678782576,0.9757409678782576,0.9869749317849167,0.9895799454279333
0.0344,0.3725953020972392,0.9758753666034662,0.9758753666034662,0.9870269279960265,0.9896215423968212
0.0345,0.3664368434406766,0.9760090207393091,0.9760090207393091,0.9870787166377075,0.9896629733101661
0.0346,0.3603801751524067,0.9761419344109247,0.9761419344109247,0.9871302985385791,0.9897042388308632
0.0347,0.35442361478562656,0.9762741117205973,0.9762741117205973,0.9871816745239528,0.9897453396191622
0.034800000000000005,0.34856550770193306,0.9764055567478841,0.9764055567478841,0.9872328454158453,0.9897862763326762
0.0349,0.34280422661169035,0.9765362735497406,0.9765362735497406,0.9872838120329922,0.9898270496263937
0.035,0.33713817112199435,0.9766662661606466,0.9766662661606466,0.9873345751908602,0.9898676601526882
0.0351,0.331565767292109,0.9767955385927298,0.9767955385927298,0.9873851357016612,0.9899081085613289
0.0352,0.32608546719625053,0.9769240948358907,0.9769240948358907,0.9874354943743643,0.9899483954994914
0.035300000000000005,0.3206957484935979,0.9770519388579244,0.9770519388579244,0.9874856520147093,0.9899885216117674
0.0354,0.3153951140054105,0.9771790746046445,0.9771790746046445,0.9875356094252196,0.9900284875401757
0.035500000000000004,0.3101820912991358,0.9773055060000037,0.9773055060000037,0.9875853674052147,0.9900682939241718
0.0356,0.3050552322793908,0.9774312369462156,0.9774312369462156,0.9876349267508235,0.9901079414006588
0.0357,0.3000131127857037,0.977556271323875,0.977556271323875,0.9876842882549967,0.9901474306039972
0.0358,0.2950543321969049,0.9776806129920775,0.9776806129920775,0.987733452707519,0.9901867621660152
0.0359,0.2901775130420565,0.977804265788539,0.977804265788539,0.987782420895023,0.9902259367160184
0.036000000000000004,0.2853813006178127,0.9779272335297134,0.9779272335297134,0.9878311936010007,0.9902649548808006
0.0361,0.28066436261210437,0.9780495200109112,0.9780495200109112,0.9878797716058164,0.9903038172846531
0.0362,0.27602538873404386,0.9781711290064162,0.9781711290064162,0.9879281556867192,0.9903425245493754
0.0363,0.27146309034994726,0.9782920642696022,0.9782920642696022,0.9879763466178555,0.9903810772942845
0.0364,0.26697620012537177,0.9784123295330486,0.9784123295330486,0.9880243451702813,0.9904194761362249
0.036500000000000005,0.2625634716730705,0.9785319285086557,0.9785319285086557,0.9880721521119742,0.9904577216895794
0.0366,0.25822367920676564,0.9786508648877594,0.9786508648877594,0.9881197682078464,0.9904958145662771
0.0367,0.2539556172006448,0.9787691423412452,0.9787691423412452,0.9881671942197565,0.9905337553758052
0.0368,0.24975810005448432,0.9788867645196612,0.9788867645196612,0.9882144309065217,0.9905715447252174
0.0369,0.24562996176430868,0.9790037350533306,0.9790037350533306,0.98826147902393,0.990609183219144
0.037000000000000005,0.24157005559849298,0.9791200575524647,0.9791200575524647,0.9883083393247523,0.9906466714598018
0.0371,0.23757725377921887,0.979235735607273,0.979235735607273,0.9883550125587542,0.9906840100470035
0.037200000000000004,0.23365044716919575,0.9793507727880753,0.9793507727880753,0.9884014994727088,0.9907211995781671
0.0373,0.22978854496356,0.9794651726454107,0.9794651726454107,0.9884478008104075,0.990758240648326
0.0374,0.22599047438686645,0.9795789387101483,0.9795789387101483,0.9884939173126727,0.9907951338501382
0.0375,0.22225518039508857,0.9796920744935954,0.9796920744935954,0.9885398497173694,0.9908318797738955
0.0376,0.21858162538254358,0.9798045834876061,0.9798045834876061,0.9885855987594171,0.9908684790075337
0.037700000000000004,0.21496878889366233,0.9799164691646892,0.9799164691646892,0.9886311651708015,0.9909049321366412
0.0378,0.21141566733952247,0.9800277349781151,0.9800277349781151,0.988676549680586,0.9909412397444688
0.0379,0.2079212737190676,0.9801383843620229,0.9801383843620229,0.9887217530149239,0.9909774024119391
0.038,0.2044846373449339,0.9802484207315256,0.9802484207315256,0.9887667758970694,0.9910134207176555
0.0381,0.20110480357380836,0.9803578474828163,0.9803578474828163,0.9888116190473897,0.9910492952379117
0.038200000000000005,0.19778083354124412,0.9804666679932725,0.9804666679932725,0.988856283183376,0.9910850265467008
0.0383,0.1945118039008587,0.9805748856215606,0.9805748856215606,0.9889007690196555,0.9911206152157244
0.038400000000000004,0.19129680656784287,0.9806825037077394,0.9806825037077394,0.9889450772680025,0.9911560618144021
0.0385,0.18813494846670917,0.9807895255733634,0.9807895255733634,0.9889892086373501,0.99119136690988
0.0386,0.18502535128320957,0.980895954521585,0.980895954521585,0.9890331638338008,0.9912265310670406
0.038700000000000005,0.1819671512203536,0.9810017938372567,0.9810017938372567,0.989076943560639,0.9912615548485112
0.0388,0.17895949875845926,0.9811070467870326,0.9811070467870326,0.9891205485183411,0.9912964388146729
0.038900000000000004,0.17600155841916987,0.9812117166194689,0.9812117166194689,0.9891639794045874,0.9913311835236699
0.039,0.17309250853337133,0.9813158065651241,0.9813158065651241,0.989207236914273,0.9913657895314184
0.0391,0.17023154101294544,0.9814193198366592,0.9814193198366592,0.989250321739519,0.9914002573916152
0.0392,0.16741786112629575,0.9815222596289365,0.9815222596289365,0.9892932345696835,0.9914345876557468
0.0393,0.16465068727758372,0.9816246291191183,0.9816246291191183,0.9893359760913727,0.9914687808730982
0.039400000000000004,0.1619292507896138,0.9817264314667647,0.9817264314667647,0.9893785469884518,0.9915028375907615
0.0395,0.15925279569030676,0.9818276698139318,0.9818276698139318,0.9894209479420563,0.9915367583536451
0.0396,0.156620578502703,0.9819283472852678,0.9819283472852678,0.989463179630602,0.9915705437044816
0.0397,0.1540318680384361,0.9820284669881102,0.9820284669881102,0.9895052427297971,0.9916041941838377
0.0398,0.15148594519462028,0.982128032012581,0.982128032012581,0.989547137912652,0.9916377103301216
0.039900000000000005,0.14898210275409507,0.9822270454316829,0.9822270454316829,0.9895888658494905,0.9916710926795924
0.04,0.14651964518897148,0.9823255103013935,0.9823255103013935,0.9896304272079605,0.9917043417663683
0.040100000000000004,0.14409788846742536,0.9824234296607597,0.9824234296607597,0.9896718226530445,0.9917374581224356
0.0402,0.14171615986368408,0.9825208065319917,0.9825208065319917,0.9897130528470708,0.9917704422776565
0.0403,0.13937379777115413,0.9826176439205563,0.9826176439205563,0.989754118449723,0.9918032947597785
0.040400000000000005,0.13707015151863705,0.9827139448152694,0.9827139448152694,0.989795020118052,0.9918360160944415
0.0405,0.13480458118958338,0.9828097121883885,0.9828097121883885,0.989835758506485,0.9918686068051881
0.040600000000000004,0.13257645744433383,0.9829049489957045,0.9829049489957045,0.9898763342668374,0.99190106741347
0.0407,0.1303851613452988,0.9829996581766323,0.9829996581766323,0.9899167480483221,0.9919333984386576
0.0408,0.12823008418502718,0.9830938426543024,0.9830938426543024,0.9899570004975603,0.9919656003980483
0.0409,0.12611062731711709,0.9831875053356507,0.9831875053356507,0.9899970922585923,0.9919976738068739
0.041,0.12402620198992131,0.9832806491115081,0.9832806491115081,0.9900370239728872,0.9920296191783097
0.041100000000000005,0.12197622918300151,0.9833732768566898,0.9833732768566898,0.990076796279353,0.9920614370234824
0.0412,0.1199601394462853,0.9834653914300843,0.9834653914300843,0.9901164098143475,0.992093127851478
0.0413,0.11797737274188216,0.9835569956747411,0.9835569956747411,0.9901558652116883,0.9921246921693506
0.0414,0.11602737828851371,0.9836480924179591,0.9836480924179591,0.9901951631026624,0.9921561304821299
0.0415,0.11410961440851536,0.9837386844713736,0.9837386844713736,0.990234304116037,0.9921874432928296
0.041600000000000005,0.11222354837736678,0.9838287746310425,0.9838287746310425,0.9902732888780691,0.9922186311024552
0.0417,0.11036865627570952,0.9839183656775335,0.9839183656775335,0.9903121180125157,0.9922496944100127
0.041800000000000004,0.10854442284381044,0.9840074603760097,0.9840074603760097,0.9903507921406439,0.9922806337125152
0.0419,0.10675034133843064,0.9840960614763143,0.9840960614763143,0.9903893118812406,0.9923114495049924
0.042,0.1049859133920603,0.9841841717130564,0.9841841717130564,0.9904276778506222,0.9923421422804978
0.042100000000000005,0.10325064887447996,0.9842717938056945,0.9842717938056945,0.9904658906626452,0.9923727125301162
0.0422,0.10154406575661017,0.9843589304586212,0.9843589304586212,0.9905039509287156,0.9924031607429724
0.042300000000000004,0.09986568997661133,0.9844455843612464,0.9844455843612464,0.990541859257798,0.9924334874062385
0.0424,0.09821505530819687,0.9845317581880801,0.9845317581880801,0.990579616256427,0.9924636930051416
0.0425,0.09659170323112296,0.9846174545988152,0.9846174545988152,0.990617222528715,0.992493778022972
0.0426,0.09499518280381872,0.9847026762384093,0.9847026762384093,0.9906546786763634,0.9925237429410907
0.0427,0.09342505053812192,0.9847874257371668,0.9847874257371668,0.9906919852986711,0.9925535882389369
0.042800000000000005,0.09188087027608485,0.9848717057108197,0.9848717057108197,0.9907291429925451,0.9925833143940361
0.0429,0.0903622130688166,0.9849555187606085,0.9849555187606085,0.9907661523525092,0.9926129218820073
0.043000000000000003,0.08886865705732783,0.9850388674733622,0.9850388674733622,0.9908030139707139,0.9926424111765711
0.0431,0.08739978735534494,0.9851217544215787,0.9851217544215787,0.990839728436946,0.9926717827495568
0.0432,0.08595519593406131,0.9852041821635036,0.9852041821635036,0.9908762963386376,0.9927010370709102
0.043300000000000005,0.08453448150879327,0.9852861532432096,0.9852861532432096,0.9909127182608761,0.9927301746087008
0.0434,0.08313724942750954,0.9853676701906748,0.9853676701906748,0.9909489947864129,0.9927591958291303
0.043500000000000004,0.08176311156120325,0.9854487355218611,0.9854487355218611,0.990985126495673,0.9927881011965385
0.0436,0.08041168619607567,0.9855293517387909,0.9855293517387909,0.9910211139667648,0.9928168911734119
0.0437,0.07908259792750222,0.9856095213296256,0.9856095213296256,0.9910569577754886,0.9928455662203909
0.0438,0.07777547755575104,0.9856892467687418,0.9856892467687418,0.991092658495346,0.9928741267962768
0.0439,0.07648996198342506,0.9857685305168074,0.9857685305168074,0.9911282166975494,0.9929025733580394
0.044000000000000004,0.0752256941145993,0.985847375020858,0.985847375020858,0.9911636329510305,0.9929309063608244
0.0441,0.07398232275562526,0.985925782714372,0.985925782714372,0.9911989078224503,0.9929591262579603
0.0442,0.07275950251757492,0.9860037560173466,0.9860037560173466,0.9912340418762077,0.9929872335009662
0.0443,0.07155689372029704,0.9860812973363711,0.9860812973363711,0.991269035674448,0.9930152285395584
0.0444,0.0703741622980595,0.9861584090647022,0.9861584090647022,0.9913038897770728,0.9930431118216583
0.044500000000000005,0.06921097970675105,0.9862350935823377,0.9862350935823377,0.9913386047417486,0.9930708837933988
0.0446,0.06806702283261691,0.98631135325609,0.98631135325609,0.9913731811239154,0.9930985448991323
0.044700000000000004,0.06694197390250299,0.9863871904396585,0.9863871904396585,0.9914076194767962,0.9931260955814369
0.0448,0.06583552039558341,0.9864626074737032,0.9864626074737032,0.9914419203514053,0.9931535362811242
0.0449,0.06474735495654715,0.9865376066859163,0.9865376066859163,0.9914760842965574,0.993180867437246
0.045000000000000005,0.06367717531021974,0.9866121903910942,0.9866121903910942,0.9915101118588765,0.9932080894871013
0.0451,0.06262468417759581,0.986686360891209,0.986686360891209,0.9915440035828043,0.9932352028662433
0.045200000000000004,0.061589589193259804,0.9867601204754797,0.9867601204754797,0.9915777600106088,0.9932622080084871
0.0453,0.0605716028241714,0.9868334714204423,0.9868334714204423,0.9916113816823939,0.9932891053459152
0.0454,0.05957044228979344,0.9869064159900209,0.9869064159900209,0.991644869136107,0.9933158953088856
0.0455,0.058585829483539915,0.9869789564355969,0.9869789564355969,0.991678222907548,0.9933425783260385
0.0456,0.057617490895522386,0.9870510949960786,0.9870510949960786,0.991711443530378,0.9933691548243024
0.045700000000000005,0.05666515753657321,0.9871228338979704,0.9871228338979704,0.9917445315361276,0.9933956252289021
0.0458,0.05572856486352464,0.9871941753554418,0.9871941753554418,0.9917774874542058,0.9934219899633646
0.0459,0.05480745270572289,0.9872651215703954,0.9872651215703954,0.9918103118119077,0.9934482494495263
0.046,0.05390156519275684,0.9873356747325346,0.9873356747325346,0.991843005134424,0.9934744041075392
0.0461,0.05301065068338126,0.9874058370194317,0.9874058370194317,0.9918755679448484,0.9935004543558787
0.046200000000000005,0.052134461695614885,0.9874756105965952,0.9874756105965952,0.9919080007641866,0.9935264006113492
0.0463,0.0512727548379938,0.9875449976175359,0.9875449976175359,0.9919403041113644,0.9935522432890915
0.046400000000000004,0.050425290741961136,0.9876140002238342,0.9876140002238342,0.991972478503236,0.9935779828025888
0.0465,0.049591833995374264,0.9876826205452054,0.9876826205452054,0.9920045244545924,0.9936036195636739
0.0466,0.048772153077111045,0.9877508606995663,0.9877508606995663,0.9920364424781696,0.9936291539825356
0.046700000000000005,0.04796602029275687,0.9878187227930999,0.9878187227930999,0.9920682330846564,0.9936545864677251
0.0468,0.04717321171135481,0.9878862089203206,0.9878862089203206,0.9920998967827035,0.9936799174261628
0.046900000000000004,0.046393507103201066,0.9879533211641389,0.9879533211641389,0.9921314340789305,0.9937051472631444
0.047,0.04562668987866869,0.9880200615959258,0.9880200615959258,0.9921628454779349,0.9937302763823479
0.0471,0.04487254702804238,0.9880864322755764,0.9880864322755764,0.9921941314822997,0.9937553051858398
0.0472,0.044130869062347734,0.9881524352515736,0.9881524352515736,0.9922252925926018,0.9937802340740814
0.0473,0.04340144995515857,0.9882180725610518,0.9882180725610518,0.9922563293074195,0.9938050634459356
0.047400000000000005,0.042684087085365974,0.9882833462298588,0.9882833462298588,0.9922872421233409,0.9938297936986727
0.0475,0.0419785811808934,0.9883482582726194,0.9883482582726194,0.9923180315349717,0.9938544252279774
0.0476,0.041284736263342024,0.9884128106927967,0.9884128106927967,0.9923486980349432,0.9938789584279546
0.0477,0.04060235959355103,0.9884770054827547,0.9884770054827547,0.99237924211392,0.9939033936911361
0.0478,0.03993126161805773,0.988540844623819,0.988540844623819,0.9924096642606082,0.9939277314084866
0.047900000000000005,0.03927125591644259,0.9886043300863385,0.9886043300863385,0.9924399649617625,0.99395197196941
0.048,0.038622159149544595,0.9886674638297462,0.9886674638297462,0.992470144702195,0.9939761157617559
0.048100000000000004,0.037983791008532504,0.9887302478026194,0.9887302478026194,0.992500203964782,0.9940001631718256
0.0482,0.037355974164817944,0.9887926839427401,0.9887926839427401,0.9925301432304725,0.994024114584378
0.0483,0.03673853422079629,0.9888547741771545,0.9888547741771545,0.9925599629782953,0.9940479703826363
0.048400000000000006,0.03613129966140177,0.9889165204222328,0.9889165204222328,0.992589663685367,0.9940717309482936
0.0485,0.03553410180646331,0.9889779245837282,0.9889779245837282,0.9926192458268996,0.9940953966615197
0.048600000000000004,0.03494677476384783,0.9890389885568359,0.9890389885568359,0.992648709876208,0.9941189679009664
0.0487,0.03436915538337804,0.9890997142262511,0.9890997142262511,0.9926780563047176,0.9941424450437741
0.0488,0.03380108321151187,0.9891601034662277,0.9891601034662277,0.9927072855819719,0.9941658284655776
0.0489,0.03324240044677105,0.989220158140636,0.989220158140636,0.9927363981756399,0.994189118540512
0.049,0.03269295189590631,0.98927988010302,0.98927988010302,0.9927653945515237,0.994212315641219
0.049100000000000005,0.03215258493078719,0.989339271196655,0.989339271196655,0.9927942751735661,0.9942354201388529
0.0492,0.031621149446004304,0.9893983332546041,0.9893983332546041,0.9928230405038575,0.994258432403086
0.049300000000000004,0.031098497817172485,0.9894570680997751,0.9894570680997751,0.9928516910026438,0.994281352802115
0.0494,0.030584484859923024,0.9895154775449764,0.9895154775449764,0.9928802271283337,0.994304181702667
0.0495,0.030078967789573745,0.9895735633929732,0.9895735633929732,0.9929086493375058,0.9943269194700046
0.049600000000000005,0.029581806181465695,0.9896313274365435,0.9896313274365435,0.9929369580849159,0.9943495664679327
0.0497,0.029092861931955375,0.9896887714585325,0.9896887714585325,0.9929651538235048,0.9943721230588038
0.049800000000000004,0.028611999220051747,0.9897458972319084,0.9897458972319084,0.9929932370044047,0.9943945896035238
0.0499,0.028139084469687277,0.989802706519817,0.989802706519817,0.9930212080769473,0.9944169664615577
0.05,0.027673986312612645,0.989859201075636,0.989859201075636,0.9930490674886702,0.9944392539909361
0.050100000000000006,0.0272165755519047,0.9899153826430287,0.9899153826430287,0.9930768156853246,0.9944614525482597
0.0502,0.026766725126077605,0.9899712529559989,0.9899712529559989,0.9931044531108822,0.9944835624887058
0.050300000000000004,0.02632431007378716,0.9900268137389431,0.9900268137389431,0.9931319802075427,0.9945055841660341
0.0504,0.025889207499118508,0.9900820667067047,0.9900820667067047,0.9931593974157398,0.9945275179325919
0.0505,0.0254612965374476,0.9901370135646269,0.9901370135646269,0.9931867051741496,0.9945493641393197
0.0506,0.025040458321866906,0.9901916560086045,0.9901916560086045,0.993213903919697,0.9945711231357576
0.0507,0.02462657595016607,0.990245995725137,0.990245995725137,0.9932409940875623,0.9945927952700498
0.050800000000000005,0.024219534452358304,0.9903000343913807,0.9903000343913807,0.9932679761111888,0.994614380888951
0.0509,0.023819220758743574,0.9903537736751997,0.9903537736751997,0.9932948504222894,0.9946358803378315
0.051000000000000004,0.023425523668499593,0.9904072152352184,0.9904072152352184,0.9933216174508538,0.994657293960683
0.0511,0.023038333818792004,0.9904603607208715,0.9904603607208715,0.9933482776251549,0.9946786221001239
0.0512,0.02265754365439511,0.9905132117724563,0.9905132117724563,0.9933748313717561,0.9946998650974048
0.051300000000000005,0.022283047397814722,0.9905657700211823,0.9905657700211823,0.9934012791155178,0.9947210232924143
0.0514,0.021914741019904857,0.9906180370892217,0.9906180370892217,0.9934276212796047,0.9947420970236838
0.051500000000000004,0.021552522210970065,0.9906700145897598,0.9906700145897598,0.9934538582854918,0.9947630866283935
0.0516,0.021196290352345434,0.9907217041270446,0.9907217041270446,0.9934799905529719,0.9947839924423775
0.0517,0.020845946488446288,0.9907731072964364,0.9907731072964364,0.9935060185001617,0.9948048148001294
0.051800000000000006,0.02050139329927991,0.9908242256844566,0.9908242256844566,0.993531942543509,0.9948255540348072
0.0519,0.02016253507341158,0.9908750608688375,0.9908750608688375,0.993557763097799,0.9948462104782392
0.052000000000000005,0.01982927768137744,0.9909256144185702,0.9909256144185702,0.9935834805761611,0.9948667844609289
0.0521,0.019501528549536826,0.9909758878939535,0.9909758878939535,0.9936090953900756,0.9948872763120604
0.0522,0.01917919663435676,0.9910258828466418,0.9910258828466418,0.9936346079493799,0.9949076863595039
0.0523,0.018862192397121516,0.9910756008196933,0.9910756008196933,0.9936600186622756,0.9949280149298205
0.0524,0.018550427779060158,0.9911250433476172,0.9911250433476172,0.9936853279353347,0.9949482623482678
0.052500000000000005,0.01824381617688521,0.9911742119564213,0.9911742119564213,0.9937105361735061,0.9949684289388049
0.0526,0.017942272418735642,0.9912231081636593,0.9912231081636593,0.993735643780122,0.9949885150240976
0.052700000000000004,0.01764571274051745,0.9912717334784772,0.9912717334784772,0.9937606511569048,0.9950085209255238
0.0528,0.017354054762635338,0.9913200894016603,0.9913200894016603,0.993785558703973,0.9950284469631784
0.0529,0.01706721746710894,0.991368177425679,0.991368177425679,0.9938103668198479,0.9950482934558783
0.053000000000000005,0.016785121175067332,0.9914159990347354,0.9914159990347354,0.9938350759014598,0.9950680607211678
0.0531,0.016507687524615483,0.9914635557048092,0.9914635557048092,0.9938596863441547,0.9950877490753237
0.053200000000000004,0.01623483944906657,0.9915108489037022,0.9915108489037022,0.9938841985417001,0.9951073588333601
0.0533,0.01596650115553405,0.9915578800910851,0.9915578800910851,0.9939086128862916,0.9951268903090333
0.0534,0.015702598103877606,0.9916046507185414,0.9916046507185414,0.9939329297685594,0.9951463438148476
0.053500000000000006,0.015443056985997083,0.9916511622296127,0.9916511622296127,0.9939571495775741,0.9951657196620592
0.0536,0.015187805705468637,0.9916974160598431,0.9916974160598431,0.9939812727008531,0.9951850181606825
0.053700000000000005,0.014936773357517497,0.9917434136368236,0.9917434136368236,0.9940052995243669,0.9952042396194936
0.0538,0.014689890209321736,0.9917891563802363,0.9917891563802363,0.9940292304325452,0.9952233843460362
0.0539,0.014447087680641593,0.9918346457018978,0.9918346457018978,0.994053065808283,0.9952424526466265
0.054,0.014208298324768966,0.9918798830058032,0.9918798830058032,0.9940768060329469,0.9952614448263576
0.0541,0.013973455809791787,0.9919248696881691,0.9919248696881691,0.994100451486381,0.9952803611891048
0.054200000000000005,0.013742494900168056,0.9919696071374768,0.9919696071374768,0.994124002546913,0.9952992020375304
0.0543,0.013515351438604443,0.9920140967345157,0.9920140967345157,0.9941474595913604,0.9953179676730883
0.054400000000000004,0.0132919623282344,0.9920583398524246,0.9920583398524246,0.9941708229950365,0.9953366583960291
0.0545,0.013072265515090858,0.9921023378567356,0.9921023378567356,0.994194093131756,0.9953552745054048
0.0546,0.012856199970868601,0.9921460921054153,0.9921460921054153,0.9942172703738419,0.9953738162990735
0.054700000000000006,0.012643705675971579,0.9921896039489069,0.9921896039489069,0.9942403550921303,0.9953922840737043
0.0548,0.012434723602840408,0.9922328747301719,0.9922328747301719,0.9942633476559773,0.9954106781247819
0.054900000000000004,0.012229195699555436,0.9922759057847317,0.9922759057847317,0.9942862484332645,0.9954289987466116
0.055,0.012027064873710858,0.9923186984407087,0.9923186984407087,0.9943090577904047,0.9954472462323237
0.0551,0.011828274976555326,0.9923612540188674,0.9923612540188674,0.9943317760923481,0.9954654208738785
0.055200000000000006,0.011632770787394725,0.992403573832655,0.992403573832655,0.9943544037025881,0.9954835229620704
0.0553,0.011440497998252731,0.9924456591882416,0.9924456591882416,0.9943769409831669,0.9955015527865335
0.055400000000000005,0.011251403198784917,0.9924875113845616,0.9924875113845616,0.9943993882946814,0.9955195106357452
0.0555,0.0110654338614422,0.9925291317133526,0.9925291317133526,0.9944217459962893,0.9955373967970313
0.055600000000000004,0.010882538326879515,0.992570521459196,0.992570521459196,0.994444014445714,0.9955552115565712
0.0557,0.01070266578960567,0.9926116818995564,0.9926116818995564,0.9944661939992513,0.995572955199401
0.0558,0.010525766283870377,0.992652614304821,0.992652614304821,0.9944882850117746,0.9955906280094197
0.055900000000000005,0.010351790669784562,0.992693319938339,0.992693319938339,0.9945102878367404,0.9956082302693924
0.056,0.010180690619670078,0.9927338000564602,0.9927338000564602,0.9945322028261946,0.9956257622609557
0.056100000000000004,0.010012418604635035,0.9927740559085741,0.9927740559085741,0.9945540303307774,0.9956432242646219
0.0562,0.009846927881371028,0.9928140887371488,0.9928140887371488,0.9945757706997292,0.9956606165597833
0.0563,0.009684172479168586,0.9928538997777683,0.9928538997777683,0.9945974242808965,0.9956779394247172
0.056400000000000006,0.009524107187147227,0.9928934902591717,0.9928934902591717,0.9946189914207371,0.9956951931365896
0.0565,0.0093666875416966,0.9929328614032906,0.9929328614032906,0.9946404724643255,0.9957123779714604
0.056600000000000004,0.009211869814125187,0.9929720144252868,0.9929720144252868,0.9946618677553591,0.9957294942042874
0.0567,0.00905961099851317,0.9930109505335901,0.9930109505335901,0.9946831776361629,0.9957465421089303
0.0568,0.008909868799766062,0.9930496709299353,0.9930496709299353,0.9947044024476954,0.9957635219581564
0.056900000000000006,0.0087626016218658,0.9930881768093995,0.9930881768093995,0.9947255425295543,0.9957804340236434
0.057,0.00861776855631602,0.9931264693604387,0.9931264693604387,0.9947465982199809,0.9957972785759847
0.057100000000000005,0.008475329370778339,0.9931645497649249,0.9931645497649249,0.994767569855867,0.9958140558846936
0.0572,0.008335244497896428,0.9932024191981821,0.9932024191981821,0.9947884577727593,0.9958307662182073
0.057300000000000004,0.008197475024304839,0.9932400788290232,0.9932400788290232,0.9948092623048645,0.9958474098438916
0.0574,0.008061982679819477,0.9932775298197853,0.9932775298197853,0.9948299837850562,0.9958639870280449
0.0575,0.007928729826806761,0.9933147733263663,0.9933147733263663,0.9948506225448779,0.9958804980359023
0.057600000000000005,0.007797679449728467,0.9933518104982599,0.9933518104982599,0.9948711789145506,0.9958969431316405
0.0577,0.0076687951448594065,0.9933886424785918,0.9933886424785918,0.9948916532229765,0.9959133225783812
0.057800000000000004,0.007542041110175043,0.9934252704041544,0.9934252704041544,0.994912045797745,0.9959296366381959
0.0579,0.007417382135406255,0.993461695405442,0.993461695405442,0.9949323569651376,0.9959458855721101
0.058,0.007294783592258483,0.9934979186066862,0.9934979186066862,0.9949525870501336,0.9959620696401069
0.058100000000000006,0.007174211424792532,0.9935339411258897,0.9935339411258897,0.9949727363764148,0.9959781891011318
0.0582,0.007055632139964369,0.9935697640748615,0.9935697640748615,0.9949928052663707,0.9959942442130966
0.058300000000000005,0.006939012798321288,0.9936053885592512,0.9936053885592512,0.995012794041104,0.9960102352328832
0.0584,0.006824321004851848,0.9936408156785825,0.9936408156785825,0.9950327030204357,0.9960261624163486
0.0585,0.0067115248999870475,0.993676046526288,0.993676046526288,0.9950525325229096,0.9960420260183277
0.058600000000000006,0.0066005931507502474,0.9937110821897425,0.9937110821897425,0.9950722828657984,0.9960578262926387
0.0587,0.006491494942053358,0.9937459237502959,0.9937459237502959,0.995091954365108,0.9960735634920864
0.058800000000000005,0.006384199968136892,0.9937805722833083,0.9937805722833083,0.9951115473355826,0.9960892378684661
0.0589,0.006278678424151514,0.9938150288581813,0.9938150288581813,0.9951310620907103,0.9961048496725683
0.059000000000000004,0.006174900997878712,0.9938492945383923,0.9938492945383923,0.9951504989427277,0.9961203991541822
0.0591,0.006072838861588333,0.9938833703815267,0.9938833703815267,0.9951698582026247,0.9961358865620997
0.0592,0.005972463664030695,0.9939172574393108,0.9939172574393108,0.9951891401801498,0.9961513121441199
0.059300000000000005,0.005873747522561052,0.9939509567576441,0.9939509567576441,0.9952083451838152,0.9961666761470521
0.0594,0.005776663015394242,0.9939844693766318,0.9939844693766318,0.9952274735209014,0.9961819788167211
0.059500000000000004,0.005681183173987344,0.9940177963306164,0.9940177963306164,0.995246525497462,0.9961972203979695
0.0596,0.005587281475548244,0.9940509386482105,0.9940509386482105,0.9952655014183291,0.9962124011346634
0.0597,0.005494931835668024,0.9940838973523275,0.9940838973523275,0.9952844015871181,0.9962275212696945
0.059800000000000006,0.0054041086010751214,0.9941166734602143,0.9941166734602143,0.9953032263062318,0.9962425810449854
0.0599,0.005314786542509256,0.9941492679834815,0.9941492679834815,0.9953219758768661,0.996257580701493
0.060000000000000005,0.0052269408477131464,0.9941816819281356,0.9941816819281356,0.9953406505990148,0.9962725204792118
0.0601,0.005140547114540046,0.9942139162946096,0.9942139162946096,0.9953592507714736,0.9962874006171788
0.060200000000000004,0.00505558134417522,0.9942459720777939,0.9942459720777939,0.9953777766918457,0.9963022213534766
0.0603,0.004972019934469451,0.9942778502670669,0.9942778502670669,0.9953962286565463,0.9963169829252371
0.0604,0.004889839673382734,0.9943095518463262,0.9943095518463262,0.9954146069608072,0.9963316855686457
0.060500000000000005,0.004809017732536341,0.9943410777940178,0.9943410777940178,0.9954329118986817,0.9963463295189453
0.0606,0.004729531660871453,0.9943724290831674,0.9943724290831674,0.995451143763049,0.9963609150104392
0.060700000000000004,0.004651359378412617,0.9944036066814098,0.9944036066814098,0.9954693028456196,0.9963754422764957
0.0608,0.0045744791701342715,0.9944346115510192,0.9944346115510192,0.995487389436939,0.9963899115495513
0.0609,0.0044988696799286585,0.9944654446489384,0.9944654446489384,0.9955054038263932,0.9964043230611146
0.061000000000000006,0.004424509904673433,0.9944961069268086,0.9944961069268086,0.9955233463022126,0.9964186770417701
0.0611,0.004351379188397327,0.9945265993309989,0.9945265993309989,0.9955412171514775,0.996432973721182
0.061200000000000004,0.004279457216542249,0.9945569228026352,0.9945569228026352,0.9955590166601216,0.9964472133280973
0.0613,0.004208724010320217,0.9945870782776297,0.9945870782776297,0.9955767451129376,0.9964613960903501
0.0614,0.004139159921163572,0.9946170666867092,0.9946170666867092,0.995594402793581,0.9964755222348648
0.061500000000000006,0.00407074562526691,0.9946468889554443,0.9946468889554443,0.9956119899845751,0.9964895919876601
0.0616,0.004003462118219237,0.9946765460042778,0.9946765460042778,0.9956295069673153,0.9965036055738523
0.061700000000000005,0.003937290709724845,0.9947060387485531,0.9947060387485531,0.9956469540220738,0.996517563217659
0.0618,0.0038722130184114414,0.9947353680985422,0.9947353680985422,0.9956643314280038,0.996531465142403
0.061900000000000004,0.003808210966724094,0.9947645349594746,0.9947645349594746,0.9956816394631441,0.9965453115705153
0.062,0.003745266775903572,0.9947935402315642,0.9947935402315642,0.9956988784044237,0.996559102723539
0.0621,0.003683362961047688,0.9948223848100377,0.9948223848100377,0.995716048527666,0.9965728388221329
0.062200000000000005,0.0036224823262542673,0.9948510695851622,0.9948510695851622,0.9957331501075934,0.9965865200860747
0.0623,0.0035626079598443995,0.9948795954422727,0.9948795954422727,0.9957501834178315,0.9966001467342652
0.062400000000000004,0.0035037232296646383,0.9949079632617989,0.9949079632617989,0.9957671487309137,0.996613718984731
0.0625,0.003445811778466855,0.9949361739192932,0.9949361739192932,0.9957840463182851,0.9966272370546281
0.0626,0.003388857519364451,0.994964228285457,0.994964228285457,0.9958008764503078,0.9966407011602462
0.0627,0.0033328446313636772,0.9949921272261683,0.9949921272261683,0.995817639396264,0.9966541115170112
0.06280000000000001,0.003277757554968808,0.9950198716025075,0.9950198716025075,0.9958343354243614,0.9966674683394892
0.0629,0.003223580987859964,0.9950474622707847,0.9950474622707847,0.9958509648017367,0.9966807718413894
0.063,0.0031702998806423647,0.995074900082566,0.995074900082566,0.9958675277944603,0.9966940222355682
0.0631,0.003117899432665847,0.9951021858846997,0.9951021858846997,0.9958840246675406,0.9967072197340324
0.0632,0.003066365087913477,0.9951293205193422,0.9951293205193422,0.9959004556849276,0.996720364547942
0.06330000000000001,0.003015682530958119,0.9951563048239844,0.9951563048239844,0.9959168211095181,0.9967334568876145
0.0634,0.0029658376829858365,0.9951831396314775,0.9951831396314775,0.9959331212031592,0.9967464969625275
0.0635,0.002916816697885018,0.9952098257700583,0.9952098257700583,0.9959493562266529,0.9967594849813224
0.0636,0.002868605958400148,0.9952363640633752,0.9952363640633752,0.9959655264397599,0.9967724211518079
0.0637,0.002821192072349148,0.9952627553305134,0.9952627553305134,0.9959816321012037,0.996785305680963
0.06380000000000001,0.0027745618689032385,0.9952890003860204,0.9952890003860204,0.9959976734686755,0.9967981387749404
0.0639,0.002728702394928292,0.9953151000399307,0.9953151000399307,0.9960136507988374,0.9968109206390698
0.064,0.002683600911386657,0.9953410550977914,0.9953410550977914,0.996029564347327,0.9968236514778616
0.0641,0.0026392448897984535,0.9953668663606865,0.9953668663606865,0.9960454143687615,0.9968363314950092
0.06420000000000001,0.0025956220087613594,0.9953925346252619,0.9953925346252619,0.9960612011167415,0.9968489608933931
0.06430000000000001,0.002552720150527921,0.99541806068375,0.99541806068375,0.9960769248438553,0.9968615398750842
0.0644,0.0025105273976394325,0.9954434453239944,0.9954434453239944,0.9960925858016829,0.9968740686413463
0.0645,0.002469032029615455,0.9954686893294735,0.9954686893294735,0.9961081842408,0.99688654739264
0.0646,0.00242822251969805,0.9954937934793253,0.9954937934793253,0.996123720410782,0.9968989763286256
0.06470000000000001,0.0023880875316498328,0.9955187585483711,0.9955187585483711,0.9961391945602078,0.9969113556481662
0.0648,0.0023486159166049387,0.9955435853071399,0.9955435853071399,0.9961546069366642,0.9969236855493314
0.0649,0.00230979670997205,0.9955682745218916,0.9955682745218916,0.9961699577867497,0.9969359662293997
0.065,0.002271619128388601,0.9955928269546409,0.9955928269546409,0.9961852473560779,0.9969481978848623
0.0651,0.0022340725667253326,0.9956172433631809,0.9956172433631809,0.9962004758892825,0.996960380711426
0.06520000000000001,0.002197146595140356,0.9956415245011064,0.9956415245011064,0.9962156436300202,0.9969725149040162
0.0653,0.002160830956181902,0.9956656711178372,0.9956656711178372,0.9962307508209753,0.9969846006567803
0.0654,0.0021251155619389714,0.9956896839586411,0.9956896839586411,0.9962457977038631,0.9969966381630905
0.0655,0.002089990491239064,0.9957135637646573,0.9957135637646573,0.9962607845194341,0.9970086276155473
0.0656,0.002055445986892239,0.9957373112729183,0.9957373112729183,0.9962757115074776,0.9970205692059821
0.06570000000000001,0.002021472452980719,0.9957609272163742,0.9957609272163742,0.9962905789068258,0.9970324631254607
0.0658,0.0019880604521932996,0.9957844123239138,0.9957844123239138,0.9963053869553574,0.9970443095642859
0.0659,0.001955200703203806,0.995807767320388,0.995807767320388,0.9963201358900015,0.9970561087120011
0.066,0.0019228840780928962,0.9958309929266318,0.9958309929266318,0.9963348259467413,0.997067860757393
0.0661,0.0018911015998124613,0.995854089859487,0.995854089859487,0.996349457360618,0.9970795658884943
0.06620000000000001,0.0018598444396919478,0.9958770588318234,0.9958770588318234,0.9963640303657346,0.9970912242925877
0.0663,0.0018291039149858914,0.9958999005525621,0.9958999005525621,0.9963785451952595,0.9971028361562077
0.0664,0.0017988714864619869,0.9959226157266958,0.9959226157266958,0.9963930020814303,0.9971144016651442
0.0665,0.0017691387560290243,0.9959452050553124,0.9959452050553124,0.9964074012555574,0.997125921004446
0.0666,0.0017398974644040324,0.995967669235615,0.995967669235615,0.996421742948028,0.9971373943584224
0.06670000000000001,0.0017111394888179796,0.9959900089609441,0.9959900089609441,0.9964360273883094,0.9971488219106476
0.0668,0.0016828568407593978,0.9960122249207995,0.9960122249207995,0.996450254804953,0.9971602038439624
0.0669,0.001655041663755299,0.9960343178008606,0.9960343178008606,0.9964644254255978,0.9971715403404782
0.067,0.0016276862311887727,0.9960562882830081,0.9960562882830081,0.9964785394769738,0.997182831581579
0.0671,0.0016007829441526517,0.9960781370453451,0.9960781370453451,0.9964925971849065,0.9971940777479252
0.06720000000000001,0.0015743243293386575,0.9960998647622179,0.9960998647622179,0.9965065987743192,0.9972052790194554
0.0673,0.0015483030369614324,0.9961214721042366,0.9961214721042366,0.9965205444692379,0.9972164355753903
0.0674,0.0015227118387168854,0.9961429597382965,0.9961429597382965,0.9965344344927938,0.997227547594235
0.0675,0.0014975436257742836,0.9961643283275975,0.9961643283275975,0.9965482690672277,0.9972386152537821
0.06760000000000001,0.0014727914068015308,0.9961855785316659,0.9961855785316659,0.996562048413893,0.9972496387311144
0.06770000000000001,0.0014484483060230868,0.9962067110063739,0.9962067110063739,0.9965757727532596,0.9972606182026077
0.0678,0.0014245075613099842,0.99622772640396,0.99622772640396,0.9965894423049172,0.9972715538439337
0.0679,0.0014009625223014171,0.996248625373049,0.996248625373049,0.9966030572875788,0.9972824458300631
0.068,0.0013778066485573748,0.996269408558673,0.996269408558673,0.9966166179190847,0.9972932943352677
0.06810000000000001,0.0013550335077418118,0.9962900766022895,0.9962900766022895,0.9966301244164051,0.997304099533124
0.0682,0.0013326367738358458,0.9963106301418031,0.9963106301418031,0.9966435769956442,0.9973148615965154
0.0683,0.0013106102253804893,0.9963310698115836,0.9963310698115836,0.9966569758720436,0.9973255806976349
0.0684,0.0012889477437484276,0.9963513962424869,0.9963513962424869,0.9966703212599858,0.9973362570079886
0.0685,0.0012676433114443596,0.9963716100618734,0.9963716100618734,0.9966836133729969,0.9973468906983975
0.06860000000000001,0.001246691010433434,0.9963917118936281,0.9963917118936281,0.9966968524237514,0.9973574819390011
0.0687,0.0012260850204973107,0.9964117023581796,0.9964117023581796,0.9967100386240741,0.9973680308992593
0.0688,0.0012058196176173977,0.9964315820725189,0.9964315820725189,0.9967231721849447,0.9973785377479557
0.0689,0.0011858891723848088,0.9964513516502191,0.9964513516502191,0.9967362533165003,0.9973890026532003
0.069,0.0011662881484366028,0.9964710117014541,0.9964710117014541,0.9967492822280394,0.9973994257824315
0.06910000000000001,0.0011470111009178681,0.9964905628330171,0.9964905628330171,0.9967622591280247,0.9974098073024198
0.0692,0.0011280526749692296,0.9965100056483394,0.9965100056483394,0.9967751842240871,0.9974201473792697
0.0693,0.0011094076042393528,0.9965293407475097,0.9965293407475097,0.9967880577230281,0.9974304461784225
0.0694,0.001091070709422034,0.9965485687272917,0.9965485687272917,0.9968008798308243,0.9974407038646594
0.0695,0.0010730368968174713,0.9965676901811431,0.9965676901811431,0.9968136507526295,0.9974509206021036
0.06960000000000001,0.0010553011569173153,0.9965867056992339,0.9965867056992339,0.9968263706927788,0.997461096554223
0.0697,0.001037858563013107,0.9966056158684641,0.9966056158684641,0.9968390398547914,0.9974712318838331
0.0698,0.0010207042698277152,0.9966244212724826,0.9966244212724826,0.9968516584413742,0.9974813267530994
0.0699,0.0010038335121693956,0.9966431224917045,0.9966431224917045,0.9968642266544251,0.9974913813235401
0.07,0.0009872416036080958,0.9966617201033294,0.9966617201033294,0.9968767446950354,0.9975013957560284
0.07010000000000001,0.000970923935173639,0.9966802146813591,0.9966802146813591,0.9968892127634943,0.9975113702107954
0.0702,0.0009548759740754246,0.9966986067966155,0.9966986067966155,0.996901631059291,0.9975213048474328
0.0703,0.000939093262443291,0.9967168970167578,0.9967168970167578,0.9969139997811185,0.9975311998248948
0.0704,0.0009235714160891891,0.9967350859063006,0.9967350859063006,0.9969263191268768,0.9975410553015014
0.07050000000000001,0.0009083061232893248,0.9967531740266307,0.9967531740266307,0.9969385892936754,0.9975508714349404
0.07060000000000001,0.0008932931435864296,0.9967711619360248,0.9967711619360248,0.9969508104778375,0.99756064838227
0.0707,0.0008785283066118289,0.9967890501896668,0.9967890501896668,0.9969629828749021,0.9975703862999218
0.0708,0.0008640075109269792,0.9968068393396646,0.9968068393396646,0.9969751066796281,0.9975800853437025
0.0709,0.0008497267228841532,0.9968245299350676,0.9968245299350676,0.9969871820859962,0.997589745668797
0.07100000000000001,0.0008356819755059568,0.9968421225218833,0.9968421225218833,0.9969992092872135,0.9975993674297708
0.0711,0.0008218693673833646,0.9968596176430939,0.9968596176430939,0.9970111884757155,0.9976089507805724
0.0712,0.0008082850615919707,0.996877015838674,0.996877015838674,0.9970231198431693,0.9976184958745353
0.0713,0.0007949252846261511,0.996894317645606,0.996894317645606,0.9970350035804769,0.9976280028643816
0.0714,0.000781786325350844,0.9969115235978979,0.9969115235978979,0.9970468398777788,0.997637471902223
0.07150000000000001,0.0007688645339706545,0.9969286342265988,0.9969286342265988,0.9970586289244555,0.9976469031395644
0.0716,0.000756156321016,0.9969456500598161,0.9969456500598161,0.9970703709091324,0.9976562967273059
0.0717,0.0007436581563460112,0.9969625716227308,0.9969625716227308,0.9970820660196813,0.997665652815745
0.0718,0.0007313665681679155,0.9969793994376152,0.9969793994376152,0.9970937144432243,0.9976749715545794
0.0719,0.0007192781420726269,0.9969961340238473,0.9969961340238473,0.9971053163661363,0.997684253092909
0.07200000000000001,0.0007073895200862784,0.9970127758979281,0.9970127758979281,0.9971168719740484,0.9976934975792388
0.0721,0.0006956973997374285,0.997029325573497,0.997029325573497,0.9971283814518507,0.9977027051614805
0.0722,0.0006841985331396878,0.9970457835613478,0.9970457835613478,0.9971398449836949,0.9977118759869559
0.0723,0.000672889726089507,0.9970621503694443,0.9970621503694443,0.9971512627529978,0.9977210102023982
0.0724,0.0006617678371788773,0.9970784265029364,0.9970784265029364,0.9971626349424441,0.9977301079539552
0.07250000000000001,0.000650829776922698,0.997094612464175,0.997094612464175,0.9971739617339888,0.997739169387191
0.0726,0.0006400725069005647,0.9971107087527281,0.9971107087527281,0.9971852433088609,0.9977481946470887
0.0727,0.0006294930389127457,0.9971267158653961,0.9971267158653961,0.9971964798475661,0.9977571838780528
0.0728,0.000619088434150106,0.997142634296227,0.997142634296227,0.9972076715298889,0.9977661372239112
0.0729,0.0006088558023777535,0.9971584645365315,0.9971584645365315,0.9972188185348967,0.9977750548279173
0.07300000000000001,0.0005987923011321766,0.9971742070748986,0.9971742070748986,0.9972299210409417,0.9977839368327533
0.0731,0.0005888951349316536,0.9971898623972103,0.9971898623972103,0.9972409792256642,0.9977927833805313
0.0732,0.0005791615544997109,0.9972054309866569,0.9972054309866569,0.9972519932659955,0.9978015946127964
0.0733,0.0005695888560014187,0.9972209133237516,0.9972209133237516,0.9972629633381604,0.9978103706705284
0.0734,0.0005601743802923073,0.9972363098863456,0.9972363098863456,0.9972738896176804,0.9978191116941443
0.07350000000000001,0.0005509155121796991,0.9972516211496426,0.9972516211496426,0.9972847722793761,0.9978278178235008
0.0736,0.0005418096796962496,0.9972668475862138,0.9972668475862138,0.9972956114973702,0.9978364891978962
0.0737,0.0005328543533854955,0.9972819896660119,0.9972819896660119,0.9973064074450908,0.9978451259560726
0.0738,0.0005240470455992111,0.9972970478563865,0.9972970478563865,0.997317160295273,0.9978537282362183
0.07390000000000001,0.0005153853098063796,0.9973120226220976,0.9973120226220976,0.9973278702199625,0.99786229617597
0.07400000000000001,0.0005068667399135849,0.9973269144253306,0.9973269144253306,0.9973385373905187,0.9978708299124149
0.0741,0.000498488969596637,0.9973417237257102,0.9973417237257102,0.9973491619776162,0.997879329582093
0.0742,0.0004902496716432447,0.9973564509803147,0.9973564509803147,0.997359744151249,0.9978877953209992
0.0743,0.00048214655730655244,0.9973710966436903,0.9973710966436903,0.9973702840807318,0.9978962272645855
0.07440000000000001,0.0004741773756693629,0.9973856611678646,0.9973856611678646,0.9973807819347038,0.997904625547763
0.0745,0.0004663399130188676,0.9974001450023614,0.9974001450023614,0.9973912378811308,0.9979129903049047
0.0746,0.0004586319922317124,0.9974145485942135,0.9974145485942135,0.9974016520873084,0.9979213216698467
0.0747,0.00045105147216922695,0.9974288723879775,0.9974288723879775,0.9974120247198639,0.9979296197758911
0.0748,0.0004435962470826505,0.9974431168257469,0.9974431168257469,0.9974223559447597,0.9979378847558077
0.07490000000000001,0.00043626424602818774,0.997457282347166,0.997457282347166,0.9974326459272956,0.9979461167418364
0.075,0.00042905343229173365,0.9974713693894434,0.9974713693894434,0.9974428948321116,0.9979543158656893
0.0751,0.00042196180282310617,0.9974853783873653,0.9974853783873653,0.9974531028231903,0.9979624822585522
0.0752,0.00041498738767963093,0.9974993097733095,0.9974993097733095,0.9974632700638599,0.9979706160510879
0.0753,0.00040812824947892185,0.997513163977258,0.997513163977258,0.9974733967167964,0.9979787173734371
0.07540000000000001,0.000401382482860707,0.9975269414268109,0.9975269414268109,0.9974834829440264,0.9979867863552212
0.0755,0.00039474821395755,0.9975406425471992,0.9975406425471992,0.9974935289069299,0.9979948231255439
0.0756,0.0003882235998743186,0.997554267761298,0.997554267761298,0.9975035347662424,0.998002827812994
0.0757,0.00038180682817625804,0.9975678174896397,0.9975678174896397,0.9975135006820579,0.9980108005456464
0.0758,0.000375496116385525,0.9975812921504269,0.9975812921504269,0.9975234268138313,0.9980187414510651
0.07590000000000001,0.00036928971148604355,0.9975946921595453,0.9975946921595453,0.9975333133203809,0.9980266506563047
0.076,0.00036318588943654495,0.9976080179305764,0.9976080179305764,0.997543160359891,0.9980345282879127
0.0761,0.00035718295469165613,0.9976212698748106,0.9976212698748106,0.9975529680899143,0.9980423744719316
0.0762,0.000351279239730904,0.9976344484012595,0.9976344484012595,0.997562736667375,0.9980501893339
0.0763,0.0003454731045955046,0.9976475539166688,0.9976475539166688,0.9975724662485703,0.9980579729988563
0.07640000000000001,0.00033976293643280865,0.9976605868255307,0.9976605868255307,0.9975821569891739,0.9980657255913391
0.0765,0.00033414714904827613,0.9976735475300966,0.9976735475300966,0.9975918090442377,0.9980734472353902
0.0766,0.0003286241824648569,0.9976864364303892,0.9976864364303892,0.9976014225681947,0.9980811380545558
0.0767,0.00032319250248965327,0.9976992539242152,0.9976992539242152,0.9976109977148618,0.9980887981718894
0.07680000000000001,0.00031785060028774605,0.9977120004071772,0.9977120004071772,0.9976205346374413,0.998096427709953
0.07690000000000001,0.0003125969919630634,0.9977246762726862,0.9977246762726862,0.9976300334885242,0.9981040267908194
0.077,0.00030743021814617845,0.9977372819119736,0.9977372819119736,0.9976394944200925,0.998111595536074
0.0771,0.0003023488435889191,0.9977498177141033,0.9977498177141033,0.997648917583521,0.9981191340668168
0.0772,0.0002973514567656791,0.9977622840659839,0.9977622840659839,0.9976583031295807,0.9981266425036646
0.07730000000000001,0.00029243666948131823,0.9977746813523802,0.9977746813523802,0.9976676512084406,0.9981341209667525
0.07740000000000001,0.00028760311648554386,0.9977870099559255,0.9977870099559255,0.99767696196967,0.9981415695757361
0.0775,0.0002828494550936658,0.9977992702571333,0.9977992702571333,0.9976862355622415,0.9981489884497932
0.0776,0.00027817436481361986,0.997811462634409,0.997811462634409,0.9976954721345325,0.998156377707626
0.0777,0.00027357654697915575,0.9978235874640613,0.9978235874640613,0.9977046718343284,0.9981637374674628
0.07780000000000001,0.00026905472438908833,0.9978356451203145,0.9978356451203145,0.9977138348088248,0.9981710678470599
0.0779,0.0002646076409525113,0.9978476359753192,0.9978476359753192,0.9977229612046294,0.9981783689637035
0.078,0.0002602340613398749,0.9978595603991648,0.9978595603991648,0.9977320511677646,0.9981856409342118
0.0781,0.0002559327706398307,0.9978714187598897,0.9978714187598897,0.9977411048436703,0.9981928838749362
0.0782,0.0002517025740217489,0.9978832114234939,0.9978832114234939,0.9977501223772052,0.9982000979017641
0.07830000000000001,0.0002475422964038127,0.9978949387539493,0.9978949387539493,0.99775910391265,0.9982072831301201
0.0784,0.00024345078212659942,0.9979066011132114,0.9979066011132114,0.9977680495937098,0.9982144396749678
0.0785,0.00023942689463205658,0.9979181988612306,0.9979181988612306,0.9977769595635153,0.9982215676508123
0.0786,0.00023546951614778391,0.9979297323559629,0.9979297323559629,0.9977858339646265,0.9982286671717012
0.0787,0.0002315775473765339,0.9979412019533814,0.9979412019533814,0.9977946729390339,0.9982357383512271
0.07880000000000001,0.00022774990719084427,0.9979526080074869,0.9979526080074869,0.9978034766281613,0.998242781302529
0.0789,0.00022398553233271809,0.997963950870319,0.997963950870319,0.9978122451728678,0.9982497961382942
0.079,0.0002202833771182672,0.9979752308919669,0.9979752308919669,0.9978209787134504,0.9982567829707604
0.0791,0.00021664241314723785,0.9979864484205804,0.9979864484205804,0.997829677389646,0.9982637419117169
0.0792,0.0002130616290173375,0.9979976038023803,0.9979976038023803,0.9978383413406335,0.9982706730725068
0.07930000000000001,0.00020954003004328302,0.9980086973816696,0.9980086973816696,0.9978469707050364,0.9982775765640292
0.0794,0.00020607663798049298,0.9980197295008434,0.9980197295008434,0.9978555656209246,0.9982844524967397
0.0795,0.00020267049075334658,0.9980307005004001,0.9980307005004001,0.997864126225817,0.9982913009806536
0.0796,0.00019932064218793446,0.9980416107189518,0.9980416107189518,0.9978726526566833,0.9982981221253467
0.07970000000000001,0.00019602616174922631,0.9980524604932344,0.9980524604932344,0.997881145049947,0.9983049160399575
0.07980000000000001,0.00019278613428258315,0.9980632501581184,0.9980632501581184,0.9978896035414861,0.9983116828331888
0.0799,0.00018959965975954163,0.9980739800466188,0.9980739800466188,0.9978980282666369,0.9983184226133095
