panel,cluster_load_gw,pole_voltage_kv,bipole_voltage_kv,single_bipole_current_ka
5b,0.1,69,138,0.7246376811594203
5b,0.1,138,276,0.36231884057971014
5b,0.1,230,460,0.21739130434782608
5b,0.1,320,640,0.15625
5b,0.13288590604026845,69,138,0.9629413481178873
5b,0.13288590604026845,138,276,0.48147067405894367
5b,0.13288590604026845,230,460,0.2888824044353662
5b,0.13288590604026845,320,640,0.20763422818791946
5b,0.16577181208053693,69,138,1.2012450150763545
5b,0.16577181208053693,138,276,0.6006225075381773
5b,0.16577181208053693,230,460,0.3603735045229064
5b,0.16577181208053693,320,640,0.259018456375839
5b,0.1986577181208054,69,138,1.439548682034822
5b,0.1986577181208054,138,276,0.719774341017411
5b,0.1986577181208054,230,460,0.43186460461044657
5b,0.1986577181208054,320,640,0.31040268456375847
5b,0.23154362416107385,69,138,1.6778523489932888
5b,0.23154362416107385,138,276,0.8389261744966444
5b,0.23154362416107385,230,460,0.5033557046979866
5b,0.23154362416107385,320,640,0.3617869127516779
5b,0.2644295302013423,69,138,1.9161560159517559
5b,0.2644295302013423,138,276,0.9580780079758779
5b,0.2644295302013423,230,460,0.5748468047855267
5b,0.2644295302013423,320,640,0.4131711409395974
5b,0.2973154362416108,69,138,2.1544596829102227
5b,0.2973154362416108,138,276,1.0772298414551114
5b,0.2973154362416108,230,460,0.646337904873067
5b,0.2973154362416108,320,640,0.4645553691275168
5b,0.33020134228187925,69,138,2.39276334986869
5b,0.33020134228187925,138,276,1.196381674934345
5b,0.33020134228187925,230,460,0.7178290049606071
5b,0.33020134228187925,320,640,0.5159395973154364
5b,0.36308724832214767,69,138,2.6310670168271573
5b,0.36308724832214767,138,276,1.3155335084135786
5b,0.36308724832214767,230,460,0.7893201050481471
5b,0.36308724832214767,320,640,0.5673238255033557
5b,0.3959731543624162,69,138,2.869370683785625
5b,0.3959731543624162,138,276,1.4346853418928125
5b,0.3959731543624162,230,460,0.8608112051356873
5b,0.3959731543624162,320,640,0.6187080536912754
5b,0.4288590604026846,69,138,3.1076743507440914
5b,0.4288590604026846,138,276,1.5538371753720457
5b,0.4288590604026846,230,460,0.9323023052232274
5b,0.4288590604026846,320,640,0.6700922818791948
5b,0.46174496644295304,69,138,3.345978017702558
5b,0.46174496644295304,138,276,1.672989008851279
5b,0.46174496644295304,230,460,1.0037934053107676
5b,0.46174496644295304,320,640,0.7214765100671142
5b,0.4946308724832216,69,138,3.584281684661026
5b,0.4946308724832216,138,276,1.792140842330513
5b,0.4946308724832216,230,460,1.0752845053983078
5b,0.4946308724832216,320,640,0.7728607382550338
5b,0.52751677852349,69,138,3.8225853516194928
5b,0.52751677852349,138,276,1.9112926758097464
5b,0.52751677852349,230,460,1.1467756054858478
5b,0.52751677852349,320,640,0.8242449664429531
5b,0.5604026845637584,69,138,4.060889018577959
5b,0.5604026845637584,138,276,2.0304445092889796
5b,0.5604026845637584,230,460,1.2182667055733878
5b,0.5604026845637584,320,640,0.8756291946308724
5b,0.5932885906040269,69,138,4.299192685536427
5b,0.5932885906040269,138,276,2.1495963427682137
5b,0.5932885906040269,230,460,1.2897578056609282
5b,0.5932885906040269,320,640,0.9270134228187921
5b,0.6261744966442954,69,138,4.537496352494894
5b,0.6261744966442954,138,276,2.268748176247447
5b,0.6261744966442954,230,460,1.3612489057484682
5b,0.6261744966442954,320,640,0.9783976510067115
5b,0.6590604026845638,69,138,4.775800019453361
5b,0.6590604026845638,138,276,2.3879000097266805
5b,0.6590604026845638,230,460,1.432740005836008
5b,0.6590604026845638,320,640,1.029781879194631
5b,0.6919463087248323,69,138,5.014103686411828
5b,0.6919463087248323,138,276,2.507051843205914
5b,0.6919463087248323,230,460,1.5042311059235485
5b,0.6919463087248323,320,640,1.0811661073825505
5b,0.7248322147651007,69,138,5.252407353370295
5b,0.7248322147651007,138,276,2.6262036766851473
5b,0.7248322147651007,230,460,1.5757222060110885
5b,0.7248322147651007,320,640,1.1325503355704698
5b,0.7577181208053693,69,138,5.490711020328763
5b,0.7577181208053693,138,276,2.7453555101643814
5b,0.7577181208053693,230,460,1.647213306098629
5b,0.7577181208053693,320,640,1.1839345637583896
5b,0.7906040268456377,69,138,5.729014687287229
5b,0.7906040268456377,138,276,2.8645073436436146
5b,0.7906040268456377,230,460,1.718704406186169
5b,0.7906040268456377,320,640,1.235318791946309
5b,0.8234899328859061,69,138,5.9673183542456965
5b,0.8234899328859061,138,276,2.9836591771228482
5b,0.8234899328859061,230,460,1.7901955062737087
5b,0.8234899328859061,320,640,1.2867030201342284
5b,0.8563758389261746,69,138,6.205622021204165
5b,0.8563758389261746,138,276,3.1028110106020823
5b,0.8563758389261746,230,460,1.8616866063612492
5b,0.8563758389261746,320,640,1.3380872483221478
5b,0.8892617449664431,69,138,6.443925688162631
5b,0.8892617449664431,138,276,3.2219628440813155
5b,0.8892617449664431,230,460,1.9331777064487892
5b,0.8892617449664431,320,640,1.3894714765100673
5b,0.9221476510067115,69,138,6.682229355121097
5b,0.9221476510067115,138,276,3.3411146775605487
5b,0.9221476510067115,230,460,2.0046688065363294
5b,0.9221476510067115,320,640,1.4408557046979868
5b,0.95503355704698,69,138,6.920533022079565
5b,0.95503355704698,138,276,3.4602665110397823
5b,0.95503355704698,230,460,2.0761599066238694
5b,0.95503355704698,320,640,1.4922399328859062
5b,0.9879194630872484,69,138,7.158836689038032
5b,0.9879194630872484,138,276,3.579418344519016
5b,0.9879194630872484,230,460,2.1476510067114094
5b,0.9879194630872484,320,640,1.5436241610738257
5b,1.020805369127517,69,138,7.3971403559965
5b,1.020805369127517,138,276,3.69857017799825
5b,1.020805369127517,230,460,2.21914210679895
5b,1.020805369127517,320,640,1.5950083892617455
5b,1.0536912751677854,69,138,7.6354440229549665
5b,1.0536912751677854,138,276,3.8177220114774832
5b,1.0536912751677854,230,460,2.29063320688649
5b,1.0536912751677854,320,640,1.6463926174496646
5b,1.0865771812080538,69,138,7.873747689913434
5b,1.0865771812080538,138,276,3.936873844956717
5b,1.0865771812080538,230,460,2.36212430697403
5b,1.0865771812080538,320,640,1.6977768456375841
5b,1.1194630872483224,69,138,8.112051356871902
5b,1.1194630872483224,138,276,4.056025678435951
5b,1.1194630872483224,230,460,2.4336154070615708
5b,1.1194630872483224,320,640,1.749161073825504
5b,1.1523489932885909,69,138,8.35035502383037
5b,1.1523489932885909,138,276,4.175177511915185
5b,1.1523489932885909,230,460,2.5051065071491108
5b,1.1523489932885909,320,640,1.8005453020134232
5b,1.1852348993288593,69,138,8.588658690788836
5b,1.1852348993288593,138,276,4.294329345394418
5b,1.1852348993288593,230,460,2.5765976072366508
5b,1.1852348993288593,320,640,1.8519295302013428
5b,1.2181208053691277,69,138,8.826962357747304
5b,1.2181208053691277,138,276,4.413481178873652
5b,1.2181208053691277,230,460,2.6480887073241908
5b,1.2181208053691277,320,640,1.903313758389262
5b,1.2510067114093963,69,138,9.065266024705771
5b,1.2510067114093963,138,276,4.5326330123528855
5b,1.2510067114093963,230,460,2.7195798074117317
5b,1.2510067114093963,320,640,1.9546979865771819
5b,1.2838926174496648,69,138,9.303569691664237
5b,1.2838926174496648,138,276,4.651784845832118
5b,1.2838926174496648,230,460,2.7910709074992717
5b,1.2838926174496648,320,640,2.0060822147651014
5b,1.3167785234899332,69,138,9.541873358622704
5b,1.3167785234899332,138,276,4.770936679311352
5b,1.3167785234899332,230,460,2.8625620075868112
5b,1.3167785234899332,320,640,2.0574664429530207
5b,1.3496644295302016,69,138,9.780177025581171
5b,1.3496644295302016,138,276,4.8900885127905855
5b,1.3496644295302016,230,460,2.9340531076743512
5b,1.3496644295302016,320,640,2.10885067114094
5b,1.38255033557047,69,138,10.018480692539638
5b,1.38255033557047,138,276,5.009240346269819
5b,1.38255033557047,230,460,3.0055442077618912
5b,1.38255033557047,320,640,2.16023489932886
5b,1.4154362416107387,69,138,10.256784359498107
5b,1.4154362416107387,138,276,5.128392179749054
5b,1.4154362416107387,230,460,3.077035307849432
5b,1.4154362416107387,320,640,2.2116191275167796
5b,1.448322147651007,69,138,10.495088026456573
5b,1.448322147651007,138,276,5.2475440132282865
5b,1.448322147651007,230,460,3.148526407936972
5b,1.448322147651007,320,640,2.2630033557046985
5b,1.4812080536912755,69,138,10.73339169341504
5b,1.4812080536912755,138,276,5.36669584670752
5b,1.4812080536912755,230,460,3.220017508024512
5b,1.4812080536912755,320,640,2.3143875838926182
5b,1.514093959731544,69,138,10.971695360373507
5b,1.514093959731544,138,276,5.485847680186754
5b,1.514093959731544,230,460,3.291508608112052
5b,1.514093959731544,320,640,2.3657718120805376
5b,1.5469798657718123,69,138,11.209999027331975
5b,1.5469798657718123,138,276,5.604999513665987
5b,1.5469798657718123,230,460,3.362999708199592
5b,1.5469798657718123,320,640,2.417156040268457
5b,1.5798657718120808,69,138,11.448302694290442
5b,1.5798657718120808,138,276,5.724151347145221
5b,1.5798657718120808,230,460,3.4344908082871326
5b,1.5798657718120808,320,640,2.4685402684563766
5b,1.6127516778523494,69,138,11.68660636124891
5b,1.6127516778523494,138,276,5.843303180624455
5b,1.6127516778523494,230,460,3.505981908374673
5b,1.6127516778523494,320,640,2.519924496644296
5b,1.6456375838926178,69,138,11.924910028207377
5b,1.6456375838926178,138,276,5.962455014103688
5b,1.6456375838926178,230,460,3.577473008462213
5b,1.6456375838926178,320,640,2.5713087248322153
5b,1.6785234899328862,69,138,12.163213695165844
5b,1.6785234899328862,138,276,6.081606847582922
5b,1.6785234899328862,230,460,3.6489641085497526
5b,1.6785234899328862,320,640,2.622692953020135
5b,1.7114093959731547,69,138,12.401517362124311
5b,1.7114093959731547,138,276,6.2007586810621556
5b,1.7114093959731547,230,460,3.7204552086372926
5b,1.7114093959731547,320,640,2.6740771812080544
5b,1.744295302013423,69,138,12.639821029082777
5b,1.744295302013423,138,276,6.319910514541388
5b,1.744295302013423,230,460,3.791946308724833
5b,1.744295302013423,320,640,2.7254614093959737
5b,1.7771812080536917,69,138,12.878124696041244
5b,1.7771812080536917,138,276,6.439062348020622
5b,1.7771812080536917,230,460,3.863437408812373
5b,1.7771812080536917,320,640,2.776845637583893
5b,1.8100671140939602,69,138,13.11642836299971
5b,1.8100671140939602,138,276,6.558214181499855
5b,1.8100671140939602,230,460,3.934928508899913
5b,1.8100671140939602,320,640,2.8282298657718123
5b,1.8429530201342286,69,138,13.354732029958177
5b,1.8429530201342286,138,276,6.677366014979088
5b,1.8429530201342286,230,460,4.0064196089874535
5b,1.8429530201342286,320,640,2.879614093959732
5b,1.875838926174497,69,138,13.593035696916644
5b,1.875838926174497,138,276,6.796517848458322
5b,1.875838926174497,230,460,4.077910709074993
5b,1.875838926174497,320,640,2.9309983221476514
5b,1.9087248322147654,69,138,13.831339363875111
5b,1.9087248322147654,138,276,6.915669681937556
5b,1.9087248322147654,230,460,4.149401809162533
5b,1.9087248322147654,320,640,2.9823825503355708
5b,1.9416107382550338,69,138,14.069643030833578
5b,1.9416107382550338,138,276,7.034821515416789
5b,1.9416107382550338,230,460,4.220892909250073
5b,1.9416107382550338,320,640,3.03376677852349
5b,1.9744966442953025,69,138,14.307946697792046
5b,1.9744966442953025,138,276,7.153973348896023
5b,1.9744966442953025,230,460,4.2923840093376135
5b,1.9744966442953025,320,640,3.08515100671141
5b,2.0073825503355707,69,138,14.546250364750511
5b,2.0073825503355707,138,276,7.273125182375256
5b,2.0073825503355707,230,460,4.3638751094251536
5b,2.0073825503355707,320,640,3.136535234899329
5b,2.040268456375839,69,138,14.784554031708979
5b,2.040268456375839,138,276,7.392277015854489
5b,2.040268456375839,230,460,4.435366209512694
5b,2.040268456375839,320,640,3.1879194630872485
5b,2.0731543624161075,69,138,15.022857698667446
5b,2.0731543624161075,138,276,7.511428849333723
5b,2.0731543624161075,230,460,4.506857309600234
5b,2.0731543624161075,320,640,3.239303691275168
5b,2.1060402684563764,69,138,15.261161365625917
5b,2.1060402684563764,138,276,7.630580682812958
5b,2.1060402684563764,230,460,4.5783484096877745
5b,2.1060402684563764,320,640,3.290687919463088
5b,2.138926174496645,69,138,15.499465032584382
5b,2.138926174496645,138,276,7.749732516292191
5b,2.138926174496645,230,460,4.6498395097753145
5b,2.138926174496645,320,640,3.3420721476510074
5b,2.171812080536913,69,138,15.737768699542851
5b,2.171812080536913,138,276,7.868884349771426
5b,2.171812080536913,230,460,4.721330609862855
5b,2.171812080536913,320,640,3.393456375838927
5b,2.2046979865771816,69,138,15.976072366501317
5b,2.2046979865771816,138,276,7.988036183250658
5b,2.2046979865771816,230,460,4.792821709950395
5b,2.2046979865771816,320,640,3.4448406040268464
5b,2.23758389261745,69,138,16.214376033459786
5b,2.23758389261745,138,276,8.107188016729893
5b,2.23758389261745,230,460,4.864312810037935
5b,2.23758389261745,320,640,3.496224832214766
5b,2.2704697986577185,69,138,16.45267970041825
5b,2.2704697986577185,138,276,8.226339850209126
5b,2.2704697986577185,230,460,4.935803910125475
5b,2.2704697986577185,320,640,3.5476090604026855
5b,2.303355704697987,69,138,16.690983367376717
5b,2.303355704697987,138,276,8.345491683688358
5b,2.303355704697987,230,460,5.007295010213015
5b,2.303355704697987,320,640,3.5989932885906044
5b,2.3362416107382553,69,138,16.929287034335186
5b,2.3362416107382553,138,276,8.464643517167593
5b,2.3362416107382553,230,460,5.078786110300555
5b,2.3362416107382553,320,640,3.650377516778524
5b,2.3691275167785237,69,138,17.16759070129365
5b,2.3691275167785237,138,276,8.583795350646826
5b,2.3691275167785237,230,460,5.150277210388095
5b,2.3691275167785237,320,640,3.7017617449664435
5b,2.4020134228187926,69,138,17.40589436825212
5b,2.4020134228187926,138,276,8.70294718412606
5b,2.4020134228187926,230,460,5.221768310475637
5b,2.4020134228187926,320,640,3.7531459731543637
5b,2.434899328859061,69,138,17.64419803521059
5b,2.434899328859061,138,276,8.822099017605295
5b,2.434899328859061,230,460,5.293259410563177
5b,2.434899328859061,320,640,3.8045302013422835
5b,2.4677852348993294,69,138,17.882501702169055
5b,2.4677852348993294,138,276,8.941250851084527
5b,2.4677852348993294,230,460,5.364750510650717
5b,2.4677852348993294,320,640,3.855914429530203
5b,2.500671140939598,69,138,18.120805369127524
5b,2.500671140939598,138,276,9.060402684563762
5b,2.500671140939598,230,460,5.436241610738257
5b,2.500671140939598,320,640,3.9072986577181217
5b,2.5335570469798663,69,138,18.35910903608599
5b,2.5335570469798663,138,276,9.179554518042995
5b,2.5335570469798663,230,460,5.507732710825797
5b,2.5335570469798663,320,640,3.9586828859060414
5b,2.5664429530201347,69,138,18.597412703044455
5b,2.5664429530201347,138,276,9.298706351522227
5b,2.5664429530201347,230,460,5.579223810913337
5b,2.5664429530201347,320,640,4.01006711409396
5b,2.599328859060403,69,138,18.835716370002924
5b,2.599328859060403,138,276,9.417858185001462
5b,2.599328859060403,230,460,5.650714911000877
5b,2.599328859060403,320,640,4.06145134228188
5b,2.6322147651006715,69,138,19.07402003696139
5b,2.6322147651006715,138,276,9.537010018480695
5b,2.6322147651006715,230,460,5.722206011088416
5b,2.6322147651006715,320,640,4.1128355704698
5b,2.66510067114094,69,138,19.31232370391986
5b,2.66510067114094,138,276,9.65616185195993
5b,2.66510067114094,230,460,5.793697111175956
5b,2.66510067114094,320,640,4.16421979865772
5b,2.6979865771812084,69,138,19.550627370878324
5b,2.6979865771812084,138,276,9.775313685439162
5b,2.6979865771812084,230,460,5.865188211263496
5b,2.6979865771812084,320,640,4.2156040268456385
5b,2.7308724832214772,69,138,19.788931037836793
5b,2.7308724832214772,138,276,9.894465518918397
5b,2.7308724832214772,230,460,5.936679311351036
5b,2.7308724832214772,320,640,4.266988255033558
5b,2.7637583892617457,69,138,20.02723470479526
5b,2.7637583892617457,138,276,10.01361735239763
5b,2.7637583892617457,230,460,6.008170411438577
5b,2.7637583892617457,320,640,4.318372483221477
5b,2.796644295302014,69,138,20.265538371753724
5b,2.796644295302014,138,276,10.132769185876862
5b,2.796644295302014,230,460,6.079661511526117
5b,2.796644295302014,320,640,4.369756711409396
5b,2.8295302013422825,69,138,20.503842038712193
5b,2.8295302013422825,138,276,10.251921019356097
5b,2.8295302013422825,230,460,6.151152611613657
5b,2.8295302013422825,320,640,4.421140939597316
5b,2.862416107382551,69,138,20.742145705670655
5b,2.862416107382551,138,276,10.371072852835328
5b,2.862416107382551,230,460,6.222643711701197
5b,2.862416107382551,320,640,4.472525167785236
5b,2.8953020134228193,69,138,20.980449372629124
5b,2.8953020134228193,138,276,10.490224686314562
5b,2.8953020134228193,230,460,6.294134811788737
5b,2.8953020134228193,320,640,4.5239093959731544
5b,2.9281879194630878,69,138,21.21875303958759
5b,2.9281879194630878,138,276,10.609376519793795
5b,2.9281879194630878,230,460,6.365625911876277
5b,2.9281879194630878,320,640,4.575293624161074
5b,2.961073825503356,69,138,21.457056706546055
5b,2.961073825503356,138,276,10.728528353273028
5b,2.961073825503356,230,460,6.437117011963817
5b,2.961073825503356,320,640,4.626677852348994
5b,2.9939597315436246,69,138,21.695360373504524
5b,2.9939597315436246,138,276,10.847680186752262
5b,2.9939597315436246,230,460,6.508608112051357
5b,2.9939597315436246,320,640,4.678062080536914
5b,3.026845637583893,69,138,21.93366404046299
5b,3.026845637583893,138,276,10.966832020231495
5b,3.026845637583893,230,460,6.580099212138897
5b,3.026845637583893,320,640,4.729446308724833
5b,3.0597315436241614,69,138,22.17196770742146
5b,3.0597315436241614,138,276,11.08598385371073
5b,3.0597315436241614,230,460,6.651590312226437
5b,3.0597315436241614,320,640,4.780830536912752
5b,3.0926174496644303,69,138,22.410271374379928
5b,3.0926174496644303,138,276,11.205135687189964
5b,3.0926174496644303,230,460,6.723081412313979
5b,3.0926174496644303,320,640,4.832214765100671
5b,3.1255033557046987,69,138,22.648575041338393
5b,3.1255033557046987,138,276,11.324287520669197
5b,3.1255033557046987,230,460,6.794572512401519
5b,3.1255033557046987,320,640,4.883598993288591
5b,3.158389261744967,69,138,22.886878708296862
5b,3.158389261744967,138,276,11.443439354148431
5b,3.158389261744967,230,460,6.866063612489059
5b,3.158389261744967,320,640,4.934983221476511
5b,3.1912751677852356,69,138,23.125182375255328
5b,3.1912751677852356,138,276,11.562591187627664
5b,3.1912751677852356,230,460,6.937554712576599
5b,3.1912751677852356,320,640,4.986367449664431
5b,3.224161073825504,69,138,23.363486042213797
5b,3.224161073825504,138,276,11.681743021106898
5b,3.224161073825504,230,460,7.009045812664139
5b,3.224161073825504,320,640,5.0377516778523495
5b,3.2570469798657724,69,138,23.601789709172262
5b,3.2570469798657724,138,276,11.800894854586131
5b,3.2570469798657724,230,460,7.080536912751679
5b,3.2570469798657724,320,640,5.089135906040269
5b,3.289932885906041,69,138,23.840093376130728
5b,3.289932885906041,138,276,11.920046688065364
5b,3.289932885906041,230,460,7.152028012839219
5b,3.289932885906041,320,640,5.140520134228189
5b,3.3228187919463092,69,138,24.078397043089197
5b,3.3228187919463092,138,276,12.039198521544598
5b,3.3228187919463092,230,460,7.223519112926759
5b,3.3228187919463092,320,640,5.191904362416108
5b,3.3557046979865777,69,138,24.316700710047662
5b,3.3557046979865777,138,276,12.158350355023831
5b,3.3557046979865777,230,460,7.295010213014299
5b,3.3557046979865777,320,640,5.243288590604028
5b,3.388590604026846,69,138,24.55500437700613
5b,3.388590604026846,138,276,12.277502188503066
5b,3.388590604026846,230,460,7.366501313101838
5b,3.388590604026846,320,640,5.294672818791947
5b,3.4214765100671145,69,138,24.793308043964597
5b,3.4214765100671145,138,276,12.396654021982298
5b,3.4214765100671145,230,460,7.437992413189379
5b,3.4214765100671145,320,640,5.346057046979866
5b,3.4543624161073834,69,138,25.031611710923066
5b,3.4543624161073834,138,276,12.515805855461533
5b,3.4543624161073834,230,460,7.50948351327692
5b,3.4543624161073834,320,640,5.397441275167786
5b,3.487248322147652,69,138,25.269915377881535
5b,3.487248322147652,138,276,12.634957688940768
5b,3.487248322147652,230,460,7.58097461336446
5b,3.487248322147652,320,640,5.448825503355706
5b,3.52013422818792,69,138,25.50821904484
5b,3.52013422818792,138,276,12.75410952242
5b,3.52013422818792,230,460,7.652465713452
5b,3.52013422818792,320,640,5.500209731543625
5b,3.5530201342281886,69,138,25.74652271179847
5b,3.5530201342281886,138,276,12.873261355899235
5b,3.5530201342281886,230,460,7.72395681353954
5b,3.5530201342281886,320,640,5.5515939597315445
5b,3.585906040268457,69,138,25.984826378756935
5b,3.585906040268457,138,276,12.992413189378468
5b,3.585906040268457,230,460,7.79544791362708
5b,3.585906040268457,320,640,5.602978187919464
5b,3.6187919463087255,69,138,26.2231300457154
5b,3.6187919463087255,138,276,13.1115650228577
5b,3.6187919463087255,230,460,7.86693901371462
5b,3.6187919463087255,320,640,5.654362416107383
5b,3.651677852348994,69,138,26.46143371267387
5b,3.651677852348994,138,276,13.230716856336935
5b,3.651677852348994,230,460,7.93843011380216
5b,3.651677852348994,320,640,5.705746644295303
5b,3.6845637583892623,69,138,26.699737379632335
5b,3.6845637583892623,138,276,13.349868689816168
5b,3.6845637583892623,230,460,8.009921213889701
5b,3.6845637583892623,320,640,5.757130872483223
5b,3.7174496644295307,69,138,26.938041046590804
5b,3.7174496644295307,138,276,13.469020523295402
5b,3.7174496644295307,230,460,8.081412313977241
5b,3.7174496644295307,320,640,5.8085151006711415
5b,3.750335570469799,69,138,27.176344713549266
5b,3.750335570469799,138,276,13.588172356774633
5b,3.750335570469799,230,460,8.152903414064781
5b,3.750335570469799,320,640,5.859899328859061
5b,3.7832214765100676,69,138,27.414648380507735
5b,3.7832214765100676,138,276,13.707324190253868
5b,3.7832214765100676,230,460,8.22439451415232
5b,3.7832214765100676,320,640,5.91128355704698
5b,3.8161073825503364,69,138,27.652952047466204
5b,3.8161073825503364,138,276,13.826476023733102
5b,3.8161073825503364,230,460,8.295885614239861
5b,3.8161073825503364,320,640,5.9626677852349
5b,3.848993288590605,69,138,27.89125571442467
5b,3.848993288590605,138,276,13.945627857212335
5b,3.848993288590605,230,460,8.367376714327401
5b,3.848993288590605,320,640,6.01405201342282
5b,3.8818791946308733,69,138,28.12955938138314
5b,3.8818791946308733,138,276,14.06477969069157
5b,3.8818791946308733,230,460,8.438867814414941
5b,3.8818791946308733,320,640,6.0654362416107395
5b,3.9147651006711417,69,138,28.367863048341604
5b,3.9147651006711417,138,276,14.183931524170802
5b,3.9147651006711417,230,460,8.510358914502481
5b,3.9147651006711417,320,640,6.116820469798658
5b,3.94765100671141,69,138,28.606166715300073
5b,3.94765100671141,138,276,14.303083357650037
5b,3.94765100671141,230,460,8.581850014590021
5b,3.94765100671141,320,640,6.168204697986578
5b,3.9805369127516785,69,138,28.84447038225854
5b,3.9805369127516785,138,276,14.42223519112927
5b,3.9805369127516785,230,460,8.653341114677561
5b,3.9805369127516785,320,640,6.219588926174498
5b,4.0134228187919465,69,138,29.082774049217
5b,4.0134228187919465,138,276,14.5413870246085
5b,4.0134228187919465,230,460,8.724832214765101
5b,4.0134228187919465,320,640,6.270973154362417
5b,4.046308724832215,69,138,29.321077716175473
5b,4.046308724832215,138,276,14.660538858087737
5b,4.046308724832215,230,460,8.796323314852641
5b,4.046308724832215,320,640,6.3223573825503365
5b,4.079194630872483,69,138,29.559381383133935
5b,4.079194630872483,138,276,14.779690691566968
5b,4.079194630872483,230,460,8.867814414940181
5b,4.079194630872483,320,640,6.373741610738255
5b,4.112080536912752,69,138,29.797685050092408
5b,4.112080536912752,138,276,14.898842525046204
5b,4.112080536912752,230,460,8.939305515027721
5b,4.112080536912752,320,640,6.425125838926176
5b,4.14496644295302,69,138,30.03598871705087
5b,4.14496644295302,138,276,15.017994358525435
5b,4.14496644295302,230,460,9.010796615115261
5b,4.14496644295302,320,640,6.476510067114093
5b,4.177852348993289,69,138,30.27429238400934
5b,4.177852348993289,138,276,15.13714619200467
5b,4.177852348993289,230,460,9.082287715202801
5b,4.177852348993289,320,640,6.527894295302014
5b,4.210738255033557,69,138,30.512596050967804
5b,4.210738255033557,138,276,15.256298025483902
5b,4.210738255033557,230,460,9.153778815290341
5b,4.210738255033557,320,640,6.579278523489933
5b,4.243624161073826,69,138,30.750899717926274
5b,4.243624161073826,138,276,15.375449858963137
5b,4.243624161073826,230,460,9.225269915377883
5b,4.243624161073826,320,640,6.6306627516778525
5b,4.276510067114094,69,138,30.98920338488474
5b,4.276510067114094,138,276,15.49460169244237
5b,4.276510067114094,230,460,9.296761015465421
5b,4.276510067114094,320,640,6.682046979865771
5b,4.309395973154363,69,138,31.227507051843208
5b,4.309395973154363,138,276,15.613753525921604
5b,4.309395973154363,230,460,9.368252115552963
5b,4.309395973154363,320,640,6.733431208053692
5b,4.342281879194632,69,138,31.465810718801677
5b,4.342281879194632,138,276,15.732905359400839
5b,4.342281879194632,230,460,9.439743215640503
5b,4.342281879194632,320,640,6.784815436241612
5b,4.3751677852349,69,138,31.704114385760143
5b,4.3751677852349,138,276,15.852057192880071
5b,4.3751677852349,230,460,9.511234315728043
5b,4.3751677852349,320,640,6.836199664429531
5b,4.408053691275168,69,138,31.94241805271861
5b,4.408053691275168,138,276,15.971209026359306
5b,4.408053691275168,230,460,9.582725415815583
5b,4.408053691275168,320,640,6.887583892617451
5b,4.440939597315436,69,138,32.180721719677074
5b,4.440939597315436,138,276,16.090360859838537
5b,4.440939597315436,230,460,9.654216515903123
5b,4.440939597315436,320,640,6.938968120805369
5b,4.473825503355705,69,138,32.419025386635546
5b,4.473825503355705,138,276,16.209512693317773
5b,4.473825503355705,230,460,9.725707615990663
5b,4.473825503355705,320,640,6.99035234899329
5b,4.506711409395973,69,138,32.65732905359401
5b,4.506711409395973,138,276,16.328664526797006
5b,4.506711409395973,230,460,9.797198716078203
5b,4.506711409395973,320,640,7.041736577181208
5b,4.539597315436242,69,138,32.89563272055248
5b,4.539597315436242,138,276,16.44781636027624
5b,4.539597315436242,230,460,9.868689816165745
5b,4.539597315436242,320,640,7.093120805369128
5b,4.57248322147651,69,138,33.13393638751094
5b,4.57248322147651,138,276,16.56696819375547
5b,4.57248322147651,230,460,9.940180916253283
5b,4.57248322147651,320,640,7.144505033557047
5b,4.605369127516779,69,138,33.37224005446941
5b,4.605369127516779,138,276,16.686120027234704
5b,4.605369127516779,230,460,10.011672016340825
5b,4.605369127516779,320,640,7.195889261744967
5b,4.638255033557047,69,138,33.61054372142788
5b,4.638255033557047,138,276,16.80527186071394
5b,4.638255033557047,230,460,10.083163116428363
5b,4.638255033557047,320,640,7.247273489932886
5b,4.671140939597316,69,138,33.848847388386346
5b,4.671140939597316,138,276,16.924423694193173
5b,4.671140939597316,230,460,10.154654216515905
5b,4.671140939597316,320,640,7.298657718120806
5b,4.704026845637585,69,138,34.08715105534482
5b,4.704026845637585,138,276,17.04357552767241
5b,4.704026845637585,230,460,10.226145316603445
5b,4.704026845637585,320,640,7.3500419463087265
5b,4.736912751677853,69,138,34.32545472230328
5b,4.736912751677853,138,276,17.16272736115164
5b,4.736912751677853,230,460,10.297636416690985
5b,4.736912751677853,320,640,7.4014261744966445
5b,4.7697986577181215,69,138,34.56375838926175
5b,4.7697986577181215,138,276,17.281879194630875
5b,4.7697986577181215,230,460,10.369127516778525
5b,4.7697986577181215,320,640,7.452810402684565
5b,4.8026845637583895,69,138,34.802062056220215
5b,4.8026845637583895,138,276,17.401031028110108
5b,4.8026845637583895,230,460,10.440618616866065
5b,4.8026845637583895,320,640,7.504194630872484
5b,4.835570469798658,69,138,35.04036572317869
5b,4.835570469798658,138,276,17.520182861589344
5b,4.835570469798658,230,460,10.512109716953606
5b,4.835570469798658,320,640,7.555578859060403
5b,4.868456375838926,69,138,35.278669390137146
5b,4.868456375838926,138,276,17.639334695068573
5b,4.868456375838926,230,460,10.583600817041145
5b,4.868456375838926,320,640,7.606963087248322
5b,4.901342281879195,69,138,35.51697305709562
5b,4.901342281879195,138,276,17.75848652854781
5b,4.901342281879195,230,460,10.655091917128686
5b,4.901342281879195,320,640,7.6583473154362425
5b,4.934228187919463,69,138,35.75527672405408
5b,4.934228187919463,138,276,17.87763836202704
5b,4.934228187919463,230,460,10.726583017216225
5b,4.934228187919463,320,640,7.709731543624161
5b,4.967114093959732,69,138,35.99358039101256
5b,4.967114093959732,138,276,17.99679019550628
5b,4.967114093959732,230,460,10.798074117303766
5b,4.967114093959732,320,640,7.761115771812081
5b,5.0,69,138,36.231884057971016
5b,5.0,138,276,18.115942028985508
5b,5.0,230,460,10.869565217391305
5b,5.0,320,640,7.8125
