time_s,poi_voltage_pu,poi_angle_rad,poi_bus,event
0.0,1.01660454,-0.13451618,150,0
0.02,1.01656852,-0.13620191,150,0
0.04,1.01670801,-0.13734454,150,0
0.06,1.01681083,-0.13807864,150,0
0.08,1.01684617,-0.13858181,150,0
0.1,1.01682941,-0.1389798,150,0
0.12,1.01678109,-0.13934732,150,0
0.14,1.01671722,-0.13972527,150,0
0.16,1.01664852,-0.14013491,150,0
0.18,1.01658159,-0.14058677,150,0
0.2,1.01652022,-0.14108575,150,0
0.22,1.01646632,-0.14163383,150,0
0.24,1.01642061,-0.14223148,150,0
0.26,1.01638305,-0.14287841,150,0
0.28,1.01635317,-0.14357394,150,0
0.3,1.01633025,-0.14431718,150,0
0.32,1.01631347,-0.14510715,150,0
0.34,1.01630196,-0.14594283,150,0
0.36,1.01629492,-0.14682315,150,0
0.38,1.01629159,-0.14774707,150,0
0.4,1.01629128,-0.14871354,150,0
0.42,1.01629342,-0.14972153,150,0
0.44,1.0162975,-0.15077001,150,0
0.46,1.01630309,-0.15185799,150,0
0.48,1.01630985,-0.15298446,150,0
0.5,1.01631747,-0.15414846,150,0
0.52,1.01632573,-0.15534902,150,0
0.54,1.01633442,-0.1565852,150,0
0.56,1.01634339,-0.15785608,150,0
0.58,1.01635251,-0.15916072,150,0
0.6,1.01636168,-0.16049825,150,0
0.62,1.01637081,-0.16186776,150,0
0.64,1.01637983,-0.16326839,150,0
0.66,1.01638868,-0.16469928,150,0
0.68,1.01639732,-0.16615958,150,0
0.7,1.0164057,-0.16764846,150,0
0.72,1.01641378,-0.16916511,150,0
0.74,1.01642154,-0.1707087,150,0
0.76,1.01642896,-0.17227845,150,0
0.78,1.01643601,-0.17387357,150,0
0.8,1.01644267,-0.17549327,150,0
0.82,1.01644893,-0.1771368,150,0
0.84,1.01645478,-0.17880339,150,0
0.86,1.01646021,-0.18049229,150,0
0.88,1.01646523,-0.18220276,150,0
0.9,1.01646984,-0.18393405,150,0
0.92,1.01647403,-0.18568545,150,0
0.94,1.01647782,-0.18745622,150,0
0.96,1.01648122,-0.18924564,150,0
0.98,1.01648425,-0.19105301,150,0
1.0,0.10224176,0.02029028,150,0
1.02,0.09603573,0.17736983,150,0
1.04,0.88714409,0.09821826,150,0
1.06,0.93715589,-0.03938514,150,0
1.08,0.97292571,-0.0975866,150,0
1.1,0.99654521,-0.12025962,150,0
1.12,1.01285654,-0.1262986,150,0
1.14,1.0249839,-0.12449219,150,0
1.16,1.03441617,-0.11922112,150,0
1.18,1.04163015,-0.11265414,150,0
1.2,1.04665617,-0.10576885,150,0
1.22,1.04994094,-0.09891792,150,0
1.24,1.05187235,-0.09229694,150,0
1.26,1.05276878,-0.08602433,150,0
1.28,1.05288926,-0.08017648,150,0
1.3,1.05244199,-0.07480438,150,0
1.32,1.05159196,-0.06994203,150,0
1.34,1.05046792,-0.06561094,150,0
1.36,1.0491687,-0.06182282,150,0
1.38,1.04776869,-0.05858136,150,0
1.4,1.04632274,-0.05588356,150,0
1.42,1.04487022,-0.05372081,150,0
1.44,1.04343855,-0.05207987,150,0
1.46,1.04204607,-0.05094375,150,0
1.48,1.04070438,-0.05029251,150,0
1.5,1.03942025,-0.05010402,150,0
1.52,1.0381971,-0.05035474,150,0
1.54,1.03703616,-0.05102033,150,0
1.56,1.03593734,-0.05207625,150,0
1.58,1.03489981,-0.05349832,150,0
1.6,1.03392248,-0.05526309,150,0
1.62,1.03300422,-0.05734818,150,0
1.64,1.03214401,-0.05973256,150,0
1.66,1.03134098,-0.0623966,150,0
1.68,1.03059435,-0.06532221,150,0
1.7,1.0299034,-0.06849274,150,0
1.72,1.02926731,-0.07189292,150,0
1.74,1.0286851,-0.07550868,150,0
1.76,1.02815548,-0.07932703,150,0
1.78,1.02767681,-0.08333581,150,0
1.8,1.02724698,-0.08752355,150,0
1.82,1.02686343,-0.09187924,150,0
1.84,1.02652312,-0.09639224,150,0
1.86,1.02622256,-0.10105215,150,0
1.88,1.02595784,-0.10584872,150,0
1.9,1.02572478,-0.11077183,150,0
1.92,1.02551895,-0.1158115,150,0
1.94,1.02533582,-0.12095791,150,0
1.96,1.02517086,-0.1262015,150,0
1.98,1.02501964,-0.13153304,150,0
2.0,1.02487799,-0.13694373,150,0
2.02,1.02474203,-0.14242527,150,0
2.04,1.02460828,-0.14797001,150,0
2.06,1.02447373,-0.15357096,150,0
2.08,1.02433585,-0.15922188,150,0
2.1,1.02419263,-0.16491726,150,0
2.12,1.02404258,-0.17065237,150,0
2.14,1.02388468,-0.17642312,150,0
2.16,1.02371837,-0.18222609,150,0
2.18,1.02354348,-0.18805833,150,0
2.2,1.02336018,-0.19391732,150,0
2.22,1.02316889,-0.1998008,150,0
2.24,1.02297027,-0.20570662,150,0
2.26,1.0227651,-0.21163262,150,0
2.28,1.02255429,-0.21757653,150,0
2.3,1.02233877,-0.22353581,150,0
2.32,1.02211953,-0.22950761,150,0
2.34,1.02189755,-0.23548871,150,0
2.36,1.0216738,-0.24147546,150,0
2.38,1.02144926,-0.24746382,150,0
2.4,1.02122489,-0.25344934,150,0
2.42,1.02100167,-0.25942726,150,0
2.44,1.02078058,-0.26539252,150,0
2.46,1.02056261,-0.27133989,150,0
2.48,1.02034882,-0.27726401,150,0
2.5,1.02014023,-0.28315952,150,0
2.52,1.01993794,-0.28902112,150,0
2.54,1.019743,-0.29484367,150,0
2.56,1.01955647,-0.30062225,150,0
2.58,1.01937938,-0.3063522,150,0
2.6,1.01921269,-0.31202919,150,0
2.62,1.01905726,-0.31764925,150,0
2.64,1.01891383,-0.32320874,150,0
2.66,1.01878299,-0.32870442,150,0
2.68,1.01866515,-0.33413338,150,0
2.7,1.01856053,-0.33949309,150,0
2.72,1.01846915,-0.34478129,150,0
2.74,1.0183908,-0.34999605,150,0
2.76,1.01832506,-0.35513572,150,0
2.78,1.0182713,-0.36019889,150,0
2.8,1.01822871,-0.36518439,150,0
2.82,1.01819629,-0.37009125,150,0
2.84,1.01817293,-0.37491876,150,0
2.86,1.01815737,-0.37966637,150,0
2.88,1.0181483,-0.38433376,150,0
2.9,1.01814435,-0.38892083,150,0
2.92,1.01814416,-0.39342767,150,0
2.94,1.01814637,-0.39785462,150,0
2.96,1.01814968,-0.40220222,150,0
2.98,1.01815289,-0.40647126,150,0
0.0,1.01660454,-0.13451618,150,1
0.02,1.01656852,-0.13620191,150,1
0.04,1.01670801,-0.13734454,150,1
0.06,1.01681083,-0.13807864,150,1
0.08,1.01684617,-0.13858181,150,1
0.1,1.01682941,-0.1389798,150,1
0.12,1.01678109,-0.13934732,150,1
0.14,1.01671722,-0.13972527,150,1
0.16,1.01664852,-0.14013491,150,1
0.18,1.01658159,-0.14058677,150,1
0.2,1.01652022,-0.14108575,150,1
0.22,1.01646632,-0.14163383,150,1
0.24,1.01642061,-0.14223148,150,1
0.26,1.01638305,-0.14287841,150,1
0.28,1.01635317,-0.14357394,150,1
0.3,1.01633025,-0.14431718,150,1
0.32,1.01631347,-0.14510715,150,1
0.34,1.01630196,-0.14594283,150,1
0.36,1.01629492,-0.14682315,150,1
0.38,1.01629159,-0.14774707,150,1
0.4,1.01629128,-0.14871354,150,1
0.42,1.01629342,-0.14972153,150,1
0.44,1.0162975,-0.15077001,150,1
0.46,1.01630309,-0.15185799,150,1
0.48,1.01630985,-0.15298446,150,1
0.5,1.01631747,-0.15414846,150,1
0.52,1.01632573,-0.15534902,150,1
0.54,1.01633442,-0.1565852,150,1
0.56,1.01634339,-0.15785608,150,1
0.58,1.01635251,-0.15916072,150,1
0.6,1.01636168,-0.16049825,150,1
0.62,1.01637081,-0.16186776,150,1
0.64,1.01637983,-0.16326839,150,1
0.66,1.01638868,-0.16469928,150,1
0.68,1.01639732,-0.16615958,150,1
0.7,1.0164057,-0.16764846,150,1
0.72,1.01641378,-0.16916511,150,1
0.74,1.01642154,-0.1707087,150,1
0.76,1.01642896,-0.17227845,150,1
0.78,1.01643601,-0.17387357,150,1
0.8,1.01644267,-0.17549327,150,1
0.82,1.01644893,-0.1771368,150,1
0.84,1.01645478,-0.17880339,150,1
0.86,1.01646021,-0.18049229,150,1
0.88,1.01646523,-0.18220276,150,1
0.9,1.01646984,-0.18393405,150,1
0.92,1.01647403,-0.18568545,150,1
0.94,1.01647782,-0.18745622,150,1
0.96,1.01648122,-0.18924564,150,1
0.98,1.01648425,-0.19105301,150,1
1.0,0.10224176,0.02029028,150,1
1.02,0.09603573,0.17736983,150,1
1.04,0.09359132,0.21213263,150,1
1.06,0.90561374,0.02551485,150,1
1.08,0.94998004,-0.06383536,150,1
1.1,0.97984213,-0.09939935,150,1
1.12,0.99980456,-0.11026172,150,1
1.14,1.01415508,-0.1093481,150,1
1.16,1.02530519,-0.10287705,150,1
1.18,1.0343777,-0.094009,150,1
1.2,1.04189065,-0.08430003,150,1
1.22,1.04771906,-0.07458272,150,1
1.24,1.05194638,-0.06514794,150,1
1.26,1.05482916,-0.05612345,150,1
1.28,1.05660703,-0.04759492,150,1
1.3,1.05749543,-0.03962428,150,1
1.32,1.05768289,-0.03225762,150,1
1.34,1.05733052,-0.02552868,150,1
1.36,1.05657312,-0.01946057,150,1
1.38,1.05552137,-0.01406689,150,1
1.4,1.05426438,-0.00935265,150,1
1.42,1.05287261,-0.00531516,150,1
1.44,1.05140075,-0.00194485,150,1
1.46,1.04989038,0.00077367,150,1
1.48,1.04837251,0.00286071,150,1
1.5,1.04686977,0.00434045,150,1
1.52,1.04539836,0.00523996,150,1
1.54,1.04396962,0.00558823,150,1
1.56,1.04259134,0.00541527,150,1
1.58,1.04126888,0.0047513,150,1
1.6,1.0400059,0.00362606,150,1
1.62,1.03880496,0.00206822,150,1
1.64,1.03766793,0.00010498,150,1
1.66,1.03659623,-0.0022382,150,1
1.68,1.03559092,-0.0049378,150,1
1.7,1.03465273,-0.00797221,150,1
1.72,1.03378203,-0.01132165,150,1
1.74,1.03297873,-0.01496801,150,1
1.76,1.03224224,-0.01889459,150,1
1.78,1.03157131,-0.02308586,150,1
1.8,1.03096402,-0.02752715,150,1
1.82,1.03041772,-0.03220443,150,1
1.84,1.02992904,-0.03710403,150,1
1.86,1.02949393,-0.0422125,150,1
1.88,1.02910771,-0.04751646,150,1
1.9,1.02876519,-0.05300256,150,1
1.92,1.02846083,-0.05865742,150,1
1.94,1.02818882,-0.06446776,150,1
1.96,1.0279433,-0.07042041,150,1
1.98,1.02771849,-0.0765025,150,1
2.0,1.02750884,-0.08270155,150,1
2.02,1.0273092,-0.08900571,150,1
2.04,1.02711489,-0.09540384,150,1
2.06,1.02692182,-0.10188569,150,1
2.08,1.02672658,-0.10844195,150,1
2.1,1.02652642,-0.11506439,150,1
2.12,1.02631929,-0.12174582,150,1
2.14,1.02610379,-0.12848007,150,1
2.16,1.02587914,-0.13526193,150,1
2.18,1.0256451,-0.14208703,150,1
2.2,1.02540189,-0.14895167,150,1
2.22,1.02515008,-0.15585267,150,1
2.24,1.02489051,-0.16278713,150,1
2.26,1.02462421,-0.1697523,150,1
2.28,1.0243523,-0.17674534,150,1
2.3,1.02407594,-0.18376317,150,1
2.32,1.02379631,-0.19080235,150,1
2.34,1.02351452,-0.19785895,150,1
2.36,1.02323166,-0.20492853,150,1
2.38,1.02294874,-0.21200606,150,1
2.4,1.02266675,-0.219086,150,1
2.42,1.02238667,-0.22616229,150,1
2.44,1.02210946,-0.23322848,150,1
2.46,1.02183613,-0.2402778,150,1
2.48,1.0215677,-0.24730328,150,1
2.5,1.02130527,-0.2542979,150,1
2.52,1.02104996,-0.26125467,150,1
2.54,1.02080297,-0.26816677,150,1
2.56,1.0205655,-0.27502764,150,1
2.58,1.02033876,-0.28183109,150,1
2.6,1.02012393,-0.28857132,150,1
2.62,1.01992212,-0.29524299,150,1
2.64,1.0197343,-0.30184124,150,1
2.66,1.01956134,-0.30836171,150,1
2.68,1.01940388,-0.31480051,150,1
2.7,1.01926234,-0.32115418,150,1
2.72,1.01913691,-0.32741973,150,1
2.74,1.0190275,-0.33359451,150,1
2.76,1.01893376,-0.33967626,150,1
2.78,1.01885508,-0.34566303,150,1
2.8,1.01879058,-0.35155315,150,1
2.82,1.01873917,-0.35734522,150,1
2.84,1.01869954,-0.36303812,150,1
2.86,1.01867024,-0.36863094,150,1
2.88,1.01864969,-0.37412304,150,1
2.9,1.01863624,-0.37951403,150,1
2.92,1.01862823,-0.38480376,150,1
2.94,1.01862397,-0.38999238,150,1
2.96,1.01862186,-0.3950803,150,1
2.98,1.01862037,-0.40006821,150,1
0.0,1.01660454,-0.13451618,150,2
0.02,1.01656852,-0.13620191,150,2
0.04,1.01670801,-0.13734454,150,2
0.06,1.01681083,-0.13807864,150,2
0.08,1.01684617,-0.13858181,150,2
0.1,1.01682941,-0.1389798,150,2
0.12,1.01678109,-0.13934732,150,2
0.14,1.01671722,-0.13972527,150,2
0.16,1.01664852,-0.14013491,150,2
0.18,1.01658159,-0.14058677,150,2
0.2,1.01652022,-0.14108575,150,2
0.22,1.01646632,-0.14163383,150,2
0.24,1.01642061,-0.14223148,150,2
0.26,1.01638305,-0.14287841,150,2
0.28,1.01635317,-0.14357394,150,2
0.3,1.01633025,-0.14431718,150,2
0.32,1.01631347,-0.14510715,150,2
0.34,1.01630196,-0.14594283,150,2
0.36,1.01629492,-0.14682315,150,2
0.38,1.01629159,-0.14774707,150,2
0.4,1.01629128,-0.14871354,150,2
0.42,1.01629342,-0.14972153,150,2
0.44,1.0162975,-0.15077001,150,2
0.46,1.01630309,-0.15185799,150,2
0.48,1.01630985,-0.15298446,150,2
0.5,1.01631747,-0.15414846,150,2
0.52,1.01632573,-0.15534902,150,2
0.54,1.01633442,-0.1565852,150,2
0.56,1.01634339,-0.15785608,150,2
0.58,1.01635251,-0.15916072,150,2
0.6,1.01636168,-0.16049825,150,2
0.62,1.01637081,-0.16186776,150,2
0.64,1.01637983,-0.16326839,150,2
0.66,1.01638868,-0.16469928,150,2
0.68,1.01639732,-0.16615958,150,2
0.7,1.0164057,-0.16764846,150,2
0.72,1.01641378,-0.16916511,150,2
0.74,1.01642154,-0.1707087,150,2
0.76,1.01642896,-0.17227845,150,2
0.78,1.01643601,-0.17387357,150,2
0.8,1.01644267,-0.17549327,150,2
0.82,1.01644893,-0.1771368,150,2
0.84,1.01645478,-0.17880339,150,2
0.86,1.01646021,-0.18049229,150,2
0.88,1.01646523,-0.18220276,150,2
0.9,1.01646984,-0.18393405,150,2
0.92,1.01647403,-0.18568545,150,2
0.94,1.01647782,-0.18745622,150,2
0.96,1.01648122,-0.18924564,150,2
0.98,1.01648425,-0.19105301,150,2
1.0,0.10224176,0.02029028,150,2
1.02,0.09603573,0.17736983,150,2
1.04,0.09359132,0.21213263,150,2
1.06,0.0919935,0.22889503,150,2
1.08,0.90856399,0.01010291,150,2
1.1,0.94997064,-0.05878762,150,2
1.12,0.97747884,-0.08318458,150,2
1.14,0.99612096,-0.08684795,150,2
1.16,1.0098213,-0.08052376,150,2
1.18,1.02085653,-0.06938779,150,2
1.2,1.0301645,-0.05617392,150,2
1.22,1.03832361,-0.04222329,150,2
1.24,1.04551542,-0.02826351,150,2
1.26,1.05171547,-0.01470013,150,2
1.28,1.05664112,-0.00178196,150,2
1.3,1.06032734,0.01043578,150,2
1.32,1.0628999,0.02191223,150,2
1.34,1.06450612,0.0326074,150,2
1.36,1.06529789,0.04248543,150,2
1.38,1.0654211,0.05151728,150,2
1.4,1.06500934,0.05968239,150,2
1.42,1.06418067,0.06696959,150,2
1.44,1.06303649,0.07337712,150,2
1.46,1.06166178,0.07891232,150,2
1.48,1.0601263,0.08359079,150,2
1.5,1.05848618,0.08743529,150,2
1.52,1.05678588,0.0904745,150,2
1.54,1.05506012,0.09274166,150,2
1.56,1.05333568,0.09427318,150,2
1.58,1.05163314,0.09510733,150,2
1.6,1.04996823,0.09528303,150,2
1.62,1.04835312,0.09483872,150,2
1.64,1.04679727,0.0938116,150,2
1.66,1.04530816,0.09223684,150,2
1.68,1.04389177,0.09014727,150,2
1.7,1.04255285,0.08757307,150,2
1.72,1.04129508,0.08454178,150,2
1.74,1.04012115,0.08107846,150,2
1.76,1.03903267,0.07720597,150,2
1.78,1.03803016,0.07294532,150,2
1.8,1.03711301,0.06831613,150,2
1.82,1.03627937,0.063337,150,2
1.84,1.03552623,0.05802596,150,2
1.86,1.03484939,0.0524008,150,2
1.88,1.0342436,0.04647931,150,2
1.9,1.03370268,0.04027948,150,2
1.92,1.03321967,0.03381956,150,2
1.94,1.03278709,0.02711807,150,2
1.96,1.03239711,0.02019367,150,2
1.98,1.03204183,0.013065,150,2
2.0,1.03171349,0.00575048,150,2
2.02,1.03140469,-0.00173197,150,2
2.04,1.03110861,-0.00936518,150,2
2.06,1.03081918,-0.017133,150,2
2.08,1.03053116,-0.0250205,150,2
2.1,1.03024029,-0.03301418,150,2
2.12,1.02994326,-0.04110204,150,2
2.14,1.02963775,-0.04927369,150,2
2.16,1.02932237,-0.05752024,150,2
2.18,1.02899653,-0.06583426,150,2
2.2,1.02866037,-0.07420959,150,2
2.22,1.02831461,-0.08264109,150,2
2.24,1.02796037,-0.0911244,150,2
2.26,1.02759907,-0.09965566,150,2
2.28,1.02723227,-0.10823118,150,2
2.3,1.02686158,-0.11684721,150,2
2.32,1.02648853,-0.12549964,150,2
2.34,1.02611457,-0.13418384,150,2
2.36,1.02574097,-0.14289452,150,2
2.38,1.02536889,-0.15162559,150,2
2.4,1.02499933,-0.16037017,150,2
2.42,1.02463319,-0.16912064,150,2
2.44,1.02427135,-0.17786865,150,2
2.46,1.02391464,-0.18660531,150,2
2.48,1.02356396,-0.19532132,150,2
2.5,1.02322027,-0.20400713,150,2
2.52,1.02288465,-0.21265313,150,2
2.54,1.02255828,-0.22124982,150,2
2.56,1.02224245,-0.22978798,150,2
2.58,1.02193854,-0.23825881,150,2
2.6,1.02164798,-0.24665401,150,2
2.62,1.02137218,-0.25496592,150,2
2.64,1.02111254,-0.26318752,150,2
2.66,1.0208703,-0.27131248,150,2
2.68,1.02064655,-0.27933515,150,2
2.7,1.02044214,-0.28725053,150,2
2.72,1.02025765,-0.29505423,150,2
2.74,1.02009333,-0.30274242,150,2
2.76,1.01994909,-0.31031176,150,2
2.78,1.01982449,-0.31775936,150,2
2.8,1.01971874,-0.32508272,150,2
2.82,1.01963073,-0.3322797,150,2
2.84,1.01955904,-0.33934846,150,2
2.86,1.019502,-0.34628746,150,2
2.88,1.01945776,-0.35309548,150,2
2.9,1.01942428,-0.35977156,150,2
2.92,1.01939947,-0.36631506,150,2
2.94,1.01938122,-0.37272568,150,2
2.96,1.01936742,-0.37900345,150,2
2.98,1.01935607,-0.38514878,150,2
0.0,1.01660454,-0.13451618,150,3
0.02,1.01656852,-0.13620191,150,3
0.04,1.01670801,-0.13734454,150,3
0.06,1.01681083,-0.13807864,150,3
0.08,1.01684617,-0.13858181,150,3
0.1,1.01682941,-0.1389798,150,3
0.12,1.01678109,-0.13934732,150,3
0.14,1.01671722,-0.13972527,150,3
0.16,1.01664852,-0.14013491,150,3
0.18,1.01658159,-0.14058677,150,3
0.2,1.01652022,-0.14108575,150,3
0.22,1.01646632,-0.14163383,150,3
0.24,1.01642061,-0.14223148,150,3
0.26,1.01638305,-0.14287841,150,3
0.28,1.01635317,-0.14357394,150,3
0.3,1.01633025,-0.14431718,150,3
0.32,1.01631347,-0.14510715,150,3
0.34,1.01630196,-0.14594283,150,3
0.36,1.01629492,-0.14682315,150,3
0.38,1.01629159,-0.14774707,150,3
0.4,1.01629128,-0.14871354,150,3
0.42,1.01629342,-0.14972153,150,3
0.44,1.0162975,-0.15077001,150,3
0.46,1.01630309,-0.15185799,150,3
0.48,1.01630985,-0.15298446,150,3
0.5,1.01631747,-0.15414846,150,3
0.52,1.01632573,-0.15534902,150,3
0.54,1.01633442,-0.1565852,150,3
0.56,1.01634339,-0.15785608,150,3
0.58,1.01635251,-0.15916072,150,3
0.6,1.01636168,-0.16049825,150,3
0.62,1.01637081,-0.16186776,150,3
0.64,1.01637983,-0.16326839,150,3
0.66,1.01638868,-0.16469928,150,3
0.68,1.01639732,-0.16615958,150,3
0.7,1.0164057,-0.16764846,150,3
0.72,1.01641378,-0.16916511,150,3
0.74,1.01642154,-0.1707087,150,3
0.76,1.01642896,-0.17227845,150,3
0.78,1.01643601,-0.17387357,150,3
0.8,1.01644267,-0.17549327,150,3
0.82,1.01644893,-0.1771368,150,3
0.84,1.01645478,-0.17880339,150,3
0.86,1.01646021,-0.18049229,150,3
0.88,1.01646523,-0.18220276,150,3
0.9,1.01646984,-0.18393405,150,3
0.92,1.01647403,-0.18568545,150,3
0.94,1.01647782,-0.18745622,150,3
0.96,1.01648122,-0.18924564,150,3
0.98,1.01648425,-0.19105301,150,3
1.0,0.10224176,0.02029028,150,3
1.02,0.09603573,0.17736983,150,3
1.04,0.09359132,0.21213263,150,3
1.06,0.87132271,0.11798284,150,3
1.08,0.92334997,-0.01869718,150,3
1.1,0.96068598,-0.07402588,150,3
1.12,0.98536774,-0.09283486,150,3
1.14,1.00237418,-0.09446084,150,3
1.16,1.01517826,-0.08779238,150,3
1.18,1.02557131,-0.07723903,150,3
1.2,1.03436511,-0.06508387,150,3
1.22,1.04198488,-0.05246058,150,3
1.24,1.04849916,-0.0399807,150,3
1.26,1.05364147,-0.02799839,150,3
1.28,1.05746813,-0.01660484,150,3
1.3,1.06013321,-0.00585569,150,3
1.32,1.06180374,0.00420075,150,3
1.34,1.06264507,0.01352324,150,3
1.36,1.06281198,0.02207847,150,3
1.38,1.06244373,0.02984194,150,3
1.4,1.06166171,0.03679838,150,3
1.42,1.0605691,0.04294176,150,3
1.44,1.05925161,0.04827483,150,3
1.46,1.05777897,0.05280844,150,3
1.48,1.05620686,0.05656056,150,3
1.5,1.05457896,0.05955518,150,3
1.52,1.05292898,0.06182108,150,3
1.54,1.05128261,0.06339057,150,3
1.56,1.04965921,0.06429832,150,3
1.58,1.04807331,0.06458015,150,3
1.6,1.04653584,0.064272,150,3
1.62,1.04505509,0.06340911,150,3
1.64,1.04363746,0.06202523,150,3
1.66,1.04228797,0.0601522,150,3
1.68,1.0410106,0.05781954,150,3
1.7,1.03980847,0.05505441,150,3
1.72,1.03868392,0.0518816,150,3
1.74,1.03763847,0.04832369,150,3
1.76,1.03667283,0.04440135,150,3
1.78,1.03578673,0.04013371,150,3
1.8,1.03497896,0.03553864,150,3
1.82,1.03424726,0.03063324,150,3
1.84,1.03358835,0.02543409,150,3
1.86,1.03299797,0.01995756,150,3
1.88,1.03247093,0.01422002,150,3
1.9,1.03200132,0.00823796,150,3
1.92,1.03158258,0.00202807,150,3
1.94,1.03120772,-0.00439287,150,3
1.96,1.03086957,-0.011008,150,3
1.98,1.03056091,-0.01780062,150,3
2.0,1.03027475,-0.02475432,150,3
2.02,1.03000446,-0.03185329,150,3
2.04,1.02974399,-0.03908245,150,3
2.06,1.02948798,-0.04642774,150,3
2.08,1.02923186,-0.05387627,150,3
2.1,1.02897195,-0.06141642,150,3
2.12,1.02870543,-0.06903799,150,3
2.14,1.02843034,-0.07673215,150,3
2.16,1.02814555,-0.0844914,150,3
2.18,1.02785063,-0.0923095,150,3
2.2,1.02754579,-0.10018121,150,3
2.22,1.0272317,-0.10810216,150,3
2.24,1.02690941,-0.11606856,150,3
2.26,1.02658021,-0.12407696,150,3
2.28,1.02624549,-0.13212399,150,3
2.3,1.02590671,-0.14020609,150,3
2.32,1.02556525,-0.14831938,150,3
2.34,1.02522243,-0.15645941,150,3
2.36,1.02487945,-0.16462111,150,3
2.38,1.02453741,-0.1727987,150,3
2.4,1.02419729,-0.18098568,150,3
2.42,1.02386004,-0.18917489,150,3
2.44,1.02352654,-0.19735857,150,3
2.46,1.02319772,-0.20552851,150,3
2.48,1.02287453,-0.21367615,150,3
2.5,1.022558,-0.22179278,150,3
2.52,1.02224925,-0.22986966,150,3
2.54,1.02194949,-0.2378982,150,3
2.56,1.02166,-0.24587011,150,3
2.58,1.02138213,-0.25377747,150,3
2.6,1.02111724,-0.26161287,150,3
2.62,1.02086665,-0.26936947,150,3
2.64,1.02063162,-0.27704101,150,3
2.66,1.02041327,-0.28462187,150,3
2.68,1.02021253,-0.29210701,150,3
2.7,1.0200301,-0.299492,150,3
2.72,1.0198664,-0.30677294,150,3
2.74,1.01972155,-0.31394643,150,3
2.76,1.01959536,-0.32100951,150,3
2.78,1.01948729,-0.32795961,150,3
2.8,1.01939652,-0.33479454,150,3
2.82,1.0193219,-0.34151241,150,3
2.84,1.01926204,-0.34811164,150,3
2.86,1.01921532,-0.3545909,150,3
2.88,1.01917996,-0.36094918,150,3
2.9,1.01915405,-0.36718573,150,3
2.92,1.01913562,-0.3733001,150,3
2.94,1.0191227,-0.37929214,150,3
2.96,1.01911336,-0.38516203,150,3
2.98,1.01910575,-0.39091031,150,3
0.0,1.01660454,-0.13451618,150,4
0.02,1.01656852,-0.13620191,150,4
0.04,1.01670801,-0.13734454,150,4
0.06,1.01681083,-0.13807864,150,4
0.08,1.01684617,-0.13858181,150,4
0.1,1.01682941,-0.1389798,150,4
0.12,1.01678109,-0.13934732,150,4
0.14,1.01671722,-0.13972527,150,4
0.16,1.01664852,-0.14013491,150,4
0.18,1.01658159,-0.14058677,150,4
0.2,1.01652022,-0.14108575,150,4
0.22,1.01646632,-0.14163383,150,4
0.24,1.01642061,-0.14223148,150,4
0.26,1.01638305,-0.14287841,150,4
0.28,1.01635317,-0.14357394,150,4
0.3,1.01633025,-0.14431718,150,4
0.32,1.01631347,-0.14510715,150,4
0.34,1.01630196,-0.14594283,150,4
0.36,1.01629492,-0.14682315,150,4
0.38,1.01629159,-0.14774707,150,4
0.4,1.01629128,-0.14871354,150,4
0.42,1.01629342,-0.14972153,150,4
0.44,1.0162975,-0.15077001,150,4
0.46,1.01630309,-0.15185799,150,4
0.48,1.01630985,-0.15298446,150,4
0.5,1.01631747,-0.15414846,150,4
0.52,1.01632573,-0.15534902,150,4
0.54,1.01633442,-0.1565852,150,4
0.56,1.01634339,-0.15785608,150,4
0.58,1.01635251,-0.15916072,150,4
0.6,1.01636168,-0.16049825,150,4
0.62,1.01637081,-0.16186776,150,4
0.64,1.01637983,-0.16326839,150,4
0.66,1.01638868,-0.16469928,150,4
0.68,1.01639732,-0.16615958,150,4
0.7,1.0164057,-0.16764846,150,4
0.72,1.01641378,-0.16916511,150,4
0.74,1.01642154,-0.1707087,150,4
0.76,1.01642896,-0.17227845,150,4
0.78,1.01643601,-0.17387357,150,4
0.8,1.01644267,-0.17549327,150,4
0.82,1.01644893,-0.1771368,150,4
0.84,1.01645478,-0.17880339,150,4
0.86,1.01646021,-0.18049229,150,4
0.88,1.01646523,-0.18220276,150,4
0.9,1.01646984,-0.18393405,150,4
0.92,1.01647403,-0.18568545,150,4
0.94,1.01647782,-0.18745622,150,4
0.96,1.01648122,-0.18924564,150,4
0.98,1.01648425,-0.19105301,150,4
1.0,0.10224176,0.02029028,150,4
1.02,0.09603573,0.17736983,150,4
1.04,0.09359132,0.21213263,150,4
1.06,0.92180008,-0.00963969,150,4
1.08,0.96187685,-0.0818161,150,4
1.1,0.98845837,-0.11024982,150,4
1.12,1.00647662,-0.11838161,150,4
1.14,1.01971297,-0.11682532,150,4
1.16,1.03001763,-0.11085154,150,4
1.18,1.03833426,-0.10304667,150,4
1.2,1.04473439,-0.09474971,150,4
1.22,1.04928703,-0.08649473,150,4
1.24,1.05233282,-0.07849041,150,4
1.26,1.05417301,-0.07086292,150,4
1.28,1.05506589,-0.06369531,150,4
1.3,1.05522922,-0.05704527,150,4
1.32,1.05484347,-0.05095344,150,4
1.34,1.05405573,-0.0454476,150,4
1.36,1.05298388,-0.04054506,150,4
1.38,1.05172076,-0.03625421,150,4
1.4,1.05033816,-0.03257571,150,4
1.42,1.04889056,-0.02950353,150,4
1.44,1.04741839,-0.02702591,150,4
1.46,1.04595092,-0.02512631,150,4
1.48,1.04450882,-0.02378432,150,4
1.5,1.04310616,-0.02297655,150,4
1.52,1.0417522,-0.02267752,150,4
1.54,1.04045274,-0.02286044,150,4
1.56,1.03921124,-0.02349797,150,4
1.58,1.03802963,-0.02456289,150,4
1.6,1.03690893,-0.02602862,150,4
1.62,1.03584964,-0.02786965,150,4
1.64,1.03485201,-0.03006193,150,4
1.66,1.03391617,-0.03258299,150,4
1.68,1.03304214,-0.03541208,150,4
1.7,1.03222984,-0.03853012,150,4
1.72,1.03147894,-0.04191964,150,4
1.74,1.03078885,-0.0455646,150,4
1.76,1.03015855,-0.04945017,150,4
1.78,1.02958653,-0.05356251,150,4
1.8,1.02907072,-0.05788856,150,4
1.82,1.02860847,-0.06241579,150,4
1.84,1.02819653,-0.06713204,150,4
1.86,1.02783108,-0.07202537,150,4
1.88,1.02750782,-0.07708396,150,4
1.9,1.02722204,-0.08229605,150,4
1.92,1.02696874,-0.08764998,150,4
1.94,1.02674274,-0.09313419,150,4
1.96,1.02653886,-0.09873736,150,4
1.98,1.026352,-0.10444846,150,4
2.0,1.02617732,-0.11025689,150,4
2.02,1.02601032,-0.11615263,150,4
2.04,1.02584694,-0.12212635,150,4
2.06,1.02568367,-0.12816949,150,4
2.08,1.02551755,-0.13427435,150,4
2.1,1.02534623,-0.14043414,150,4
2.12,1.02516795,-0.14664293,150,4
2.14,1.02498154,-0.1528957,150,4
2.16,1.02478633,-0.15918815,150,4
2.18,1.02458212,-0.16551669,150,4
2.2,1.02436911,-0.17187824,150,4
2.22,1.0241478,-0.1782701,150,4
2.24,1.02391894,-0.18468975,150,4
2.26,1.02368342,-0.19113476,150,4
2.28,1.02344226,-0.19760254,150,4
2.3,1.02319651,-0.20409028,150,4
2.32,1.02294723,-0.21059483,150,4
2.34,1.02269546,-0.21711258,150,4
2.36,1.02244225,-0.22363946,150,4
2.38,1.02218857,-0.23017093,150,4
2.4,1.02193543,-0.23670196,150,4
2.42,1.02168379,-0.24322713,150,4
2.44,1.02143463,-0.24974069,150,4
2.46,1.02118898,-0.25623661,150,4
2.48,1.02094788,-0.26270874,150,4
2.5,1.02071239,-0.2691509,150,4
2.52,1.02048365,-0.27555695,150,4
2.54,1.02026278,-0.28192093,150,4
2.56,1.02005092,-0.2882371,150,4
2.58,1.0198492,-0.29450005,150,4
2.6,1.01965868,-0.30070475,150,4
2.62,1.01948036,-0.30684656,150,4
2.64,1.01931509,-0.31292124,150,4
2.66,1.01916359,-0.318925,150,4
2.68,1.01902639,-0.32485447,150,4
2.7,1.01890379,-0.33070666,150,4
2.72,1.01879589,-0.33647895,150,4
2.74,1.01870253,-0.34216907,150,4
2.76,1.01862331,-0.34777507,150,4
2.78,1.01855761,-0.35329526,150,4
2.8,1.01850457,-0.35872823,150,4
2.82,1.01846314,-0.36407283,150,4
2.84,1.0184321,-0.36932812,150,4
2.86,1.01841009,-0.37449339,150,4
2.88,1.01839566,-0.37956817,150,4
2.9,1.0183873,-0.38455221,150,4
2.92,1.01838348,-0.3894455,150,4
2.94,1.0183827,-0.3942483,150,4
2.96,1.01838351,-0.39896109,150,4
2.98,1.01838453,-0.40358462,150,4
0.0,1.01660454,-0.13451618,150,5
0.02,1.01656852,-0.13620191,150,5
0.04,1.01670801,-0.13734454,150,5
0.06,1.01681083,-0.13807864,150,5
0.08,1.01684617,-0.13858181,150,5
0.1,1.01682941,-0.1389798,150,5
0.12,1.01678109,-0.13934732,150,5
0.14,1.01671722,-0.13972527,150,5
0.16,1.01664852,-0.14013491,150,5
0.18,1.01658159,-0.14058677,150,5
0.2,1.01652022,-0.14108575,150,5
0.22,1.01646632,-0.14163383,150,5
0.24,1.01642061,-0.14223148,150,5
0.26,1.01638305,-0.14287841,150,5
0.28,1.01635317,-0.14357394,150,5
0.3,1.01633025,-0.14431718,150,5
0.32,1.01631347,-0.14510715,150,5
0.34,1.01630196,-0.14594283,150,5
0.36,1.01629492,-0.14682315,150,5
0.38,1.01629159,-0.14774707,150,5
0.4,1.01629128,-0.14871354,150,5
0.42,1.01629342,-0.14972153,150,5
0.44,1.0162975,-0.15077001,150,5
0.46,1.01630309,-0.15185799,150,5
0.48,1.01630985,-0.15298446,150,5
0.5,1.01631747,-0.15414846,150,5
0.52,1.01632573,-0.15534902,150,5
0.54,1.01633442,-0.1565852,150,5
0.56,1.01634339,-0.15785608,150,5
0.58,1.01635251,-0.15916072,150,5
0.6,1.01636168,-0.16049825,150,5
0.62,1.01637081,-0.16186776,150,5
0.64,1.01637983,-0.16326839,150,5
0.66,1.01638868,-0.16469928,150,5
0.68,1.01639732,-0.16615958,150,5
0.7,1.0164057,-0.16764846,150,5
0.72,1.01641378,-0.16916511,150,5
0.74,1.01642154,-0.1707087,150,5
0.76,1.01642896,-0.17227845,150,5
0.78,1.01643601,-0.17387357,150,5
0.8,1.01644267,-0.17549327,150,5
0.82,1.01644893,-0.1771368,150,5
0.84,1.01645478,-0.17880339,150,5
0.86,1.01646021,-0.18049229,150,5
0.88,1.01646523,-0.18220276,150,5
0.9,1.01646984,-0.18393405,150,5
0.92,1.01647403,-0.18568545,150,5
0.94,1.01647782,-0.18745622,150,5
0.96,1.01648122,-0.18924564,150,5
0.98,1.01648425,-0.19105301,150,5
1.0,0.10224176,0.02029028,150,5
1.02,0.09603573,0.17736983,150,5
1.04,0.09359132,0.21213263,150,5
1.06,0.87132271,0.11798284,150,5
1.08,0.92334997,-0.01869718,150,5
1.1,0.96068598,-0.07402588,150,5
1.12,0.98536774,-0.09283486,150,5
1.14,1.00237418,-0.09446084,150,5
1.16,1.01517826,-0.08779238,150,5
1.18,1.02557131,-0.07723903,150,5
1.2,1.03436511,-0.06508387,150,5
1.22,1.04198488,-0.05246058,150,5
1.24,1.04849916,-0.0399807,150,5
1.26,1.05364147,-0.02799839,150,5
1.28,1.05746813,-0.01660484,150,5
1.3,1.06013321,-0.00585569,150,5
1.32,1.06180374,0.00420075,150,5
1.34,1.06264507,0.01352324,150,5
1.36,1.06281198,0.02207847,150,5
1.38,1.06244373,0.02984194,150,5
1.4,1.06166171,0.03679838,150,5
1.42,1.0605691,0.04294176,150,5
1.44,1.05925161,0.04827483,150,5
1.46,1.05777897,0.05280844,150,5
1.48,1.05620686,0.05656056,150,5
1.5,1.05457896,0.05955518,150,5
1.52,1.05292898,0.06182108,150,5
1.54,1.05128261,0.06339057,150,5
1.56,1.04965921,0.06429832,150,5
1.58,1.04807331,0.06458015,150,5
1.6,1.04653584,0.064272,150,5
1.62,1.04505509,0.06340911,150,5
1.64,1.04363746,0.06202523,150,5
1.66,1.04228797,0.0601522,150,5
1.68,1.0410106,0.05781954,150,5
1.7,1.03980847,0.05505441,150,5
1.72,1.03868392,0.0518816,150,5
1.74,1.03763847,0.04832369,150,5
1.76,1.03667283,0.04440135,150,5
1.78,1.03578673,0.04013371,150,5
1.8,1.03497896,0.03553864,150,5
1.82,1.03424726,0.03063324,150,5
1.84,1.03358835,0.02543409,150,5
1.86,1.03299797,0.01995756,150,5
1.88,1.03247093,0.01422002,150,5
1.9,1.03200132,0.00823796,150,5
1.92,1.03158258,0.00202807,150,5
1.94,1.03120772,-0.00439287,150,5
1.96,1.03086957,-0.011008,150,5
1.98,1.03056091,-0.01780062,150,5
2.0,1.03027475,-0.02475432,150,5
2.02,1.03000446,-0.03185329,150,5
2.04,1.02974399,-0.03908245,150,5
2.06,1.02948798,-0.04642774,150,5
2.08,1.02923186,-0.05387627,150,5
2.1,1.02897195,-0.06141642,150,5
2.12,1.02870543,-0.06903799,150,5
2.14,1.02843034,-0.07673215,150,5
2.16,1.02814555,-0.0844914,150,5
2.18,1.02785063,-0.0923095,150,5
2.2,1.02754579,-0.10018121,150,5
2.22,1.0272317,-0.10810216,150,5
2.24,1.02690941,-0.11606856,150,5
2.26,1.02658021,-0.12407696,150,5
2.28,1.02624549,-0.13212399,150,5
2.3,1.02590671,-0.14020609,150,5
2.32,1.02556525,-0.14831938,150,5
2.34,1.02522243,-0.15645941,150,5
2.36,1.02487945,-0.16462111,150,5
2.38,1.02453741,-0.1727987,150,5
2.4,1.02419729,-0.18098568,150,5
2.42,1.02386004,-0.18917489,150,5
2.44,1.02352654,-0.19735857,150,5
2.46,1.02319772,-0.20552851,150,5
2.48,1.02287453,-0.21367615,150,5
2.5,1.022558,-0.22179278,150,5
2.52,1.02224925,-0.22986966,150,5
2.54,1.02194949,-0.2378982,150,5
2.56,1.02166,-0.24587011,150,5
2.58,1.02138213,-0.25377747,150,5
2.6,1.02111724,-0.26161287,150,5
2.62,1.02086665,-0.26936947,150,5
2.64,1.02063162,-0.27704101,150,5
2.66,1.02041327,-0.28462187,150,5
2.68,1.02021253,-0.29210701,150,5
2.7,1.0200301,-0.299492,150,5
2.72,1.0198664,-0.30677294,150,5
2.74,1.01972155,-0.31394643,150,5
2.76,1.01959536,-0.32100951,150,5
2.78,1.01948729,-0.32795961,150,5
2.8,1.01939652,-0.33479454,150,5
2.82,1.0193219,-0.34151241,150,5
2.84,1.01926204,-0.34811164,150,5
2.86,1.01921532,-0.3545909,150,5
2.88,1.01917996,-0.36094918,150,5
2.9,1.01915405,-0.36718573,150,5
2.92,1.01913562,-0.3733001,150,5
2.94,1.0191227,-0.37929214,150,5
2.96,1.01911336,-0.38516203,150,5
2.98,1.01910575,-0.39091031,150,5
