dataset_id,dataset_role,pocket_id,scenario_id,architecture,thdv_p50_pct,thdv_p95_pct,thdv_max_pct,source_count
A,Full Texas Combined T&D,A-mpc-0001,C0,C0/C1 Traditional 400 V AC,3.467647214134627,5.496493350415279,8.310342016093607,3
A,Full Texas Combined T&D,A-mpc-0001,C2,MV SST,1.1195569937205792,1.864267311747681,2.210678024820811,3
A,Full Texas Combined T&D,A-mpc-0001,C3,Converted DC backbone,0.2066883279578972,0.27017834934999585,0.3260013920819095,1
A,Full Texas Combined T&D,A-mpc-0002,C0,C0/C1 Traditional 400 V AC,3.420005577104278,5.6596271369014834,7.948956493204234,3
A,Full Texas Combined T&D,A-mpc-0002,C2,MV SST,1.121097108041944,1.8372506421755952,2.715610188804702,3
A,Full Texas Combined T&D,A-mpc-0002,C3,Converted DC backbone,0.20302278923637576,0.2762652311364937,0.3203247024991273,1
A,Full Texas Combined T&D,A-mpc-0003,C0,C0/C1 Traditional 400 V AC,3.576881448372201,5.744841232076217,7.779997230800501,3
A,Full Texas Combined T&D,A-mpc-0003,C2,MV SST,1.106839380154113,1.8455779261163878,2.462956750738446,3
A,Full Texas Combined T&D,A-mpc-0003,C3,Converted DC backbone,0.20029638268115374,0.26860716262880563,0.31897352298347237,1
A,Full Texas Combined T&D,A-mpc-0004,C0,C0/C1 Traditional 400 V AC,3.535602724572153,5.882439572646535,7.9041607261119635,3
A,Full Texas Combined T&D,A-mpc-0004,C2,MV SST,1.1039816747177635,1.826398503972644,2.3987366031784907,3
A,Full Texas Combined T&D,A-mpc-0004,C3,Converted DC backbone,0.20127143125382363,0.26969201382301267,0.32075043511639484,1
A,Full Texas Combined T&D,A-mpc-0008,C0,C0/C1 Traditional 400 V AC,3.4935255621868526,5.594472467491033,7.114631060247346,3
A,Full Texas Combined T&D,A-mpc-0008,C2,MV SST,1.0949695751292778,1.842746871259229,2.3210120433912826,3
A,Full Texas Combined T&D,A-mpc-0008,C3,Converted DC backbone,0.20334172370413675,0.27734454037242834,0.32733423062999983,1
A,Full Texas Combined T&D,A-mpc-0009,C0,C0/C1 Traditional 400 V AC,3.4736744322961237,5.78592875209763,7.70958021984947,3
A,Full Texas Combined T&D,A-mpc-0009,C2,MV SST,1.1253922343841425,1.832100646553202,2.4289656499237884,3
A,Full Texas Combined T&D,A-mpc-0009,C3,Converted DC backbone,0.2018801606221144,0.27696366821751717,0.32487073167358055,1
A,Full Texas Combined T&D,A-mpc-0010,C0,C0/C1 Traditional 400 V AC,3.4725484713425088,5.631379901122765,7.563834631923088,3
A,Full Texas Combined T&D,A-mpc-0010,C2,MV SST,1.1160520993097816,1.8159859301457568,2.665653567240322,3
A,Full Texas Combined T&D,A-mpc-0010,C3,Converted DC backbone,0.20293210433789483,0.27729029658393206,0.30849495566005586,1
A,Full Texas Combined T&D,A-mpc-0011,C0,C0/C1 Traditional 400 V AC,3.5017386506422943,5.518518651152656,8.680805100184253,3
A,Full Texas Combined T&D,A-mpc-0011,C2,MV SST,1.1407485634296788,1.9046951454654804,2.6793223341767387,3
A,Full Texas Combined T&D,A-mpc-0011,C3,Converted DC backbone,0.20237504475835927,0.27889785081354057,0.3278616661933277,1
A,Full Texas Combined T&D,A-mpc-0015,C0,C0/C1 Traditional 400 V AC,3.4562149180752453,5.497287157769342,7.292731510285161,3
A,Full Texas Combined T&D,A-mpc-0015,C2,MV SST,1.1207289506446068,1.8205111013358273,2.5602179152177795,3
A,Full Texas Combined T&D,A-mpc-0015,C3,Converted DC backbone,0.2027646517705652,0.27240047827024316,0.31879435829778996,1
A,Full Texas Combined T&D,A-mpc-0016,C0,C0/C1 Traditional 400 V AC,3.4764696257736056,5.569668184645973,7.4394889359187095,3
A,Full Texas Combined T&D,A-mpc-0016,C2,MV SST,1.1081798412100967,1.7995506667240917,2.5528709819955844,3
A,Full Texas Combined T&D,A-mpc-0016,C3,Converted DC backbone,0.20080541956808162,0.26649909466717614,0.3204647309326852,1
A,Full Texas Combined T&D,A-mpc-0017,C0,C0/C1 Traditional 400 V AC,3.531659317200125,5.865206041295897,7.335400999876911,3
A,Full Texas Combined T&D,A-mpc-0017,C2,MV SST,1.0967334222698408,1.8429318870743372,2.42445794781795,3
A,Full Texas Combined T&D,A-mpc-0017,C3,Converted DC backbone,0.20038767155771062,0.2734337338940627,0.3694525145963944,1
A,Full Texas Combined T&D,A-mpc-0021,C0,C0/C1 Traditional 400 V AC,3.4210099871502697,5.8269389474812705,8.051673122061947,3
A,Full Texas Combined T&D,A-mpc-0021,C2,MV SST,1.1325683146079393,1.858261389815354,2.4272148409558856,3
A,Full Texas Combined T&D,A-mpc-0021,C3,Converted DC backbone,0.1998635675322379,0.2733030005034624,0.32562552139295375,1
A,Full Texas Combined T&D,A-mpc-0022,C0,C0/C1 Traditional 400 V AC,3.52730023528913,5.824706334829356,7.951521485665415,3
A,Full Texas Combined T&D,A-mpc-0022,C2,MV SST,1.0906046451331624,1.8067115432486847,2.6361207164803684,3
A,Full Texas Combined T&D,A-mpc-0022,C3,Converted DC backbone,0.20263353269730883,0.2768473974776872,0.32182019236340764,1
A,Full Texas Combined T&D,A-mpc-0026,C0,C0/C1 Traditional 400 V AC,3.4610927281318564,5.49350537298166,7.645727070112391,3
A,Full Texas Combined T&D,A-mpc-0026,C2,MV SST,1.0719096724898296,1.7624074889369334,2.5048507885455087,3
A,Full Texas Combined T&D,A-mpc-0026,C3,Converted DC backbone,0.20195624475255436,0.2696093230272618,0.3268425535717907,1
A,Full Texas Combined T&D,A-mpc-0027,C0,C0/C1 Traditional 400 V AC,3.5840358094742255,5.7951867570592706,8.337794496580042,3
A,Full Texas Combined T&D,A-mpc-0027,C2,MV SST,1.1265474699238491,1.779121161771209,2.646866888564768,3
A,Full Texas Combined T&D,A-mpc-0027,C3,Converted DC backbone,0.19887381344826155,0.26678387490936434,0.3148352347586422,1
A,Full Texas Combined T&D,A-mpc-0028,C0,C0/C1 Traditional 400 V AC,3.5037915030550852,5.622386426670657,7.784399368258485,3
A,Full Texas Combined T&D,A-mpc-0028,C2,MV SST,1.1459819464240273,1.789934601624626,2.679237702712869,3
A,Full Texas Combined T&D,A-mpc-0028,C3,Converted DC backbone,0.2038582083092877,0.2738787897569311,0.326232959559365,1
A,Full Texas Combined T&D,A-mpc-0032,C0,C0/C1 Traditional 400 V AC,3.478811127547258,5.704014080214461,7.933888450627266,3
A,Full Texas Combined T&D,A-mpc-0032,C2,MV SST,1.1101313804450268,1.8302935844191985,2.6134242203620337,3
A,Full Texas Combined T&D,A-mpc-0032,C3,Converted DC backbone,0.2016175309547983,0.2736664645595545,0.30856190992006766,1
A,Full Texas Combined T&D,A-mpc-0033,C0,C0/C1 Traditional 400 V AC,3.501040590734454,6.0364913697790445,7.92690014804733,3
A,Full Texas Combined T&D,A-mpc-0033,C2,MV SST,1.1035255299640356,1.8056989745145606,2.312240662349675,3
A,Full Texas Combined T&D,A-mpc-0033,C3,Converted DC backbone,0.20204324433889423,0.26921727621586666,0.32641537705165125,1
A,Full Texas Combined T&D,A-mpc-0037,C0,C0/C1 Traditional 400 V AC,3.5693764614670522,5.6275987290003515,7.1238693610855925,3
A,Full Texas Combined T&D,A-mpc-0037,C2,MV SST,1.141619709104135,1.8928993264748282,2.3397318221621366,3
A,Full Texas Combined T&D,A-mpc-0037,C3,Converted DC backbone,0.20158295927793718,0.2751586695090739,0.3236558007693547,1
A,Full Texas Combined T&D,A-mpc-0038,C0,C0/C1 Traditional 400 V AC,3.4957095820883834,5.650215162207514,7.482063098555894,3
A,Full Texas Combined T&D,A-mpc-0038,C2,MV SST,1.098250874987599,1.7638701701010269,2.8556908024744283,3
A,Full Texas Combined T&D,A-mpc-0038,C3,Converted DC backbone,0.19978526380011527,0.2725901949696481,0.3282083194611436,1
A,Full Texas Combined T&D,A-mpc-0042,C0,C0/C1 Traditional 400 V AC,3.467035769358305,5.523619038317202,7.4624430716668675,3
A,Full Texas Combined T&D,A-mpc-0042,C2,MV SST,1.1093670433160805,1.7701118334072583,2.339745427798081,3
A,Full Texas Combined T&D,A-mpc-0042,C3,Converted DC backbone,0.1995342461006679,0.2727254660789344,0.32224648242218384,1
A,Full Texas Combined T&D,A-mpc-0043,C0,C0/C1 Traditional 400 V AC,3.5281286534313914,5.756079881948683,7.586791227712697,3
A,Full Texas Combined T&D,A-mpc-0043,C2,MV SST,1.0772066025181748,1.8278267755043212,2.55153471816104,3
A,Full Texas Combined T&D,A-mpc-0043,C3,Converted DC backbone,0.19958100490247804,0.27616473367613653,0.31710725620018965,1
A,Full Texas Combined T&D,A-mpc-0047,C0,C0/C1 Traditional 400 V AC,3.4539213305614007,5.68503845269213,7.309785129379314,3
A,Full Texas Combined T&D,A-mpc-0047,C2,MV SST,1.1406052467906884,1.85473129533195,2.8402850941997473,3
A,Full Texas Combined T&D,A-mpc-0047,C3,Converted DC backbone,0.2037101700936777,0.2723945437435787,0.3152306292248034,1
A,Full Texas Combined T&D,A-mpc-0048,C0,C0/C1 Traditional 400 V AC,3.454870965023616,5.9695920452204065,7.589361127266654,3
A,Full Texas Combined T&D,A-mpc-0048,C2,MV SST,1.0902189271827534,1.8007285419982058,2.4689490652499373,3
A,Full Texas Combined T&D,A-mpc-0048,C3,Converted DC backbone,0.2051501043654083,0.27677729538031737,0.318635947383877,1
A,Full Texas Combined T&D,A-mpc-0052,C0,C0/C1 Traditional 400 V AC,3.455735870101053,5.699320506818773,7.177550031381293,3
A,Full Texas Combined T&D,A-mpc-0052,C2,MV SST,1.1921271586621955,1.8401104143682874,2.7139033677743236,3
A,Full Texas Combined T&D,A-mpc-0052,C3,Converted DC backbone,0.2053752328614425,0.2713561223690695,0.32011133854171814,1
A,Full Texas Combined T&D,A-mpc-0053,C0,C0/C1 Traditional 400 V AC,3.4678708381200325,5.867462791651314,8.116642613250018,3
A,Full Texas Combined T&D,A-mpc-0053,C2,MV SST,1.0888542698362937,1.7593943859595143,2.4288778767324,3
A,Full Texas Combined T&D,A-mpc-0053,C3,Converted DC backbone,0.2020315546004297,0.27039537271264535,0.3308933232531337,1
A,Full Texas Combined T&D,A-mpc-0054,C0,C0/C1 Traditional 400 V AC,3.541040216951392,5.7699107178925395,7.4816428458987065,3
A,Full Texas Combined T&D,A-mpc-0054,C2,MV SST,1.1376598096355715,1.8440611241189453,2.6760117908116263,3
A,Full Texas Combined T&D,A-mpc-0054,C3,Converted DC backbone,0.20095277603200623,0.2704006966595998,0.31241346964460487,1
A,Full Texas Combined T&D,A-mpc-0058,C0,C0/C1 Traditional 400 V AC,3.5450922138629544,5.67293794147251,8.306988994112617,3
A,Full Texas Combined T&D,A-mpc-0058,C2,MV SST,1.0970209631992727,1.7929863125534482,2.4036274759616143,3
A,Full Texas Combined T&D,A-mpc-0058,C3,Converted DC backbone,0.20283689588089054,0.278552842458585,0.32221882041372896,1
A,Full Texas Combined T&D,A-mpc-0062,C0,C0/C1 Traditional 400 V AC,3.530541160275239,5.834834051408707,8.005631828368024,3
A,Full Texas Combined T&D,A-mpc-0062,C2,MV SST,1.1044497874300474,1.8287722784326026,2.4811226430129416,3
A,Full Texas Combined T&D,A-mpc-0062,C3,Converted DC backbone,0.2013244725783232,0.2706918307717485,0.31683155115797,1
A,Full Texas Combined T&D,A-mpc-0063,C0,C0/C1 Traditional 400 V AC,3.5056842878247108,5.76457262719893,7.294000191090928,3
A,Full Texas Combined T&D,A-mpc-0063,C2,MV SST,1.121423407976022,1.8288299443887814,2.434438491607548,3
A,Full Texas Combined T&D,A-mpc-0063,C3,Converted DC backbone,0.20235747490168093,0.2697078441053188,0.3215325902591732,1
A,Full Texas Combined T&D,A-mpc-0064,C0,C0/C1 Traditional 400 V AC,3.564243419252503,5.893087833213692,7.298904287438016,3
A,Full Texas Combined T&D,A-mpc-0064,C2,MV SST,1.1249409465850944,1.77544214004244,2.7585867794055225,3
A,Full Texas Combined T&D,A-mpc-0064,C3,Converted DC backbone,0.20338704422546622,0.27458690503852085,0.3187366260873569,1
A,Full Texas Combined T&D,A-mpc-0065,C0,C0/C1 Traditional 400 V AC,3.4240796887764096,5.642148294050673,7.950090918794587,3
A,Full Texas Combined T&D,A-mpc-0065,C2,MV SST,1.1122202747555656,1.858252358328158,2.550552687156214,3
A,Full Texas Combined T&D,A-mpc-0065,C3,Converted DC backbone,0.20311433630115555,0.27545947922808617,0.3318543729058224,1
A,Full Texas Combined T&D,A-mpc-0069,C0,C0/C1 Traditional 400 V AC,3.476957560038653,5.8716170756394,8.723446910394918,3
A,Full Texas Combined T&D,A-mpc-0069,C2,MV SST,1.1439267034593001,1.8450087687024936,2.761110684507268,3
A,Full Texas Combined T&D,A-mpc-0069,C3,Converted DC backbone,0.20395801250986528,0.27559526583805605,0.31309044919650203,1
A,Full Texas Combined T&D,A-mpc-0070,C0,C0/C1 Traditional 400 V AC,3.4888164004029063,5.819803137470572,7.465865787234391,3
A,Full Texas Combined T&D,A-mpc-0070,C2,MV SST,1.0987535638414405,1.8371863875500463,2.7467325342711737,3
A,Full Texas Combined T&D,A-mpc-0070,C3,Converted DC backbone,0.2018507636844734,0.27115725626770265,0.31013936471437004,1
A,Full Texas Combined T&D,A-mpc-0071,C0,C0/C1 Traditional 400 V AC,3.4955094882841955,5.5475609242524815,7.166746391656783,3
A,Full Texas Combined T&D,A-mpc-0071,C2,MV SST,1.0971187219264686,1.7902378753444195,2.23502251674888,3
A,Full Texas Combined T&D,A-mpc-0071,C3,Converted DC backbone,0.20119522588486738,0.272690593289443,0.31201421039147276,1
A,Full Texas Combined T&D,A-mpc-0072,C0,C0/C1 Traditional 400 V AC,3.4311112598272833,5.674101792394313,7.2084205602664175,3
A,Full Texas Combined T&D,A-mpc-0072,C2,MV SST,1.0758959992077815,1.7982738350144194,2.2551188636970423,3
A,Full Texas Combined T&D,A-mpc-0072,C3,Converted DC backbone,0.20077273955751906,0.26971866279610446,0.32038650852642986,1
A,Full Texas Combined T&D,A-mpc-0076,C0,C0/C1 Traditional 400 V AC,3.422720827172628,5.814866567056141,7.6120556920578535,3
A,Full Texas Combined T&D,A-mpc-0076,C2,MV SST,1.1063222507696824,1.7725306796485971,2.3127632516891494,3
A,Full Texas Combined T&D,A-mpc-0076,C3,Converted DC backbone,0.2035320817477136,0.279739511865703,0.3125103657790948,1
A,Full Texas Combined T&D,A-mpc-0086,C0,C0/C1 Traditional 400 V AC,3.3099290038926306,5.611564366044058,7.264461027690372,3
A,Full Texas Combined T&D,A-mpc-0086,C2,MV SST,1.0981166509942137,1.7870453920454783,2.6766404276911944,3
A,Full Texas Combined T&D,A-mpc-0086,C3,Converted DC backbone,0.20044454401195683,0.2696420542392041,0.32392840898543845,1
A,Full Texas Combined T&D,A-mpc-0087,C0,C0/C1 Traditional 400 V AC,3.4693161816815756,5.683708210787025,7.828203613819052,3
A,Full Texas Combined T&D,A-mpc-0087,C2,MV SST,1.104157230008791,1.7812671256044605,2.509206832246559,3
A,Full Texas Combined T&D,A-mpc-0087,C3,Converted DC backbone,0.1980732088696345,0.2692559797543512,0.32272973586124726,1
A,Full Texas Combined T&D,A-mpc-0088,C0,C0/C1 Traditional 400 V AC,3.501552144257105,5.692637287053891,7.963447343220452,3
A,Full Texas Combined T&D,A-mpc-0088,C2,MV SST,1.1485769013196077,1.8375184288424318,2.5140148414322825,3
A,Full Texas Combined T&D,A-mpc-0088,C3,Converted DC backbone,0.20467788504517614,0.2727487985676214,0.32038201698819674,1
A,Full Texas Combined T&D,A-mpc-0089,C0,C0/C1 Traditional 400 V AC,3.4761354564695974,5.815033001605735,7.533378431914971,3
A,Full Texas Combined T&D,A-mpc-0089,C2,MV SST,1.1724227371113987,1.8018862677748946,2.4616849180733262,3
A,Full Texas Combined T&D,A-mpc-0089,C3,Converted DC backbone,0.20199747868802884,0.2611067024221525,0.30739974906007417,1
A,Full Texas Combined T&D,A-mpc-0090,C0,C0/C1 Traditional 400 V AC,3.4933730901600493,5.8918010743933715,8.234124362140205,3
A,Full Texas Combined T&D,A-mpc-0090,C2,MV SST,1.0936702409383952,1.8080271284303842,2.5521680685389385,3
A,Full Texas Combined T&D,A-mpc-0090,C3,Converted DC backbone,0.20196780456698193,0.26882471831151494,0.3120306889880515,1
A,Full Texas Combined T&D,A-mpc-0094,C0,C0/C1 Traditional 400 V AC,3.4877924860895666,5.768361001782924,7.295446279639375,3
A,Full Texas Combined T&D,A-mpc-0094,C2,MV SST,1.11070747539318,1.7966483190233198,2.317098576047989,3
A,Full Texas Combined T&D,A-mpc-0094,C3,Converted DC backbone,0.19976248766077337,0.2720519500928521,0.3306741796731997,1
A,Full Texas Combined T&D,A-mpc-0095,C0,C0/C1 Traditional 400 V AC,3.5182842133789647,5.69751575218932,7.585580887758563,3
A,Full Texas Combined T&D,A-mpc-0095,C2,MV SST,1.0914423506042568,1.8637903442492079,2.7535424304519287,3
A,Full Texas Combined T&D,A-mpc-0095,C3,Converted DC backbone,0.2003681259064531,0.27415599771491306,0.3225188194874141,1
A,Full Texas Combined T&D,A-mpc-0099,C0,C0/C1 Traditional 400 V AC,3.5023127166943095,5.772617541607305,8.233706439847609,3
A,Full Texas Combined T&D,A-mpc-0099,C2,MV SST,1.1193284756483441,1.892057217096165,2.5049466057507876,3
A,Full Texas Combined T&D,A-mpc-0099,C3,Converted DC backbone,0.20263859176498172,0.27555163080737494,0.33134336672714354,1
A,Full Texas Combined T&D,A-mpc-0100,C0,C0/C1 Traditional 400 V AC,3.4866625999261096,5.7064361616719355,8.01274241364149,3
A,Full Texas Combined T&D,A-mpc-0100,C2,MV SST,1.083347332271427,1.8495940472280252,2.4946269345011545,3
A,Full Texas Combined T&D,A-mpc-0100,C3,Converted DC backbone,0.20364874150398743,0.27111122843860674,0.3170570178472698,1
A,Full Texas Combined T&D,A-mpc-0101,C0,C0/C1 Traditional 400 V AC,3.443381936154198,5.4708331826805985,7.3714271656981,3
A,Full Texas Combined T&D,A-mpc-0101,C2,MV SST,1.1156629262122182,1.8788637921831002,2.7164883627557166,3
A,Full Texas Combined T&D,A-mpc-0101,C3,Converted DC backbone,0.20156683792578647,0.2756420375824888,0.3149266530353036,1
A,Full Texas Combined T&D,A-mpc-0102,C0,C0/C1 Traditional 400 V AC,3.4158095388471135,5.705590298562782,7.845859646216748,3
A,Full Texas Combined T&D,A-mpc-0102,C2,MV SST,1.1290373414373005,1.8205677438186634,2.580491603418986,3
A,Full Texas Combined T&D,A-mpc-0102,C3,Converted DC backbone,0.20088255308753983,0.2743876171478129,0.3157096902366418,1
B,Austin-Travis 150-bus T&D,ATX-138-01,C0,C0/C1 Traditional 400 V AC,2.549400607593644,4.069097965001156,5.220047322113627,3
B,Austin-Travis 150-bus T&D,ATX-138-01,C2,MV SST,0.7834196309402428,1.299126181217316,1.69295532807494,3
B,Austin-Travis 150-bus T&D,ATX-138-01,C3,Converted DC backbone,0.1438273702080531,0.18976428690021574,0.22615582893253053,1
B,Austin-Travis 150-bus T&D,ATX-138-02,C0,C0/C1 Traditional 400 V AC,2.6556546765717006,4.286899442062514,5.607893741909599,3
B,Austin-Travis 150-bus T&D,ATX-138-02,C2,MV SST,0.8513561242046294,1.3372181897259132,1.962425327675644,3
B,Austin-Travis 150-bus T&D,ATX-138-02,C3,Converted DC backbone,0.15124606732866985,0.2028248967355674,0.2411894612881054,1
B,Austin-Travis 150-bus T&D,ATX-138-03,C0,C0/C1 Traditional 400 V AC,2.765975352924892,4.496926362985515,6.675903716397141,3
B,Austin-Travis 150-bus T&D,ATX-138-03,C2,MV SST,0.8403717211876104,1.4073792074826101,1.9784252289585493,3
B,Austin-Travis 150-bus T&D,ATX-138-03,C3,Converted DC backbone,0.15745508889604212,0.21698718768565683,0.24290199903458554,1
B,Austin-Travis 150-bus T&D,ATX-230-138-04,C0,C0/C1 Traditional 400 V AC,2.310532083669047,3.736284655797871,5.385236959887021,3
B,Austin-Travis 150-bus T&D,ATX-230-138-04,C2,MV SST,0.7617289419430111,1.2800617368739569,1.6240799182716152,3
B,Austin-Travis 150-bus T&D,ATX-230-138-04,C3,Converted DC backbone,0.13815522451728285,0.187785942290757,0.21734415781321098,1
