dataset_id,dataset_role,pocket_id,source_bus,load_bus,scenario_id,architecture,load_interface,load_boundary_voltage_v,voltage_support_location,voltage_support_role,var_coordination_risk,voltage_kv,vdc_pp_kv,corridor_length_km,current_limit_kA,short_circuit_gva,useful_mw,corridor_transfer_mw,loss_mw,efficiency_to_load_boundary,efficiency_to_800v,voltage_min_pu,line_loading_pct,line_current_kA,source_q_mvar,q_margin_mvar,stability_margin_mw,binding_constraint,converged,max_transfer_mw,binding_constraint_at_limit,first_violation_mw
A,Full Texas Combined T&D,A-mpc-0001,110001,110041,C0,C0/C1 Traditional 400 V AC,400 V AC facility distribution,400.0,none,baseline voltage-sensitive load without active dynamic VAR support,not applicable,138.0,,120.0,2.0,3.0,115.9765625,121.73498063015202,5.943248232880107,0.9512528095544582,0.9512528095544582,0.9505781212721024,27.335800206942935,0.5467160041388587,39.76388202001592,180.23611797998407,450.3422043868742,none,True,115.9765625,voltage_limit,118.4375
A,Full Texas Combined T&D,A-mpc-0001,110001,110041,C2,MV SST,800 V DC data-center interface,800.0,34.5 kV AC side near the data-center SST,local distributed SST and dynamic VAR support at the data-center interface,"local Volt-VAR controls can fight nearby inverters or slower utility LTC, regulator, capacitor-bank, STATCOM or SVC controls without supervisory coordination",138.0,,120.0,2.0,3.0,189.8046875,195.25511421319797,9.67562776851367,0.9514958267662167,0.9514958267662167,0.9504516240410951,42.973694431476595,0.8594738886295319,37.18096951235238,182.81903048764764,376.8220708038282,none,True,189.8046875,voltage_limit,192.265625
A,Full Texas Combined T&D,A-mpc-0001,110001,110041,C3,Converted DC backbone,800 V DC data-center interface,800.0,115/138 kV data-center interconnection AC side,centralized utility-side dynamic VAR support at the interconnection or AC/DC terminal,"centralized support reduces campus-to-campus control fighting but requires utility-side ownership, protection coordination and adequate high-voltage VAR rating",138.0,276.0,120.0,2.0,3.0,544.1796875,551.8795104295125,35.66640741919389,0.9384898721717454,0.9384898721717454,0.995,99.9781721792595,1.9995634435851901,0.0,480.0,inf,none,True,544.1796875,dc_current_limit,546.640625
A,Full Texas Combined T&D,A-mpc-0002,110001,110113,C0,C0/C1 Traditional 400 V AC,400 V AC facility distribution,400.0,none,baseline voltage-sensitive load without active dynamic VAR support,not applicable,138.0,,17.063423999999998,2.0,3.0,445.7421875,458.69492892241993,15.642718702911305,0.9660961628943452,0.9660961628943452,0.9838012155668963,99.52239043745026,1.9904478087490052,113.42296190208434,106.57703809791566,5166.305071077581,none,True,445.7421875,thermal_current_limit,448.203125
A,Full Texas Combined T&D,A-mpc-0002,110001,110113,C2,MV SST,800 V DC data-center interface,800.0,34.5 kV AC side near the data-center SST,local distributed SST and dynamic VAR support at the data-center interface,"local Volt-VAR controls can fight nearby inverters or slower utility LTC, regulator, capacitor-bank, STATCOM or SVC controls without supervisory coordination",138.0,,17.063423999999998,2.0,3.0,465.4296875,473.17744923857873,10.454907703427239,0.9780305817654003,0.9780305817654003,0.9920270281441981,99.77708791212059,1.9955417582424118,20.38492292460099,199.615077075399,5151.8225507614225,none,True,465.4296875,thermal_current_limit,467.890625
A,Full Texas Combined T&D,A-mpc-0002,110001,110113,C3,Converted DC backbone,800 V DC data-center interface,800.0,115/138 kV data-center interconnection AC side,centralized utility-side dynamic VAR support at the interconnection or AC/DC terminal,"centralized support reduces campus-to-campus control fighting but requires utility-side ownership, protection coordination and adequate high-voltage VAR rating",138.0,276.0,17.063423999999998,2.0,3.0,544.1796875,551.8795104295125,13.29851751544129,0.9761452243409714,0.9761452243409714,0.995,99.9781721792595,1.9995634435851901,0.0,480.0,inf,none,True,544.1796875,dc_current_limit,546.640625
A,Full Texas Combined T&D,A-mpc-0003,110001,230292,C0,C0/C1 Traditional 400 V AC,400 V AC facility distribution,400.0,none,baseline voltage-sensitive load without active dynamic VAR support,not applicable,138.0,,97.29579600000001,2.0,3.0,192.265625,197.56795374254236,10.223518676035589,0.9495107812180177,0.9495107812180177,0.9505260500420663,44.36665566477715,0.887333113295543,63.099931027425164,156.90006897257484,788.9264678663828,none,True,192.265625,voltage_limit,194.7265625
A,Full Texas Combined T&D,A-mpc-0003,110001,230292,C2,MV SST,800 V DC data-center interface,800.0,34.5 kV AC side near the data-center SST,local distributed SST and dynamic VAR support at the data-center interface,"local Volt-VAR controls can fight nearby inverters or slower utility LTC, regulator, capacitor-bank, STATCOM or SVC controls without supervisory coordination",138.0,,97.29579600000001,2.0,3.0,305.46875,310.1205583756345,16.302600544942212,0.9493348288549226,0.9493348288549226,0.9503016659775898,68.26519846856336,1.3653039693712672,54.4094124216273,165.5905875783727,676.3738632332906,none,True,305.46875,voltage_limit,307.9296875
A,Full Texas Combined T&D,A-mpc-0003,110001,230292,C3,Converted DC backbone,800 V DC data-center interface,800.0,115/138 kV data-center interconnection AC side,centralized utility-side dynamic VAR support at the interconnection or AC/DC terminal,"centralized support reduces campus-to-campus control fighting but requires utility-side ownership, protection coordination and adequate high-voltage VAR rating",138.0,276.0,97.29579600000001,2.0,3.0,544.1796875,551.8795104295125,27.791684535270065,0.9514107070842065,0.9514107070842065,0.995,99.9781721792595,1.9995634435851901,0.0,480.0,inf,none,True,544.1796875,dc_current_limit,546.640625
A,Full Texas Combined T&D,A-mpc-0004,110001,270046,C0,C0/C1 Traditional 400 V AC,400 V AC facility distribution,400.0,none,baseline voltage-sensitive load without active dynamic VAR support,not applicable,138.0,,78.17562,2.0,3.0,273.4765625,281.52853802347397,13.173983786493952,0.9540416581891765,0.9540416581891765,0.9500674094271652,63.25170246716846,1.2650340493433692,94.69840267047604,125.30159732952396,946.242472938767,none,True,273.4765625,voltage_limit,275.9375
A,Full Texas Combined T&D,A-mpc-0004,110001,270046,C2,MV SST,800 V DC data-center interface,800.0,34.5 kV AC side near the data-center SST,local distributed SST and dynamic VAR support at the data-center interface,"local Volt-VAR controls can fight nearby inverters or slower utility LTC, regulator, capacitor-bank, STATCOM or SVC controls without supervisory coordination",138.0,,78.17562,2.0,3.0,445.7421875,453.04013959390863,20.75648026052032,0.9555058102091392,0.9555058102091392,0.951374404267333,99.61288308168312,1.9922576616336625,93.08583529200449,126.91416470799551,774.7308713683324,none,True,445.7421875,thermal_current_limit,448.203125
A,Full Texas Combined T&D,A-mpc-0004,110001,270046,C3,Converted DC backbone,800 V DC data-center interface,800.0,115/138 kV data-center interconnection AC side,centralized utility-side dynamic VAR support at the interconnection or AC/DC terminal,"centralized support reduces campus-to-campus control fighting but requires utility-side ownership, protection coordination and adequate high-voltage VAR rating",138.0,276.0,78.17562,2.0,3.0,544.1796875,551.8795104295125,20.46849866267155,0.9637499966097922,0.9637499966097922,0.995,99.9781721792595,1.9995634435851901,0.0,480.0,inf,none,True,544.1796875,dc_current_limit,546.640625
A,Full Texas Combined T&D,A-mpc-0008,110005,110065,C0,C0/C1 Traditional 400 V AC,400 V AC facility distribution,400.0,none,baseline voltage-sensitive load without active dynamic VAR support,not applicable,138.0,,24.757199999999997,2.0,3.0,440.8203125,456.2173177538786,17.74829330143606,0.9612963184201903,0.9612963184201903,0.9744563706790295,99.93407149019048,1.9986814298038096,122.30835528253209,97.69164471746791,3420.7057591691987,none,True,440.8203125,thermal_current_limit,443.28125
A,Full Texas Combined T&D,A-mpc-0008,110005,110065,C2,MV SST,800 V DC data-center interface,800.0,34.5 kV AC side near the data-center SST,local distributed SST and dynamic VAR support at the data-center interface,"local Volt-VAR controls can fight nearby inverters or slower utility LTC, regulator, capacitor-bank, STATCOM or SVC controls without supervisory coordination",138.0,,24.757199999999997,2.0,3.0,460.5078125,470.76062182741117,12.593104010551766,0.9733817805650543,0.9733817805650543,0.9863805365148411,99.83571301783164,1.9967142603566328,29.61110324100731,190.3888967589927,3406.162455095666,none,True,460.5078125,thermal_current_limit,462.96875
A,Full Texas Combined T&D,A-mpc-0008,110005,110065,C3,Converted DC backbone,800 V DC data-center interface,800.0,115/138 kV data-center interconnection AC side,centralized utility-side dynamic VAR support at the interconnection or AC/DC terminal,"centralized support reduces campus-to-campus control fighting but requires utility-side ownership, protection coordination and adequate high-voltage VAR rating",138.0,276.0,24.757199999999997,2.0,3.0,544.1796875,551.8795104295125,14.784603351512601,0.9735500038312106,0.9735500038312106,0.995,99.9781721792595,1.9995634435851901,0.0,480.0,inf,none,True,544.1796875,dc_current_limit,546.640625
A,Full Texas Combined T&D,A-mpc-0009,110005,111259,C0,C0/C1 Traditional 400 V AC,400 V AC facility distribution,400.0,none,baseline voltage-sensitive load without active dynamic VAR support,not applicable,138.0,,35.174268,2.0,3.0,438.359375,450.44851216960797,17.94131506629879,0.9606809381250507,0.9606809381250507,0.9669637723382433,99.43497486299823,1.9886994972599645,133.2009564120012,86.7990435879988,2278.3008110572464,none,True,438.359375,thermal_current_limit,440.8203125
A,Full Texas Combined T&D,A-mpc-0009,110005,111259,C2,MV SST,800 V DC data-center interface,800.0,34.5 kV AC side near the data-center SST,local distributed SST and dynamic VAR support at the data-center interface,"local Volt-VAR controls can fight nearby inverters or slower utility LTC, regulator, capacitor-bank, STATCOM or SVC controls without supervisory coordination",138.0,,35.174268,2.0,3.0,462.96875,470.0190355329949,12.962967613298193,0.9727629675989975,0.9727629675989975,0.9837235424543281,99.94766961328608,1.9989533922657217,42.164956765691336,177.83504323430867,2258.7302876938593,none,True,462.96875,thermal_current_limit,465.4296875
A,Full Texas Combined T&D,A-mpc-0009,110005,111259,C3,Converted DC backbone,800 V DC data-center interface,800.0,115/138 kV data-center interconnection AC side,centralized utility-side dynamic VAR support at the interconnection or AC/DC terminal,"centralized support reduces campus-to-campus control fighting but requires utility-side ownership, protection coordination and adequate high-voltage VAR rating",138.0,276.0,35.174268,2.0,3.0,544.1796875,551.8795104295125,14.999089967027999,0.9731765750571383,0.9731765750571383,0.995,99.9781721792595,1.9995634435851901,0.0,480.0,inf,none,True,544.1796875,dc_current_limit,546.640625
A,Full Texas Combined T&D,A-mpc-0010,110005,111363,C0,C0/C1 Traditional 400 V AC,400 V AC facility distribution,400.0,none,baseline voltage-sensitive load without active dynamic VAR support,not applicable,138.0,,36.583524,2.0,3.0,438.359375,450.44851216960797,18.41925156418421,0.9596757586870233,0.9596757586870233,0.9649735367765438,99.64005719479925,1.9928011438959852,135.05223770183943,84.94776229816057,2173.1850120365343,none,True,438.359375,thermal_current_limit,440.8203125
A,Full Texas Combined T&D,A-mpc-0010,110005,111363,C2,MV SST,800 V DC data-center interface,800.0,34.5 kV AC side near the data-center SST,local distributed SST and dynamic VAR support at the data-center interface,"local Volt-VAR controls can fight nearby inverters or slower utility LTC, regulator, capacitor-bank, STATCOM or SVC controls without supervisory coordination",138.0,,36.583524,2.0,3.0,460.5078125,467.52062182741116,13.329753639043307,0.9718685165727619,0.9718685165727619,0.9825379853295366,99.53635045233382,1.9907270090466764,43.49408610264117,176.50591389735882,2156.112902378731,none,True,460.5078125,thermal_current_limit,462.96875
A,Full Texas Combined T&D,A-mpc-0010,110005,111363,C3,Converted DC backbone,800 V DC data-center interface,800.0,115/138 kV data-center interconnection AC side,centralized utility-side dynamic VAR support at the interconnection or AC/DC terminal,"centralized support reduces campus-to-campus control fighting but requires utility-side ownership, protection coordination and adequate high-voltage VAR rating",138.0,276.0,36.583524,2.0,3.0,544.1796875,551.8795104295125,15.305499417764395,0.9726436020548046,0.9726436020548046,0.995,99.9781721792595,1.9995634435851901,0.0,480.0,inf,none,True,544.1796875,dc_current_limit,546.640625
A,Full Texas Combined T&D,A-mpc-0011,110005,111411,C0,C0/C1 Traditional 400 V AC,400 V AC facility distribution,400.0,none,baseline voltage-sensitive load without active dynamic VAR support,not applicable,138.0,,28.718352,2.0,3.0,438.359375,450.44851216960797,21.40391628046176,0.9534457911573346,0.9534457911573346,0.9643278937541859,99.7067688476442,1.994135376952884,125.72768351492212,94.27231648507788,2891.726554143389,none,True,438.359375,thermal_current_limit,440.8203125
A,Full Texas Combined T&D,A-mpc-0011,110005,111411,C2,MV SST,800 V DC data-center interface,800.0,34.5 kV AC side near the data-center SST,local distributed SST and dynamic VAR support at the data-center interface,"local Volt-VAR controls can fight nearby inverters or slower utility LTC, regulator, capacitor-bank, STATCOM or SVC controls without supervisory coordination",138.0,,28.718352,2.0,3.0,458.046875,465.0222081218274,16.246111086862747,0.9657466764986327,0.9657466764986327,0.9779294669352715,99.47099270236464,1.989419854047293,34.09837358846496,185.90162641153503,2877.1528581911693,none,True,458.046875,thermal_current_limit,460.5078125
A,Full Texas Combined T&D,A-mpc-0011,110005,111411,C3,Converted DC backbone,800 V DC data-center interface,800.0,115/138 kV data-center interconnection AC side,centralized utility-side dynamic VAR support at the interconnection or AC/DC terminal,"centralized support reduces campus-to-campus control fighting but requires utility-side ownership, protection coordination and adequate high-voltage VAR rating",138.0,276.0,28.718352,2.0,3.0,544.1796875,551.8795104295125,17.312481320087386,0.9691670119701444,0.9691670119701444,0.995,99.9781721792595,1.9995634435851901,0.0,480.0,inf,none,True,544.1796875,dc_current_limit,546.640625
A,Full Texas Combined T&D,A-mpc-0015,110101,110009,C0,C0/C1 Traditional 400 V AC,400 V AC facility distribution,400.0,none,baseline voltage-sensitive load without active dynamic VAR support,not applicable,138.0,,52.009164000000006,2.0,3.0,421.1328125,438.6468730797133,19.64652557687204,0.9554277528919795,0.9554277528919795,0.9501307176810029,98.54529494013919,1.9709058988027837,149.6794586897209,70.32054131027911,1406.8309738627984,none,True,421.1328125,voltage_limit,423.59375
A,Full Texas Combined T&D,A-mpc-0015,110101,110009,C2,MV SST,800 V DC data-center interface,800.0,34.5 kV AC side near the data-center SST,local distributed SST and dynamic VAR support at the data-center interface,"local Volt-VAR controls can fight nearby inverters or slower utility LTC, regulator, capacitor-bank, STATCOM or SVC controls without supervisory coordination",138.0,,52.009164000000006,2.0,3.0,450.6640625,463.4269670050761,15.051519124169507,0.9676808770888065,0.9676808770888065,0.9743087903208287,99.49814218058054,1.9899628436116108,61.78613975566423,158.21386024433576,1382.0508799374356,none,True,450.6640625,thermal_current_limit,453.125
A,Full Texas Combined T&D,A-mpc-0015,110101,110009,C3,Converted DC backbone,800 V DC data-center interface,800.0,115/138 kV data-center interconnection AC side,centralized utility-side dynamic VAR support at the interconnection or AC/DC terminal,"centralized support reduces campus-to-campus control fighting but requires utility-side ownership, protection coordination and adequate high-voltage VAR rating",138.0,276.0,52.009164000000006,2.0,3.0,544.1796875,551.8795104295125,16.57709863832008,0.970437988361266,0.970437988361266,0.995,99.9781721792595,1.9995634435851901,0.0,480.0,inf,none,True,544.1796875,dc_current_limit,546.640625
A,Full Texas Combined T&D,A-mpc-0016,110009,110105,C0,C0/C1 Traditional 400 V AC,400 V AC facility distribution,400.0,none,baseline voltage-sensitive load without active dynamic VAR support,not applicable,138.0,,43.667891999999995,2.0,3.0,428.515625,445.13328983252535,22.230168051711015,0.9506813632109468,0.9506813632109468,0.9515281966822441,99.85564639556947,1.9971129279113893,142.63846240825788,77.36153759174212,1752.8606046288792,none,True,428.515625,thermal_current_limit,430.9765625
A,Full Texas Combined T&D,A-mpc-0016,110009,110105,C2,MV SST,800 V DC data-center interface,800.0,34.5 kV AC side near the data-center SST,local distributed SST and dynamic VAR support at the data-center interface,"local Volt-VAR controls can fight nearby inverters or slower utility LTC, regulator, capacitor-bank, STATCOM or SVC controls without supervisory coordination",138.0,,43.667891999999995,2.0,3.0,450.6640625,462.32696700507614,17.194371111194258,0.9632487738257095,0.9632487738257095,0.9723082833948384,99.46620102968818,1.9893240205937637,51.843526515557805,168.1564734844422,1735.6669274563285,none,True,450.6640625,thermal_current_limit,453.125
A,Full Texas Combined T&D,A-mpc-0016,110009,110105,C3,Converted DC backbone,800 V DC data-center interface,800.0,115/138 kV data-center interconnection AC side,centralized utility-side dynamic VAR support at the interconnection or AC/DC terminal,"centralized support reduces campus-to-campus control fighting but requires utility-side ownership, protection coordination and adequate high-voltage VAR rating",138.0,276.0,43.667891999999995,2.0,3.0,544.1796875,551.8795104295125,18.032543529317763,0.9679257359870966,0.9679257359870966,0.995,99.9781721792595,1.9995634435851901,0.0,480.0,inf,none,True,544.1796875,dc_current_limit,546.640625
A,Full Texas Combined T&D,A-mpc-0017,110009,110121,C0,C0/C1 Traditional 400 V AC,400 V AC facility distribution,400.0,none,baseline voltage-sensitive load without active dynamic VAR support,not applicable,138.0,,67.24436399999999,2.0,3.0,293.1640625,301.73898269763924,15.087945915340754,0.9510532113224347,0.9510532113224347,0.9502215715880258,67.7814337898911,1.355628675797822,98.34379118171633,121.65620881828367,1125.6187063422926,none,True,293.1640625,voltage_limit,295.625
A,Full Texas Combined T&D,A-mpc-0017,110009,110121,C2,MV SST,800 V DC data-center interface,800.0,34.5 kV AC side near the data-center SST,local distributed SST and dynamic VAR support at the data-center interface,"local Volt-VAR controls can fight nearby inverters or slower utility LTC, regulator, capacitor-bank, STATCOM or SVC controls without supervisory coordination",138.0,,67.24436399999999,2.0,3.0,448.203125,455.5185532994924,22.03789571713423,0.9531348930735016,0.9531348930735016,0.9538254937639289,99.90044782490446,1.9980089564980892,80.53265302213958,139.46734697786042,971.8391357404396,none,True,448.203125,thermal_current_limit,450.6640625
A,Full Texas Combined T&D,A-mpc-0017,110009,110121,C3,Converted DC backbone,800 V DC data-center interface,800.0,115/138 kV data-center interconnection AC side,centralized utility-side dynamic VAR support at the interconnection or AC/DC terminal,"centralized support reduces campus-to-campus control fighting but requires utility-side ownership, protection coordination and adequate high-voltage VAR rating",138.0,276.0,67.24436399999999,2.0,3.0,544.1796875,551.8795104295125,21.249842762049298,0.9624182296382698,0.9624182296382698,0.995,99.9781721792595,1.9995634435851901,0.0,480.0,inf,none,True,544.1796875,dc_current_limit,546.640625
A,Full Texas Combined T&D,A-mpc-0021,110123,110013,C0,C0/C1 Traditional 400 V AC,400 V AC facility distribution,400.0,none,baseline voltage-sensitive load without active dynamic VAR support,not applicable,138.0,,35.021916,2.0,3.0,423.59375,450.57567866398404,18.389785235552946,0.9583926011502844,0.9583926011502844,0.9652997859397839,99.63450110368208,1.9926900220736417,133.21294313125335,86.78705686874665,2290.044223456733,none,True,423.59375,thermal_current_limit,426.0546875
A,Full Texas Combined T&D,A-mpc-0021,110123,110013,C2,MV SST,800 V DC data-center interface,800.0,34.5 kV AC side near the data-center SST,local distributed SST and dynamic VAR support at the data-center interface,"local Volt-VAR controls can fight nearby inverters or slower utility LTC, regulator, capacitor-bank, STATCOM or SVC controls without supervisory coordination",138.0,,35.021916,2.0,3.0,445.7421875,467.83013959390865,13.498288686634478,0.9706073628380508,0.9706073628380508,0.9820543733608937,99.6512966409995,1.99302593281999,41.73371598074861,178.26628401925137,2272.7897625268083,none,True,445.7421875,thermal_current_limit,448.203125
A,Full Texas Combined T&D,A-mpc-0021,110123,110013,C3,Converted DC backbone,800 V DC data-center interface,800.0,115/138 kV data-center interconnection AC side,centralized utility-side dynamic VAR support at the interconnection or AC/DC terminal,"centralized support reduces campus-to-campus control fighting but requires utility-side ownership, protection coordination and adequate high-voltage VAR rating",138.0,276.0,35.021916,2.0,3.0,544.1796875,551.8795104295125,15.565947450890121,0.9721910337858092,0.9721910337858092,0.995,99.9781721792595,1.9995634435851901,0.0,480.0,inf,none,True,544.1796875,dc_current_limit,546.640625
A,Full Texas Combined T&D,A-mpc-0022,110132,110013,C0,C0/C1 Traditional 400 V AC,400 V AC facility distribution,400.0,none,baseline voltage-sensitive load without active dynamic VAR support,not applicable,138.0,,50.00954399999999,2.0,3.0,408.828125,435.4028451583601,20.16479576680922,0.9529950384011805,0.9529950384011805,0.9500959960818349,97.82007458705263,1.9564014917410526,145.83587944454587,74.16412055545413,1483.8660048035592,none,True,408.828125,voltage_limit,411.2890625
A,Full Texas Combined T&D,A-mpc-0022,110132,110013,C2,MV SST,800 V DC data-center interface,800.0,34.5 kV AC side near the data-center SST,local distributed SST and dynamic VAR support at the data-center interface,"local Volt-VAR controls can fight nearby inverters or slower utility LTC, regulator, capacitor-bank, STATCOM or SVC controls without supervisory coordination",138.0,,50.00954399999999,2.0,3.0,440.8203125,462.8333121827411,15.916269726122437,0.96515218980589,0.96515218980589,0.9728005080151793,99.52475367412768,1.9904950734825537,59.44240376371999,160.55759623628,1456.4355377791783,none,True,440.8203125,thermal_current_limit,443.28125
A,Full Texas Combined T&D,A-mpc-0022,110132,110013,C3,Converted DC backbone,800 V DC data-center interface,800.0,115/138 kV data-center interconnection AC side,centralized utility-side dynamic VAR support at the interconnection or AC/DC terminal,"centralized support reduces campus-to-campus control fighting but requires utility-side ownership, protection coordination and adequate high-voltage VAR rating",138.0,276.0,50.00954399999999,2.0,3.0,544.1796875,551.8795104295125,17.26651990247683,0.9692463504520582,0.9692463504520582,0.995,99.9781721792595,1.9995634435851901,0.0,480.0,inf,none,True,544.1796875,dc_current_limit,546.640625
A,Full Texas Combined T&D,A-mpc-0026,110017,110137,C0,C0/C1 Traditional 400 V AC,400 V AC facility distribution,400.0,none,baseline voltage-sensitive load without active dynamic VAR support,not applicable,138.0,,34.355376,2.0,3.0,423.59375,449.475678663984,18.861200324353145,0.9573714785866301,0.9573714785866301,0.9648318686503674,99.43946334043449,1.9887892668086897,132.03549709286733,87.96450290713267,2344.315895615395,none,True,423.59375,thermal_current_limit,426.0546875
A,Full Texas Combined T&D,A-mpc-0026,110017,110137,C2,MV SST,800 V DC data-center interface,800.0,34.5 kV AC side near the data-center SST,local distributed SST and dynamic VAR support at the data-center interface,"local Volt-VAR controls can fight nearby inverters or slower utility LTC, regulator, capacitor-bank, STATCOM or SVC controls without supervisory coordination",138.0,,34.355376,2.0,3.0,445.7421875,466.73013959390863,13.97691471922359,0.9695968371734995,0.9695968371734995,0.9811846546058774,99.5051113477098,1.990102226954196,40.819410839233186,179.18058916076683,2327.061434685471,none,True,445.7421875,thermal_current_limit,448.203125
A,Full Texas Combined T&D,A-mpc-0026,110017,110137,C3,Converted DC backbone,800 V DC data-center interface,800.0,115/138 kV data-center interconnection AC side,centralized utility-side dynamic VAR support at the interconnection or AC/DC terminal,"centralized support reduces campus-to-campus control fighting but requires utility-side ownership, protection coordination and adequate high-voltage VAR rating",138.0,276.0,34.355376,2.0,3.0,544.1796875,551.8795104295125,15.90299784670026,0.9716059820045034,0.9716059820045034,0.995,99.9781721792595,1.9995634435851901,0.0,480.0,inf,none,True,544.1796875,dc_current_limit,546.640625
A,Full Texas Combined T&D,A-mpc-0027,110017,110157,C0,C0/C1 Traditional 400 V AC,400 V AC facility distribution,400.0,none,baseline voltage-sensitive load without active dynamic VAR support,not applicable,138.0,,44.56296,2.0,3.0,428.515625,446.63328983252535,19.46821751867259,0.9565425899978498,0.9565425899978498,0.9564318584045675,99.67844885608369,1.9935689771216738,143.82496004067173,76.17503995932827,1707.2128640136284,none,True,428.515625,thermal_current_limit,430.9765625
A,Full Texas Combined T&D,A-mpc-0027,110017,110157,C2,MV SST,800 V DC data-center interface,800.0,34.5 kV AC side near the data-center SST,local distributed SST and dynamic VAR support at the data-center interface,"local Volt-VAR controls can fight nearby inverters or slower utility LTC, regulator, capacitor-bank, STATCOM or SVC controls without supervisory coordination",138.0,,44.56296,2.0,3.0,453.125,466.32538071065994,14.56586919634226,0.9688557759928655,0.9688557759928655,0.9776779436008378,99.77541122740823,1.9955082245481646,53.2356215594336,166.7643784405664,1687.520773135494,none,True,453.125,thermal_current_limit,455.5859375
A,Full Texas Combined T&D,A-mpc-0027,110017,110157,C3,Converted DC backbone,800 V DC data-center interface,800.0,115/138 kV data-center interconnection AC side,centralized utility-side dynamic VAR support at the interconnection or AC/DC terminal,"centralized support reduces campus-to-campus control fighting but requires utility-side ownership, protection coordination and adequate high-voltage VAR rating",138.0,276.0,44.56296,2.0,3.0,544.1796875,551.8795104295125,16.194086824899728,0.9711012763857315,0.9711012763857315,0.995,99.9781721792595,1.9995634435851901,0.0,480.0,inf,none,True,544.1796875,dc_current_limit,546.640625
A,Full Texas Combined T&D,A-mpc-0028,110017,111409,C0,C0/C1 Traditional 400 V AC,400 V AC facility distribution,400.0,none,baseline voltage-sensitive load without active dynamic VAR support,not applicable,138.0,,74.08116,2.0,3.0,263.6328125,270.90331568639135,13.659481425867519,0.9507397727052621,0.9507397727052621,0.9502678062116082,60.85167249724004,1.2170334499448008,87.92731126774255,132.07268873225746,1024.7265043650225,none,True,263.6328125,voltage_limit,266.09375
A,Full Texas Combined T&D,A-mpc-0028,110017,111409,C2,MV SST,800 V DC data-center interface,800.0,34.5 kV AC side near the data-center SST,local distributed SST and dynamic VAR support at the data-center interface,"local Volt-VAR controls can fight nearby inverters or slower utility LTC, regulator, capacitor-bank, STATCOM or SVC controls without supervisory coordination",138.0,,74.08116,2.0,3.0,423.59375,430.04441624365484,21.915076650933116,0.9508088833712286,0.9508088833712286,0.950211113388013,94.67242426392718,1.8934484852785438,79.67755824901305,140.32244175098697,865.585403807759,none,True,423.59375,voltage_limit,426.0546875
A,Full Texas Combined T&D,A-mpc-0028,110017,111409,C3,Converted DC backbone,800 V DC data-center interface,800.0,115/138 kV data-center interconnection AC side,centralized utility-side dynamic VAR support at the interconnection or AC/DC terminal,"centralized support reduces campus-to-campus control fighting but requires utility-side ownership, protection coordination and adequate high-voltage VAR rating",138.0,276.0,74.08116,2.0,3.0,544.1796875,551.8795104295125,22.598044345289054,0.9601289128425787,0.9601289128425787,0.995,99.9781721792595,1.9995634435851901,0.0,480.0,inf,none,True,544.1796875,dc_current_limit,546.640625
A,Full Texas Combined T&D,A-mpc-0032,110021,110053,C0,C0/C1 Traditional 400 V AC,400 V AC facility distribution,400.0,none,baseline voltage-sensitive load without active dynamic VAR support,not applicable,138.0,,51.190272,2.0,3.0,396.5234375,411.7088172370068,19.94933050990569,0.9520993158682797,0.9520993158682797,0.9500272851033205,92.50352964314902,1.8500705928629806,136.16466402297758,83.83533597702242,1463.291182762993,none,True,396.5234375,voltage_limit,398.984375
A,Full Texas Combined T&D,A-mpc-0032,110021,110053,C2,MV SST,800 V DC data-center interface,800.0,34.5 kV AC side near the data-center SST,local distributed SST and dynamic VAR support at the data-center interface,"local Volt-VAR controls can fight nearby inverters or slower utility LTC, regulator, capacitor-bank, STATCOM or SVC controls without supervisory coordination",138.0,,51.190272,2.0,3.0,450.6640625,461.77696700507613,17.3135544460118,0.963003456107583,0.963003456107583,0.969825510973255,99.60220514096125,1.9920441028192248,60.94058099723855,159.05941900276144,1413.2230329949236,none,True,450.6640625,thermal_current_limit,453.125
A,Full Texas Combined T&D,A-mpc-0032,110021,110053,C3,Converted DC backbone,800 V DC data-center interface,800.0,115/138 kV data-center interconnection AC side,centralized utility-side dynamic VAR support at the interconnection or AC/DC terminal,"centralized support reduces campus-to-campus control fighting but requires utility-side ownership, protection coordination and adequate high-voltage VAR rating",138.0,276.0,51.190272,2.0,3.0,544.1796875,551.8795104295125,18.09382541946502,0.9678202422776109,0.9678202422776109,0.995,99.9781721792595,1.9995634435851901,0.0,480.0,inf,none,True,544.1796875,dc_current_limit,546.640625
A,Full Texas Combined T&D,A-mpc-0033,110021,110134,C0,C0/C1 Traditional 400 V AC,400 V AC facility distribution,400.0,none,baseline voltage-sensitive load without active dynamic VAR support,not applicable,138.0,,43.401275999999996,2.0,3.0,430.9765625,447.462095416796,20.496496804685776,0.9546008418835611,0.9546008418835611,0.9553313334951546,99.97846042204527,1.9995692084409056,142.9201511120078,77.0798488879922,1764.0341748771923,none,True,430.9765625,thermal_current_limit,433.4375
A,Full Texas Combined T&D,A-mpc-0033,110021,110134,C2,MV SST,800 V DC data-center interface,800.0,34.5 kV AC side near the data-center SST,local distributed SST and dynamic VAR support at the data-center interface,"local Volt-VAR controls can fight nearby inverters or slower utility LTC, regulator, capacitor-bank, STATCOM or SVC controls without supervisory coordination",138.0,,43.401275999999996,2.0,3.0,453.125,464.62538071065995,15.44059393961977,0.9670471026056396,0.9670471026056396,0.9761549504919466,99.56677935764101,1.9913355871528202,51.63125277869085,168.36874722130915,1746.8708895833283,none,True,453.125,thermal_current_limit,455.5859375
A,Full Texas Combined T&D,A-mpc-0033,110021,110134,C3,Converted DC backbone,800 V DC data-center interface,800.0,115/138 kV data-center interconnection AC side,centralized utility-side dynamic VAR support at the interconnection or AC/DC terminal,"centralized support reduces campus-to-campus control fighting but requires utility-side ownership, protection coordination and adequate high-voltage VAR rating",138.0,276.0,43.401275999999996,2.0,3.0,544.1796875,551.8795104295125,16.806905726372293,0.9700404502900655,0.9700404502900655,0.995,99.9781721792595,1.9995634435851901,0.0,480.0,inf,none,True,544.1796875,dc_current_limit,546.640625
A,Full Texas Combined T&D,A-mpc-0037,110025,110061,C0,C0/C1 Traditional 400 V AC,400 V AC facility distribution,400.0,none,baseline voltage-sensitive load without active dynamic VAR support,not applicable,138.0,,34.831476,2.0,3.0,438.359375,452.02851216960795,18.98844699136346,0.9584813875166501,0.9584813875166501,0.9650235913689639,99.98436982742136,1.9996873965484272,133.57301034310095,86.42698965689905,2303.5756431064992,none,True,438.359375,thermal_current_limit,440.8203125
A,Full Texas Combined T&D,A-mpc-0037,110025,110061,C2,MV SST,800 V DC data-center interface,800.0,34.5 kV AC side near the data-center SST,local distributed SST and dynamic VAR support at the data-center interface,"local Volt-VAR controls can fight nearby inverters or slower utility LTC, regulator, capacitor-bank, STATCOM or SVC controls without supervisory coordination",138.0,,34.831476,2.0,3.0,460.5078125,469.10062182741115,13.907869493027746,0.97068421213523,0.97068421213523,0.9817435390712465,99.95355553238085,1.999071110647617,41.75895471150557,178.24104528849443,2286.503533448696,none,True,460.5078125,thermal_current_limit,462.96875
A,Full Texas Combined T&D,A-mpc-0037,110025,110061,C3,Converted DC backbone,800 V DC data-center interface,800.0,115/138 kV data-center interconnection AC side,centralized utility-side dynamic VAR support at the interconnection or AC/DC terminal,"centralized support reduces campus-to-campus control fighting but requires utility-side ownership, protection coordination and adequate high-voltage VAR rating",138.0,276.0,34.831476,2.0,3.0,544.1796875,551.8795104295125,15.65787028611112,0.9720314043451631,0.9720314043451631,0.995,99.9781721792595,1.9995634435851901,0.0,480.0,inf,none,True,544.1796875,dc_current_limit,546.640625
A,Full Texas Combined T&D,A-mpc-0038,110134,110025,C0,C0/C1 Traditional 400 V AC,400 V AC facility distribution,400.0,none,baseline voltage-sensitive load without active dynamic VAR support,not applicable,138.0,,37.002492,2.0,3.0,430.9765625,450.162095416796,18.583094917247102,0.9586637844151578,0.9586637844151578,0.9639231723498514,99.68520766207052,1.9937041532414104,135.5331881482645,84.46681185173551,2143.7648217216497,none,True,430.9765625,thermal_current_limit,433.4375
A,Full Texas Combined T&D,A-mpc-0038,110134,110025,C2,MV SST,800 V DC data-center interface,800.0,34.5 kV AC side near the data-center SST,local distributed SST and dynamic VAR support at the data-center interface,"local Volt-VAR controls can fight nearby inverters or slower utility LTC, regulator, capacitor-bank, STATCOM or SVC controls without supervisory coordination",138.0,,37.002492,2.0,3.0,453.125,467.32538071065994,13.584235932235694,0.9708935780859325,0.9708935780859325,0.9816694539065054,99.58281105912343,1.9916562211824687,44.033274488238185,175.9667255117618,2126.601536427786,none,True,453.125,thermal_current_limit,455.5859375
A,Full Texas Combined T&D,A-mpc-0038,110134,110025,C3,Converted DC backbone,800 V DC data-center interface,800.0,115/138 kV data-center interconnection AC side,centralized utility-side dynamic VAR support at the interconnection or AC/DC terminal,"centralized support reduces campus-to-campus control fighting but requires utility-side ownership, protection coordination and adequate high-voltage VAR rating",138.0,276.0,37.002492,2.0,3.0,544.1796875,551.8795104295125,15.55062697835342,0.9722176437900348,0.9722176437900348,0.995,99.9781721792595,1.9995634435851901,0.0,480.0,inf,none,True,544.1796875,dc_current_limit,546.640625
A,Full Texas Combined T&D,A-mpc-0042,110073,110029,C0,C0/C1 Traditional 400 V AC,400 V AC facility distribution,400.0,none,baseline voltage-sensitive load without active dynamic VAR support,not applicable,138.0,,52.923276,2.0,3.0,352.2265625,369.640316720135,18.75195052526707,0.9494527314470369,0.9494527314470369,0.9503491703291757,83.02336824656429,1.6604673649312858,118.83392044640256,101.16607955359744,1443.961698393215,none,True,352.2265625,voltage_limit,354.6875
A,Full Texas Combined T&D,A-mpc-0042,110073,110029,C2,MV SST,800 V DC data-center interface,800.0,34.5 kV AC side near the data-center SST,local distributed SST and dynamic VAR support at the data-center interface,"local Volt-VAR controls can fight nearby inverters or slower utility LTC, regulator, capacitor-bank, STATCOM or SVC controls without supervisory coordination",138.0,,52.923276,2.0,3.0,445.7421875,460.23013959390863,19.87448516417696,0.9573157785556545,0.9573157785556545,0.9637439548401981,99.89498362585823,1.9978996725171645,63.37461378550747,156.62538621449252,1353.3718755194413,none,True,445.7421875,thermal_current_limit,448.203125
A,Full Texas Combined T&D,A-mpc-0042,110073,110029,C3,Converted DC backbone,800 V DC data-center interface,800.0,115/138 kV data-center interconnection AC side,centralized utility-side dynamic VAR support at the interconnection or AC/DC terminal,"centralized support reduces campus-to-campus control fighting but requires utility-side ownership, protection coordination and adequate high-voltage VAR rating",138.0,276.0,52.923276,2.0,3.0,544.1796875,551.8795104295125,19.825038816125357,0.9648495165180346,0.9648495165180346,0.995,99.9781721792595,1.9995634435851901,0.0,480.0,inf,none,True,544.1796875,dc_current_limit,546.640625
A,Full Texas Combined T&D,A-mpc-0043,110029,111363,C0,C0/C1 Traditional 400 V AC,400 V AC facility distribution,400.0,none,baseline voltage-sensitive load without active dynamic VAR support,not applicable,138.0,,35.650368,2.0,3.0,435.8984375,447.9197065853373,21.322191540478855,0.9533656397235936,0.9533656397235936,0.9596282200452926,99.63257940354957,1.9926515880709914,133.4206265103361,86.57937348966391,2244.387985722355,none,True,435.8984375,thermal_current_limit,438.359375
A,Full Texas Combined T&D,A-mpc-0043,110029,111363,C2,MV SST,800 V DC data-center interface,800.0,34.5 kV AC side near the data-center SST,local distributed SST and dynamic VAR support at the data-center interface,"local Volt-VAR controls can fight nearby inverters or slower utility LTC, regulator, capacitor-bank, STATCOM or SVC controls without supervisory coordination",138.0,,35.650368,2.0,3.0,458.046875,465.0222081218274,16.2733962490229,0.9656911221479733,0.9656911221479733,0.976493545938467,99.61726349707442,1.9923452699414883,42.45359554658115,177.54640445341886,2227.285484185865,none,True,458.046875,thermal_current_limit,460.5078125
A,Full Texas Combined T&D,A-mpc-0043,110029,111363,C3,Converted DC backbone,800 V DC data-center interface,800.0,115/138 kV data-center interconnection AC side,centralized utility-side dynamic VAR support at the interconnection or AC/DC terminal,"centralized support reduces campus-to-campus control fighting but requires utility-side ownership, protection coordination and adequate high-voltage VAR rating",138.0,276.0,35.650368,2.0,3.0,544.1796875,551.8795104295125,17.312481320087386,0.9691670119701444,0.9691670119701444,0.995,99.9781721792595,1.9995634435851901,0.0,480.0,inf,none,True,544.1796875,dc_current_limit,546.640625
A,Full Texas Combined T&D,A-mpc-0047,110121,110033,C0,C0/C1 Traditional 400 V AC,400 V AC facility distribution,400.0,none,baseline voltage-sensitive load without active dynamic VAR support,not applicable,138.0,,79.12781999999999,2.0,3.0,256.25,270.8168989335794,12.649707345558488,0.952957526542405,0.952957526542405,0.9505468407935156,60.81440371939877,1.2162880743879754,90.10919749917876,129.89080250082122,942.1794909581175,none,True,256.25,voltage_limit,258.7109375
A,Full Texas Combined T&D,A-mpc-0047,110121,110033,C2,MV SST,800 V DC data-center interface,800.0,34.5 kV AC side near the data-center SST,local distributed SST and dynamic VAR support at the data-center interface,"local Volt-VAR controls can fight nearby inverters or slower utility LTC, regulator, capacitor-bank, STATCOM or SVC controls without supervisory coordination",138.0,,79.12781999999999,2.0,3.0,428.515625,442.5412436548223,20.855878423656925,0.9535887828561428,0.9535887828561428,0.9503214873602795,97.41223179932014,1.9482446359864027,90.10262297527092,129.89737702472908,770.4551462368746,none,True,428.515625,voltage_limit,430.9765625
A,Full Texas Combined T&D,A-mpc-0047,110121,110033,C3,Converted DC backbone,800 V DC data-center interface,800.0,115/138 kV data-center interconnection AC side,centralized utility-side dynamic VAR support at the interconnection or AC/DC terminal,"centralized support reduces campus-to-campus control fighting but requires utility-side ownership, protection coordination and adequate high-voltage VAR rating",138.0,276.0,79.12781999999999,2.0,3.0,544.1796875,551.8795104295125,21.1579199268283,0.9625747170383199,0.9625747170383199,0.995,99.9781721792595,1.9995634435851901,0.0,480.0,inf,none,True,544.1796875,dc_current_limit,546.640625
A,Full Texas Combined T&D,A-mpc-0048,110033,110719,C0,C0/C1 Traditional 400 V AC,400 V AC facility distribution,400.0,none,baseline voltage-sensitive load without active dynamic VAR support,not applicable,138.0,,120.0,2.0,3.0,160.2734375,164.69348114702382,7.829256243446878,0.9534257538109672,0.9534257538109672,0.9502470728098815,36.99508962688851,0.7399017925377701,54.942371080072725,165.05762891992728,568.5040748611228,none,True,160.2734375,voltage_limit,162.734375
A,Full Texas Combined T&D,A-mpc-0048,110033,110719,C2,MV SST,800 V DC data-center interface,800.0,34.5 kV AC side near the data-center SST,local distributed SST and dynamic VAR support at the data-center interface,"local Volt-VAR controls can fight nearby inverters or slower utility LTC, regulator, capacitor-bank, STATCOM or SVC controls without supervisory coordination",138.0,,120.0,2.0,3.0,263.6328125,267.64752538071065,12.659455300615999,0.9541809280390301,0.9541809280390301,0.9503869243474976,58.91054904272042,1.1782109808544083,54.51739392444004,165.48260607555994,465.550030627436,none,True,263.6328125,voltage_limit,266.09375
A,Full Texas Combined T&D,A-mpc-0048,110033,110719,C3,Converted DC backbone,800 V DC data-center interface,800.0,115/138 kV data-center interconnection AC side,centralized utility-side dynamic VAR support at the interconnection or AC/DC terminal,"centralized support reduces campus-to-campus control fighting but requires utility-side ownership, protection coordination and adequate high-voltage VAR rating",138.0,276.0,120.0,2.0,3.0,544.1796875,551.8795104295125,27.73040264512281,0.9515126536094403,0.9515126536094403,0.995,99.9781721792595,1.9995634435851901,0.0,480.0,inf,none,True,544.1796875,dc_current_limit,546.640625
A,Full Texas Combined T&D,A-mpc-0052,110037,110118,C0,C0/C1 Traditional 400 V AC,400 V AC facility distribution,400.0,none,baseline voltage-sensitive load without active dynamic VAR support,not applicable,138.0,,26.718732000000003,2.0,3.0,440.8203125,453.6073177538786,17.859935287434844,0.9610623405442311,0.9610623405442311,0.9729820506056086,99.51291279662136,1.9902582559324273,123.8597890330818,96.1402109669182,3138.694891797083,none,True,440.8203125,thermal_current_limit,443.28125
A,Full Texas Combined T&D,A-mpc-0052,110037,110118,C2,MV SST,800 V DC data-center interface,800.0,34.5 kV AC side near the data-center SST,local distributed SST and dynamic VAR support at the data-center interface,"local Volt-VAR controls can fight nearby inverters or slower utility LTC, regulator, capacitor-bank, STATCOM or SVC controls without supervisory coordination",138.0,,26.718732000000003,2.0,3.0,462.96875,470.6490355329949,12.795226715809667,0.9731059362582789,0.9731059362582789,0.9857215885011292,99.87877229739021,1.9975754459478043,31.98478830758607,188.01521169241394,3121.653174017967,none,True,462.96875,thermal_current_limit,465.4296875
A,Full Texas Combined T&D,A-mpc-0052,110037,110118,C3,Converted DC backbone,800 V DC data-center interface,800.0,115/138 kV data-center interconnection AC side,centralized utility-side dynamic VAR support at the interconnection or AC/DC terminal,"centralized support reduces campus-to-campus control fighting but requires utility-side ownership, protection coordination and adequate high-voltage VAR rating",138.0,276.0,26.718732000000003,2.0,3.0,544.1796875,551.8795104295125,14.8918466592703,0.9733632536278839,0.9733632536278839,0.995,99.9781721792595,1.9995634435851901,0.0,480.0,inf,none,True,544.1796875,dc_current_limit,546.640625
A,Full Texas Combined T&D,A-mpc-0053,110124,110037,C0,C0/C1 Traditional 400 V AC,400 V AC facility distribution,400.0,none,baseline voltage-sensitive load without active dynamic VAR support,not applicable,138.0,,31.879656,2.0,3.0,433.4375,449.64090100106665,19.840454879326767,0.956228943707159,0.956228943707159,0.9651103493055815,99.4473125932381,1.988946251864762,129.13736726591273,90.86263273408727,2561.111787170976,none,True,433.4375,thermal_current_limit,435.8984375
A,Full Texas Combined T&D,A-mpc-0053,110124,110037,C2,MV SST,800 V DC data-center interface,800.0,34.5 kV AC side near the data-center SST,local distributed SST and dynamic VAR support at the data-center interface,"local Volt-VAR controls can fight nearby inverters or slower utility LTC, regulator, capacitor-bank, STATCOM or SVC controls without supervisory coordination",138.0,,31.879656,2.0,3.0,455.5859375,466.7737944162437,14.851486654382313,0.9684304736574091,0.9684304736574091,0.980198074476433,99.61458074701366,1.9922916149402732,37.96126668226275,182.03873331773724,2543.978893755799,none,True,455.5859375,thermal_current_limit,458.046875
A,Full Texas Combined T&D,A-mpc-0053,110124,110037,C3,Converted DC backbone,800 V DC data-center interface,800.0,115/138 kV data-center interconnection AC side,centralized utility-side dynamic VAR support at the interconnection or AC/DC terminal,"centralized support reduces campus-to-campus control fighting but requires utility-side ownership, protection coordination and adequate high-voltage VAR rating",138.0,276.0,31.879656,2.0,3.0,544.1796875,551.8795104295125,16.377932495341497,0.9707827850141836,0.9707827850141836,0.995,99.9781721792595,1.9995634435851901,0.0,480.0,inf,none,True,544.1796875,dc_current_limit,546.640625
A,Full Texas Combined T&D,A-mpc-0054,110037,230007,C0,C0/C1 Traditional 400 V AC,400 V AC facility distribution,400.0,none,baseline voltage-sensitive load without active dynamic VAR support,not applicable,138.0,,28.032767999999997,2.0,3.0,438.359375,452.938512169608,20.171101270632,0.9560092462453319,0.9560092462453319,0.967275540249179,99.9524072837657,1.9990481456753137,125.5803971164993,94.4196028835007,2970.9745313086523,none,True,438.359375,thermal_current_limit,440.8203125
A,Full Texas Combined T&D,A-mpc-0054,110037,230007,C2,MV SST,800 V DC data-center interface,800.0,34.5 kV AC side near the data-center SST,local distributed SST and dynamic VAR support at the data-center interface,"local Volt-VAR controls can fight nearby inverters or slower utility LTC, regulator, capacitor-bank, STATCOM or SVC controls without supervisory coordination",138.0,,28.032767999999997,2.0,3.0,458.046875,467.5122081218274,15.020624073888003,0.9682484548118535,0.9682484548118535,0.9806583400263432,99.72533881460718,1.9945067762921438,33.45478705195893,186.54521294804107,2956.400835356433,none,True,458.046875,thermal_current_limit,460.5078125
A,Full Texas Combined T&D,A-mpc-0054,110037,230007,C3,Converted DC backbone,800 V DC data-center interface,800.0,115/138 kV data-center interconnection AC side,centralized utility-side dynamic VAR support at the interconnection or AC/DC terminal,"centralized support reduces campus-to-campus control fighting but requires utility-side ownership, protection coordination and adequate high-voltage VAR rating",138.0,276.0,28.032767999999997,2.0,3.0,544.1796875,551.8795104295125,16.45453485802568,0.9706501419253039,0.9706501419253039,0.995,99.9781721792595,1.9995634435851901,0.0,480.0,inf,none,True,544.1796875,dc_current_limit,546.640625
A,Full Texas Combined T&D,A-mpc-0058,110041,110061,C0,C0/C1 Traditional 400 V AC,400 V AC facility distribution,400.0,none,baseline voltage-sensitive load without active dynamic VAR support,not applicable,138.0,,69.339204,2.0,3.0,310.390625,320.53062178753385,14.755379247144564,0.9546192201214043,0.9546192201214043,0.9502884899061004,71.99764180356247,1.4399528360712495,108.21822527547907,111.78177472452093,1063.704478459651,none,True,310.390625,voltage_limit,312.8515625
A,Full Texas Combined T&D,A-mpc-0058,110041,110061,C2,MV SST,800 V DC data-center interface,800.0,34.5 kV AC side near the data-center SST,local distributed SST and dynamic VAR support at the data-center interface,"local Volt-VAR controls can fight nearby inverters or slower utility LTC, regulator, capacitor-bank, STATCOM or SVC controls without supervisory coordination",138.0,,69.339204,2.0,3.0,448.203125,456.60855329949237,18.65661271634523,0.9600380773728647,0.9600380773728647,0.9600157421604656,99.49379088123176,1.9898758176246352,82.36677365859194,137.63322634140806,927.6265469476925,none,True,448.203125,thermal_current_limit,450.6640625
A,Full Texas Combined T&D,A-mpc-0058,110041,110061,C3,Converted DC backbone,800 V DC data-center interface,800.0,115/138 kV data-center interconnection AC side,centralized utility-side dynamic VAR support at the interconnection or AC/DC terminal,"centralized support reduces campus-to-campus control fighting but requires utility-side ownership, protection coordination and adequate high-voltage VAR rating",138.0,276.0,69.339204,2.0,3.0,544.1796875,551.8795104295125,19.043694716747723,0.9661880253589702,0.9661880253589702,0.995,99.9781721792595,1.9995634435851901,0.0,480.0,inf,none,True,544.1796875,dc_current_limit,546.640625
A,Full Texas Combined T&D,A-mpc-0062,110053,110045,C0,C0/C1 Traditional 400 V AC,400 V AC facility distribution,400.0,none,baseline voltage-sensitive load without active dynamic VAR support,not applicable,138.0,,52.732836,2.0,3.0,398.984375,411.7176228212775,19.388095839488045,0.9536582897039455,0.9536582897039455,0.9502786394639338,92.48103984085675,1.849620796817135,137.7240746172689,82.27592538273109,1408.4340564853314,none,True,398.984375,voltage_limit,401.4453125
A,Full Texas Combined T&D,A-mpc-0062,110053,110045,C2,MV SST,800 V DC data-center interface,800.0,34.5 kV AC side near the data-center SST,local distributed SST and dynamic VAR support at the data-center interface,"local Volt-VAR controls can fight nearby inverters or slower utility LTC, regulator, capacitor-bank, STATCOM or SVC controls without supervisory coordination",138.0,,52.732836,2.0,3.0,453.125,461.75538071065995,16.604093928316132,0.9646517660010003,0.9646517660010003,0.9708871035884822,99.4886466320039,1.9897729326400782,62.63389512469755,157.36610487530245,1358.396298595949,none,True,453.125,thermal_current_limit,455.5859375
A,Full Texas Combined T&D,A-mpc-0062,110053,110045,C3,Converted DC backbone,800 V DC data-center interface,800.0,115/138 kV data-center interconnection AC side,centralized utility-side dynamic VAR support at the interconnection or AC/DC terminal,"centralized support reduces campus-to-campus control fighting but requires utility-side ownership, protection coordination and adequate high-voltage VAR rating",138.0,276.0,52.732836,2.0,3.0,544.1796875,551.8795104295125,17.603570298286854,0.9686648363867626,0.9686648363867626,0.995,99.9781721792595,1.9995634435851901,0.0,480.0,inf,none,True,544.1796875,dc_current_limit,546.640625
A,Full Texas Combined T&D,A-mpc-0063,110045,110057,C0,C0/C1 Traditional 400 V AC,400 V AC facility distribution,400.0,none,baseline voltage-sensitive load without active dynamic VAR support,not applicable,138.0,,53.89451999999999,2.0,3.0,366.9921875,377.72315022575896,18.892791402620745,0.951040355454239,0.951040355454239,0.950091757172826,84.86180554321867,1.6972361108643732,123.27469167868476,96.72530832131524,1403.1955776894356,none,True,366.9921875,voltage_limit,369.453125
A,Full Texas Combined T&D,A-mpc-0063,110045,110057,C2,MV SST,800 V DC data-center interface,800.0,34.5 kV AC side near the data-center SST,local distributed SST and dynamic VAR support at the data-center interface,"local Volt-VAR controls can fight nearby inverters or slower utility LTC, regulator, capacitor-bank, STATCOM or SVC controls without supervisory coordination",138.0,,53.89451999999999,2.0,3.0,453.125,460.63538071065994,19.03476061527246,0.9596857627374508,0.9596857627374508,0.9654098921887458,99.81040973617695,1.996208194723539,64.42842743420549,155.5715725657945,1320.2833472045345,none,True,453.125,thermal_current_limit,455.5859375
A,Full Texas Combined T&D,A-mpc-0063,110045,110057,C3,Converted DC backbone,800 V DC data-center interface,800.0,115/138 kV data-center interconnection AC side,centralized utility-side dynamic VAR support at the interconnection or AC/DC terminal,"centralized support reduces campus-to-campus control fighting but requires utility-side ownership, protection coordination and adequate high-voltage VAR rating",138.0,276.0,53.89451999999999,2.0,3.0,544.1796875,551.8795104295125,19.19689944211575,0.9659252800221744,0.9659252800221744,0.995,99.9781721792595,1.9995634435851901,0.0,480.0,inf,none,True,544.1796875,dc_current_limit,546.640625
A,Full Texas Combined T&D,A-mpc-0064,110045,110118,C0,C0/C1 Traditional 400 V AC,400 V AC facility distribution,400.0,none,baseline voltage-sensitive load without active dynamic VAR support,not applicable,138.0,,30.908412000000002,2.0,3.0,438.359375,451.07851216960796,20.843695171264216,0.9546089812433302,0.9546089812433302,0.9639936429535587,99.88083956161408,1.9976167912322818,128.59715214876238,91.40284785123762,2654.281931453312,none,True,438.359375,thermal_current_limit,440.8203125
A,Full Texas Combined T&D,A-mpc-0064,110045,110118,C2,MV SST,800 V DC data-center interface,800.0,34.5 kV AC side near the data-center SST,local distributed SST and dynamic VAR support at the data-center interface,"local Volt-VAR controls can fight nearby inverters or slower utility LTC, regulator, capacitor-bank, STATCOM or SVC controls without supervisory coordination",138.0,,30.908412000000002,2.0,3.0,458.046875,465.6522081218274,15.667232543817113,0.9669268187408415,0.9669268187408415,0.9787449813786173,99.52275944876953,1.9904551889753908,36.736921216645435,183.26307878335456,2639.708235501093,none,True,458.046875,thermal_current_limit,460.5078125
A,Full Texas Combined T&D,A-mpc-0064,110045,110118,C3,Converted DC backbone,800 V DC data-center interface,800.0,115/138 kV data-center interconnection AC side,centralized utility-side dynamic VAR support at the interconnection or AC/DC terminal,"centralized support reduces campus-to-campus control fighting but requires utility-side ownership, protection coordination and adequate high-voltage VAR rating",138.0,276.0,30.908412000000002,2.0,3.0,544.1796875,551.8795104295125,16.914149034130105,0.9698550439644666,0.9698550439644666,0.995,99.9781721792595,1.9995634435851901,0.0,480.0,inf,none,True,544.1796875,dc_current_limit,546.640625
A,Full Texas Combined T&D,A-mpc-0065,110045,110118,C0,C0/C1 Traditional 400 V AC,400 V AC facility distribution,400.0,none,baseline voltage-sensitive load without active dynamic VAR support,not applicable,138.0,,30.908412000000002,2.0,3.0,438.359375,451.07851216960796,20.843695171264216,0.9546089812433302,0.9546089812433302,0.9639936429535587,99.88083956161408,1.9976167912322818,128.59715214876238,91.40284785123762,2654.281931453312,none,True,438.359375,thermal_current_limit,440.8203125
A,Full Texas Combined T&D,A-mpc-0065,110045,110118,C2,MV SST,800 V DC data-center interface,800.0,34.5 kV AC side near the data-center SST,local distributed SST and dynamic VAR support at the data-center interface,"local Volt-VAR controls can fight nearby inverters or slower utility LTC, regulator, capacitor-bank, STATCOM or SVC controls without supervisory coordination",138.0,,30.908412000000002,2.0,3.0,458.046875,465.6522081218274,15.667232543817113,0.9669268187408415,0.9669268187408415,0.9787449813786173,99.52275944876953,1.9904551889753908,36.736921216645435,183.26307878335456,2639.708235501093,none,True,458.046875,thermal_current_limit,460.5078125
A,Full Texas Combined T&D,A-mpc-0065,110045,110118,C3,Converted DC backbone,800 V DC data-center interface,800.0,115/138 kV data-center interconnection AC side,centralized utility-side dynamic VAR support at the interconnection or AC/DC terminal,"centralized support reduces campus-to-campus control fighting but requires utility-side ownership, protection coordination and adequate high-voltage VAR rating",138.0,276.0,30.908412000000002,2.0,3.0,544.1796875,551.8795104295125,16.914149034130105,0.9698550439644666,0.9698550439644666,0.995,99.9781721792595,1.9995634435851901,0.0,480.0,inf,none,True,544.1796875,dc_current_limit,546.640625
A,Full Texas Combined T&D,A-mpc-0069,110049,110053,C0,C0/C1 Traditional 400 V AC,400 V AC facility distribution,400.0,none,baseline voltage-sensitive load without active dynamic VAR support,not applicable,138.0,,53.932608,2.0,3.0,376.8359375,391.47837256284157,18.931009007435307,0.9521662706436256,0.9521662706436256,0.9500347513485369,87.95742313223937,1.7591484626447873,129.5630822283481,90.4369177716519,1388.182644386311,none,True,376.8359375,voltage_limit,379.296875
A,Full Texas Combined T&D,A-mpc-0069,110049,110053,C2,MV SST,800 V DC data-center interface,800.0,34.5 kV AC side near the data-center SST,local distributed SST and dynamic VAR support at the data-center interface,"local Volt-VAR controls can fight nearby inverters or slower utility LTC, regulator, capacitor-bank, STATCOM or SVC controls without supervisory coordination",138.0,,53.932608,2.0,3.0,450.6640625,461.77696700507613,17.858583619695246,0.9618832008066205,0.9618832008066205,0.9677816914038493,99.81255106693177,1.9962510213386355,64.47672636782849,155.5232736321715,1317.8840499440764,none,True,450.6640625,thermal_current_limit,453.125
A,Full Texas Combined T&D,A-mpc-0069,110049,110053,C3,Converted DC backbone,800 V DC data-center interface,800.0,115/138 kV data-center interconnection AC side,centralized utility-side dynamic VAR support at the interconnection or AC/DC terminal,"centralized support reduces campus-to-campus control fighting but requires utility-side ownership, protection coordination and adequate high-voltage VAR rating",138.0,276.0,53.932608,2.0,3.0,544.1796875,551.8795104295125,18.43087581527493,0.9672404376720765,0.9672404376720765,0.995,99.9781721792595,1.9995634435851901,0.0,480.0,inf,none,True,544.1796875,dc_current_limit,546.640625
A,Full Texas Combined T&D,A-mpc-0070,110049,110057,C0,C0/C1 Traditional 400 V AC,400 V AC facility distribution,400.0,none,baseline voltage-sensitive load without active dynamic VAR support,not applicable,138.0,,73.26226799999999,2.0,3.0,275.9375,284.1573436077447,13.894188593497802,0.9520611819193275,0.9520611819193275,0.9502847989725265,63.82771789119579,1.2765543578239158,93.51686999981202,126.48313000018798,1025.9544318016654,none,True,275.9375,voltage_limit,278.3984375
A,Full Texas Combined T&D,A-mpc-0070,110049,110057,C2,MV SST,800 V DC data-center interface,800.0,34.5 kV AC side near the data-center SST,local distributed SST and dynamic VAR support at the data-center interface,"local Volt-VAR controls can fight nearby inverters or slower utility LTC, regulator, capacitor-bank, STATCOM or SVC controls without supervisory coordination",138.0,,73.26226799999999,2.0,3.0,445.7421875,453.14013959390866,22.116887706204878,0.9527274581636423,0.9527274581636423,0.9508851413990522,99.68613627523824,1.9937227255047647,87.36372279851469,132.6362772014853,856.9716358155014,none,True,445.7421875,thermal_current_limit,448.203125
A,Full Texas Combined T&D,A-mpc-0070,110049,110057,C3,Converted DC backbone,800 V DC data-center interface,800.0,115/138 kV data-center interconnection AC side,centralized utility-side dynamic VAR support at the interconnection or AC/DC terminal,"centralized support reduces campus-to-campus control fighting but requires utility-side ownership, protection coordination and adequate high-voltage VAR rating",138.0,276.0,73.26226799999999,2.0,3.0,544.1796875,551.8795104295125,21.37240654234381,0.9622096589023617,0.9622096589023617,0.995,99.9781721792595,1.9995634435851901,0.0,480.0,inf,none,True,544.1796875,dc_current_limit,546.640625
A,Full Texas Combined T&D,A-mpc-0071,110049,110077,C0,C0/C1 Traditional 400 V AC,400 V AC facility distribution,400.0,none,baseline voltage-sensitive load without active dynamic VAR support,not applicable,138.0,,100.87606799999999,2.0,3.0,184.8828125,192.39153698973038,9.87377920446789,0.9493019511275347,0.9493019511275347,0.9502874274875968,43.21506748771003,0.8643013497542006,61.67360377427523,158.32639622572478,759.0904339372095,none,True,184.8828125,voltage_limit,187.34375
A,Full Texas Combined T&D,A-mpc-0071,110049,110077,C2,MV SST,800 V DC data-center interface,800.0,34.5 kV AC side near the data-center SST,local distributed SST and dynamic VAR support at the data-center interface,"local Volt-VAR controls can fight nearby inverters or slower utility LTC, regulator, capacitor-bank, STATCOM or SVC controls without supervisory coordination",138.0,,100.87606799999999,2.0,3.0,295.625,302.5369035532995,15.848910289015642,0.949116411469874,0.949116411469874,0.9500362614467409,66.6144530226004,1.332289060452008,53.716328884266545,166.28367111573345,648.9450673736403,none,True,295.625,voltage_limit,298.0859375
A,Full Texas Combined T&D,A-mpc-0071,110049,110077,C3,Converted DC backbone,800 V DC data-center interface,800.0,115/138 kV data-center interconnection AC side,centralized utility-side dynamic VAR support at the interconnection or AC/DC terminal,"centralized support reduces campus-to-campus control fighting but requires utility-side ownership, protection coordination and adequate high-voltage VAR rating",138.0,276.0,100.87606799999999,2.0,3.0,544.1796875,551.8795104295125,28.17469634869053,0.950774035905456,0.950774035905456,0.995,99.9781721792595,1.9995634435851901,0.0,480.0,inf,none,True,544.1796875,dc_current_limit,546.640625
A,Full Texas Combined T&D,A-mpc-0072,110133,110049,C0,C0/C1 Traditional 400 V AC,400 V AC facility distribution,400.0,none,baseline voltage-sensitive load without active dynamic VAR support,not applicable,138.0,,19.215396,2.0,3.0,443.28125,458.59612333814925,16.69173262036518,0.9637114933897288,0.9637114933897288,0.9802158729568897,99.86489805627255,1.997297961125451,116.11812656432878,103.88187343567122,4536.448475274337,none,True,443.28125,thermal_current_limit,445.7421875
A,Full Texas Combined T&D,A-mpc-0072,110133,110049,C2,MV SST,800 V DC data-center interface,800.0,34.5 kV AC side near the data-center SST,local distributed SST and dynamic VAR support at the data-center interface,"local Volt-VAR controls can fight nearby inverters or slower utility LTC, regulator, capacitor-bank, STATCOM or SVC controls without supervisory coordination",138.0,,19.215396,2.0,3.0,460.5078125,470.61062182741114,11.445896544370932,0.9757478406779618,0.9757478406779618,0.989526350776293,99.48661440646926,1.989732288129385,22.822324781496675,197.17767521850334,4524.433976785076,none,True,460.5078125,thermal_current_limit,462.96875
A,Full Texas Combined T&D,A-mpc-0072,110133,110049,C3,Converted DC backbone,800 V DC data-center interface,800.0,115/138 kV data-center interconnection AC side,centralized utility-side dynamic VAR support at the interconnection or AC/DC terminal,"centralized support reduces campus-to-campus control fighting but requires utility-side ownership, protection coordination and adequate high-voltage VAR rating",138.0,276.0,19.215396,2.0,3.0,544.1796875,551.8795104295125,14.033900197208595,0.9748592644347794,0.9748592644347794,0.995,99.9781721792595,1.9995634435851901,0.0,480.0,inf,none,True,544.1796875,dc_current_limit,546.640625
A,Full Texas Combined T&D,A-mpc-0076,110053,160133,C0,C0/C1 Traditional 400 V AC,400 V AC facility distribution,400.0,none,baseline voltage-sensitive load without active dynamic VAR support,not applicable,138.0,,120.0,2.0,3.0,120.8984375,124.50259179869333,6.43046591985591,0.9494972017574673,0.9494972017574673,0.9501737038088067,27.969171383571034,0.5593834276714207,39.94596699125702,180.05403300874298,489.9067706296864,none,True,120.8984375,voltage_limit,123.359375
A,Full Texas Combined T&D,A-mpc-0076,110053,160133,C2,MV SST,800 V DC data-center interface,800.0,34.5 kV AC side near the data-center SST,local distributed SST and dynamic VAR support at the data-center interface,"local Volt-VAR controls can fight nearby inverters or slower utility LTC, regulator, capacitor-bank, STATCOM or SVC controls without supervisory coordination",138.0,,120.0,2.0,3.0,192.265625,195.46352791878175,10.259754461301833,0.9493408950098411,0.9493408950098411,0.9500193867071219,43.03913712884837,0.8607827425769674,34.72475913162894,185.27524086837104,418.94583450959794,none,True,192.265625,voltage_limit,194.7265625
A,Full Texas Combined T&D,A-mpc-0076,110053,160133,C3,Converted DC backbone,800 V DC data-center interface,800.0,115/138 kV data-center interconnection AC side,centralized utility-side dynamic VAR support at the interconnection or AC/DC terminal,"centralized support reduces campus-to-campus control fighting but requires utility-side ownership, protection coordination and adequate high-voltage VAR rating",138.0,276.0,120.0,2.0,3.0,544.1796875,551.8795104295125,37.56614601375918,0.9354251567443831,0.9354251567443831,0.995,99.9781721792595,1.9995634435851901,0.0,480.0,inf,none,True,544.1796875,dc_current_limit,546.640625
A,Full Texas Combined T&D,A-mpc-0086,110132,110065,C0,C0/C1 Traditional 400 V AC,400 V AC facility distribution,400.0,none,baseline voltage-sensitive load without active dynamic VAR support,not applicable,138.0,,53.780255999999994,2.0,3.0,339.921875,352.5362887987817,18.430663730106616,0.9485683461447787,0.9485683461447787,0.9502667397428843,79.18857253822624,1.5837714507645249,112.05516788937904,107.94483211062096,1432.166260776289,none,True,339.921875,voltage_limit,342.3828125
A,Full Texas Combined T&D,A-mpc-0086,110132,110065,C2,MV SST,800 V DC data-center interface,800.0,34.5 kV AC side near the data-center SST,local distributed SST and dynamic VAR support at the data-center interface,"local Volt-VAR controls can fight nearby inverters or slower utility LTC, regulator, capacitor-bank, STATCOM or SVC controls without supervisory coordination",138.0,,53.780255999999994,2.0,3.0,448.203125,458.2685532994924,21.204318145356837,0.9548274778020707,0.9548274778020707,0.960739833561999,99.78024127403332,1.9956048254806664,64.2529705373577,155.7470294626423,1326.4339962755782,none,True,448.203125,thermal_current_limit,450.6640625
A,Full Texas Combined T&D,A-mpc-0086,110132,110065,C3,Converted DC backbone,800 V DC data-center interface,800.0,115/138 kV data-center interconnection AC side,centralized utility-side dynamic VAR support at the interconnection or AC/DC terminal,"centralized support reduces campus-to-campus control fighting but requires utility-side ownership, protection coordination and adequate high-voltage VAR rating",138.0,276.0,53.780255999999994,2.0,3.0,544.1796875,551.8795104295125,20.71362622326069,0.9633317907646395,0.9633317907646395,0.995,99.9781721792595,1.9995634435851901,0.0,480.0,inf,none,True,544.1796875,dc_current_limit,546.640625
A,Full Texas Combined T&D,A-mpc-0087,110065,110729,C0,C0/C1 Traditional 400 V AC,400 V AC facility distribution,400.0,none,baseline voltage-sensitive load without active dynamic VAR support,not applicable,138.0,,57.265308,2.0,3.0,325.15625,334.1234552931578,17.504894009985247,0.9489148556351191,0.9489148556351191,0.9500960100179329,75.06607088606701,1.50132141772134,106.56887846972045,113.43112153027955,1341.9656700809692,none,True,325.15625,voltage_limit,327.6171875
A,Full Texas Combined T&D,A-mpc-0087,110065,110729,C2,MV SST,800 V DC data-center interface,800.0,34.5 kV AC side near the data-center SST,local distributed SST and dynamic VAR support at the data-center interface,"local Volt-VAR controls can fight nearby inverters or slower utility LTC, regulator, capacitor-bank, STATCOM or SVC controls without supervisory coordination",138.0,,57.265308,2.0,3.0,450.6640625,457.52696700507613,21.98612410238844,0.9534833059933095,0.9534833059933095,0.9579687272417327,99.90693958228431,1.998138791645686,68.59052990705023,151.4094700929498,1218.5621583690508,none,True,450.6640625,thermal_current_limit,453.125
A,Full Texas Combined T&D,A-mpc-0087,110065,110729,C3,Converted DC backbone,800 V DC data-center interface,800.0,115/138 kV data-center interconnection AC side,centralized utility-side dynamic VAR support at the interconnection or AC/DC terminal,"centralized support reduces campus-to-campus control fighting but requires utility-side ownership, protection coordination and adequate high-voltage VAR rating",138.0,276.0,57.265308,2.0,3.0,544.1796875,551.8795104295125,21.188560871901927,0.9625225489175968,0.9625225489175968,0.995,99.9781721792595,1.9995634435851901,0.0,480.0,inf,none,True,544.1796875,dc_current_limit,546.640625
A,Full Texas Combined T&D,A-mpc-0088,110065,110729,C0,C0/C1 Traditional 400 V AC,400 V AC facility distribution,400.0,none,baseline voltage-sensitive load without active dynamic VAR support,not applicable,138.0,,57.265308,2.0,3.0,325.15625,334.1234552931578,17.504894009985247,0.9489148556351191,0.9489148556351191,0.9500960100179329,75.06607088606701,1.50132141772134,106.56887846972045,113.43112153027955,1341.9656700809692,none,True,325.15625,voltage_limit,327.6171875
A,Full Texas Combined T&D,A-mpc-0088,110065,110729,C2,MV SST,800 V DC data-center interface,800.0,34.5 kV AC side near the data-center SST,local distributed SST and dynamic VAR support at the data-center interface,"local Volt-VAR controls can fight nearby inverters or slower utility LTC, regulator, capacitor-bank, STATCOM or SVC controls without supervisory coordination",138.0,,57.265308,2.0,3.0,450.6640625,457.52696700507613,21.98612410238844,0.9534833059933095,0.9534833059933095,0.9579687272417327,99.90693958228431,1.998138791645686,68.59052990705023,151.4094700929498,1218.5621583690508,none,True,450.6640625,thermal_current_limit,453.125
A,Full Texas Combined T&D,A-mpc-0088,110065,110729,C3,Converted DC backbone,800 V DC data-center interface,800.0,115/138 kV data-center interconnection AC side,centralized utility-side dynamic VAR support at the interconnection or AC/DC terminal,"centralized support reduces campus-to-campus control fighting but requires utility-side ownership, protection coordination and adequate high-voltage VAR rating",138.0,276.0,57.265308,2.0,3.0,544.1796875,551.8795104295125,21.188560871901927,0.9625225489175968,0.9625225489175968,0.995,99.9781721792595,1.9995634435851901,0.0,480.0,inf,none,True,544.1796875,dc_current_limit,546.640625
A,Full Texas Combined T&D,A-mpc-0089,111363,110065,C0,C0/C1 Traditional 400 V AC,400 V AC facility distribution,400.0,none,baseline voltage-sensitive load without active dynamic VAR support,not applicable,138.0,,49.495355999999994,2.0,3.0,428.515625,443.57328983252535,20.454202096541344,0.954441922681492,0.954441922681492,0.9506518613630844,99.59742237394163,1.9919484474788325,148.9885705740481,71.01142942595189,1495.6340976241886,none,True,428.515625,thermal_current_limit,430.9765625
A,Full Texas Combined T&D,A-mpc-0089,111363,110065,C2,MV SST,800 V DC data-center interface,800.0,34.5 kV AC side near the data-center SST,local distributed SST and dynamic VAR support at the data-center interface,"local Volt-VAR controls can fight nearby inverters or slower utility LTC, regulator, capacitor-bank, STATCOM or SVC controls without supervisory coordination",138.0,,49.495355999999994,2.0,3.0,453.125,463.26538071065994,15.515352915128252,0.9668928362258677,0.9668928362258677,0.9742158970780678,99.47293349262422,1.9894586698524843,58.76998090554771,161.2300190944523,1475.9420067460542,none,True,453.125,thermal_current_limit,455.5859375
A,Full Texas Combined T&D,A-mpc-0089,111363,110065,C3,Converted DC backbone,800 V DC data-center interface,800.0,115/138 kV data-center interconnection AC side,centralized utility-side dynamic VAR support at the interconnection or AC/DC terminal,"centralized support reduces campus-to-campus control fighting but requires utility-side ownership, protection coordination and adequate high-voltage VAR rating",138.0,276.0,49.495355999999994,2.0,3.0,544.1796875,551.8795104295125,16.868187616519663,0.9699344951390887,0.9699344951390887,0.995,99.9781721792595,1.9995634435851901,0.0,480.0,inf,none,True,544.1796875,dc_current_limit,546.640625
A,Full Texas Combined T&D,A-mpc-0090,111363,110065,C0,C0/C1 Traditional 400 V AC,400 V AC facility distribution,400.0,none,baseline voltage-sensitive load without active dynamic VAR support,not applicable,138.0,,49.495355999999994,2.0,3.0,428.515625,443.57328983252535,20.454202096541344,0.954441922681492,0.954441922681492,0.9506518613630844,99.59742237394163,1.9919484474788325,148.9885705740481,71.01142942595189,1495.6340976241886,none,True,428.515625,thermal_current_limit,430.9765625
A,Full Texas Combined T&D,A-mpc-0090,111363,110065,C2,MV SST,800 V DC data-center interface,800.0,34.5 kV AC side near the data-center SST,local distributed SST and dynamic VAR support at the data-center interface,"local Volt-VAR controls can fight nearby inverters or slower utility LTC, regulator, capacitor-bank, STATCOM or SVC controls without supervisory coordination",138.0,,49.495355999999994,2.0,3.0,453.125,463.26538071065994,15.515352915128252,0.9668928362258677,0.9668928362258677,0.9742158970780678,99.47293349262422,1.9894586698524843,58.76998090554771,161.2300190944523,1475.9420067460542,none,True,453.125,thermal_current_limit,455.5859375
A,Full Texas Combined T&D,A-mpc-0090,111363,110065,C3,Converted DC backbone,800 V DC data-center interface,800.0,115/138 kV data-center interconnection AC side,centralized utility-side dynamic VAR support at the interconnection or AC/DC terminal,"centralized support reduces campus-to-campus control fighting but requires utility-side ownership, protection coordination and adequate high-voltage VAR rating",138.0,276.0,49.495355999999994,2.0,3.0,544.1796875,551.8795104295125,16.868187616519663,0.9699344951390887,0.9699344951390887,0.995,99.9781721792595,1.9995634435851901,0.0,480.0,inf,none,True,544.1796875,dc_current_limit,546.640625
A,Full Texas Combined T&D,A-mpc-0094,110069,110135,C0,C0/C1 Traditional 400 V AC,400 V AC facility distribution,400.0,none,baseline voltage-sensitive load without active dynamic VAR support,not applicable,138.0,,90.09716399999999,2.0,3.0,221.796875,249.71362075379025,10.838934772543187,0.9534081413212314,0.9534081413212314,0.950049644014529,56.104816610117425,1.1220963322023485,84.73891996107423,135.26108003892577,815.6002663736668,none,True,221.796875,voltage_limit,224.2578125
A,Full Texas Combined T&D,A-mpc-0094,110069,110135,C2,MV SST,800 V DC data-center interface,800.0,34.5 kV AC side near the data-center SST,local distributed SST and dynamic VAR support at the data-center interface,"local Volt-VAR controls can fight nearby inverters or slower utility LTC, regulator, capacitor-bank, STATCOM or SVC controls without supervisory coordination",138.0,,90.09716399999999,2.0,3.0,384.21875,411.8697969543147,18.241383028409484,0.9546753043807154,0.9546753043807154,0.950087841102813,90.68312463426554,1.8136624926853109,88.90891671191397,131.09108328808603,653.4440901731423,none,True,384.21875,voltage_limit,386.6796875
A,Full Texas Combined T&D,A-mpc-0094,110069,110135,C3,Converted DC backbone,800 V DC data-center interface,800.0,115/138 kV data-center interconnection AC side,centralized utility-side dynamic VAR support at the interconnection or AC/DC terminal,"centralized support reduces campus-to-campus control fighting but requires utility-side ownership, protection coordination and adequate high-voltage VAR rating",138.0,276.0,90.09716399999999,2.0,3.0,544.1796875,551.8795104295125,21.1579199268283,0.9625747170383199,0.9625747170383199,0.995,99.9781721792595,1.9995634435851901,0.0,480.0,inf,none,True,544.1796875,dc_current_limit,546.640625
A,Full Texas Combined T&D,A-mpc-0095,110069,111411,C0,C0/C1 Traditional 400 V AC,400 V AC facility distribution,400.0,none,baseline voltage-sensitive load without active dynamic VAR support,not applicable,138.0,,36.545435999999995,2.0,3.0,438.359375,450.44851216960797,18.956335726813702,0.9585486890518449,0.9585486890518449,0.9639017088668521,99.75085375552953,1.9950170751105907,135.10374319245358,84.89625680754642,2175.919387778282,none,True,438.359375,thermal_current_limit,440.8203125
A,Full Texas Combined T&D,A-mpc-0095,110069,111411,C2,MV SST,800 V DC data-center interface,800.0,34.5 kV AC side near the data-center SST,local distributed SST and dynamic VAR support at the data-center interface,"local Volt-VAR controls can fight nearby inverters or slower utility LTC, regulator, capacitor-bank, STATCOM or SVC controls without supervisory coordination",138.0,,36.545435999999995,2.0,3.0,460.5078125,467.52062182741116,13.866001090965561,0.9707698850701701,0.9707698850701701,0.981426547065116,99.6490726004398,1.9929814520087958,43.54726819288596,176.45273180711405,2158.8472781204787,none,True,460.5078125,thermal_current_limit,462.96875
A,Full Texas Combined T&D,A-mpc-0095,110069,111411,C3,Converted DC backbone,800 V DC data-center interface,800.0,115/138 kV data-center interconnection AC side,centralized utility-side dynamic VAR support at the interconnection or AC/DC terminal,"centralized support reduces campus-to-campus control fighting but requires utility-side ownership, protection coordination and adequate high-voltage VAR rating",138.0,276.0,36.545435999999995,2.0,3.0,544.1796875,551.8795104295125,15.65787028611112,0.9720314043451631,0.9720314043451631,0.995,99.9781721792595,1.9995634435851901,0.0,480.0,inf,none,True,544.1796875,dc_current_limit,546.640625
A,Full Texas Combined T&D,A-mpc-0099,110073,110125,C0,C0/C1 Traditional 400 V AC,400 V AC facility distribution,400.0,none,baseline voltage-sensitive load without active dynamic VAR support,not applicable,138.0,,61.893,2.0,3.0,295.625,330.57778828190993,15.669113592691506,0.9496646004260988,0.9496646004260988,0.9502282847657956,74.25914267744132,1.4851828535488263,108.08316458508666,111.91683541491334,1220.1914424873205,none,True,295.625,voltage_limit,298.0859375
A,Full Texas Combined T&D,A-mpc-0099,110073,110125,C2,MV SST,800 V DC data-center interface,800.0,34.5 kV AC side near the data-center SST,local distributed SST and dynamic VAR support at the data-center interface,"local Volt-VAR controls can fight nearby inverters or slower utility LTC, regulator, capacitor-bank, STATCOM or SVC controls without supervisory coordination",138.0,,61.893,2.0,3.0,423.59375,456.84441624365485,20.012366890748197,0.9548870808387051,0.9548870808387051,0.9593807815361884,99.61106819545657,1.9922213639091313,73.69499174091253,146.30500825908746,1093.9248145255756,none,True,423.59375,thermal_current_limit,426.0546875
A,Full Texas Combined T&D,A-mpc-0099,110073,110125,C3,Converted DC backbone,800 V DC data-center interface,800.0,115/138 kV data-center interconnection AC side,centralized utility-side dynamic VAR support at the interconnection or AC/DC terminal,"centralized support reduces campus-to-campus control fighting but requires utility-side ownership, protection coordination and adequate high-voltage VAR rating",138.0,276.0,61.893,2.0,3.0,544.1796875,551.8795104295125,20.223371102082524,0.964168565719378,0.964168565719378,0.995,99.9781721792595,1.9995634435851901,0.0,480.0,inf,none,True,544.1796875,dc_current_limit,546.640625
A,Full Texas Combined T&D,A-mpc-0100,110073,110127,C0,C0/C1 Traditional 400 V AC,400 V AC facility distribution,400.0,none,baseline voltage-sensitive load without active dynamic VAR support,not applicable,138.0,,47.629044,2.0,3.0,175.0390625,402.36631465264776,12.27841428330028,0.9344513149859227,0.9344513149859227,0.9500215401946848,90.40498486497613,1.8080996972995227,128.41697642408437,91.58302357591563,1612.8276077783796,none,True,175.0390625,voltage_limit,177.5
A,Full Texas Combined T&D,A-mpc-0100,110073,110127,C2,MV SST,800 V DC data-center interface,800.0,34.5 kV AC side near the data-center SST,local distributed SST and dynamic VAR support at the data-center interface,"local Volt-VAR controls can fight nearby inverters or slower utility LTC, regulator, capacitor-bank, STATCOM or SVC controls without supervisory coordination",138.0,,47.629044,2.0,3.0,234.1015625,460.16656091370555,13.296093919980837,0.9462561848305892,0.9462561848305892,0.9666576453089696,99.58012265958867,1.9916024531917733,56.67589987085564,163.32410012914437,1555.0273615173219,none,True,234.1015625,thermal_current_limit,236.5625
A,Full Texas Combined T&D,A-mpc-0100,110073,110127,C3,Converted DC backbone,800 V DC data-center interface,800.0,115/138 kV data-center interconnection AC side,centralized utility-side dynamic VAR support at the interconnection or AC/DC terminal,"centralized support reduces campus-to-campus control fighting but requires utility-side ownership, protection coordination and adequate high-voltage VAR rating",138.0,276.0,47.629044,2.0,3.0,544.1796875,551.8795104295125,19.47266794777852,0.9654526983528544,0.9654526983528544,0.995,99.9781721792595,1.9995634435851901,0.0,480.0,inf,none,True,544.1796875,dc_current_limit,546.640625
A,Full Texas Combined T&D,A-mpc-0101,110073,110127,C0,C0/C1 Traditional 400 V AC,400 V AC facility distribution,400.0,none,baseline voltage-sensitive load without active dynamic VAR support,not applicable,138.0,,47.629044,2.0,3.0,175.0390625,402.36631465264776,12.27841428330028,0.9344513149859227,0.9344513149859227,0.9500215401946848,90.40498486497613,1.8080996972995227,128.41697642408437,91.58302357591563,1612.8276077783796,none,True,175.0390625,voltage_limit,177.5
A,Full Texas Combined T&D,A-mpc-0101,110073,110127,C2,MV SST,800 V DC data-center interface,800.0,34.5 kV AC side near the data-center SST,local distributed SST and dynamic VAR support at the data-center interface,"local Volt-VAR controls can fight nearby inverters or slower utility LTC, regulator, capacitor-bank, STATCOM or SVC controls without supervisory coordination",138.0,,47.629044,2.0,3.0,234.1015625,460.16656091370555,13.296093919980837,0.9462561848305892,0.9462561848305892,0.9666576453089696,99.58012265958867,1.9916024531917733,56.67589987085564,163.32410012914437,1555.0273615173219,none,True,234.1015625,thermal_current_limit,236.5625
A,Full Texas Combined T&D,A-mpc-0101,110073,110127,C3,Converted DC backbone,800 V DC data-center interface,800.0,115/138 kV data-center interconnection AC side,centralized utility-side dynamic VAR support at the interconnection or AC/DC terminal,"centralized support reduces campus-to-campus control fighting but requires utility-side ownership, protection coordination and adequate high-voltage VAR rating",138.0,276.0,47.629044,2.0,3.0,544.1796875,551.8795104295125,19.47266794777852,0.9654526983528544,0.9654526983528544,0.995,99.9781721792595,1.9995634435851901,0.0,480.0,inf,none,True,544.1796875,dc_current_limit,546.640625
A,Full Texas Combined T&D,A-mpc-0102,110073,110128,C0,C0/C1 Traditional 400 V AC,400 V AC facility distribution,400.0,none,baseline voltage-sensitive load without active dynamic VAR support,not applicable,138.0,,47.762352,2.0,3.0,376.8359375,428.62837256284155,20.053815928736682,0.9494725783281339,0.9494725783281339,0.9503352579576326,96.27383856129684,1.9254767712259369,140.15981751917758,79.84018248082242,1580.9410054275886,none,True,376.8359375,voltage_limit,379.296875
A,Full Texas Combined T&D,A-mpc-0102,110073,110128,C2,MV SST,800 V DC data-center interface,800.0,34.5 kV AC side near the data-center SST,local distributed SST and dynamic VAR support at the data-center interface,"local Volt-VAR controls can fight nearby inverters or slower utility LTC, regulator, capacitor-bank, STATCOM or SVC controls without supervisory coordination",138.0,,47.762352,2.0,3.0,416.2109375,463.9491751269035,16.764475582793537,0.9612807677382182,0.9612807677382182,0.970807714261979,99.9694905229364,1.999389810458728,57.27985482960282,162.7201451703972,1545.6202028635266,none,True,416.2109375,thermal_current_limit,418.671875
A,Full Texas Combined T&D,A-mpc-0102,110073,110128,C3,Converted DC backbone,800 V DC data-center interface,800.0,115/138 kV data-center interconnection AC side,centralized utility-side dynamic VAR support at the interconnection or AC/DC terminal,"centralized support reduces campus-to-campus control fighting but requires utility-side ownership, protection coordination and adequate high-voltage VAR rating",138.0,276.0,47.762352,2.0,3.0,544.1796875,551.8795104295125,18.078504946928206,0.9678466135491043,0.9678466135491043,0.995,99.9781721792595,1.9995634435851901,0.0,480.0,inf,none,True,544.1796875,dc_current_limit,546.640625
B,Austin-Travis 150-bus T&D,ATX-138-01,B_12,B_47,C0,C0/C1 Traditional 400 V AC,400 V AC facility distribution,400.0,none,baseline voltage-sensitive load without active dynamic VAR support,not applicable,138.0,,12.0,4.2,5.0,860.8203125,964.5601374694039,30.040848568658006,0.9662788660214777,0.9662788660214777,0.9809953132722147,99.9418299312963,4.197556857114445,252.94941402749564,7.050585972504365,7922.639862530595,none,True,860.8203125,thermal_current_limit,862.28515625
B,Austin-Travis 150-bus T&D,ATX-138-01,B_12,B_47,C2,MV SST,800 V DC data-center interface,800.0,34.5 kV AC side near the data-center SST,local distributed SST and dynamic VAR support at the data-center interface,"local Volt-VAR controls can fight nearby inverters or slower utility LTC, regulator, capacitor-bank, STATCOM or SVC controls without supervisory coordination",138.0,,12.0,4.2,5.0,901.8359375,995.5694796954315,20.038721082028292,0.9782630741657974,0.9782630741657974,0.9920557037710573,99.96466425280347,4.198515898617746,57.11321357709693,202.88678642290307,7891.630520304568,none,True,901.8359375,thermal_current_limit,903.30078125
B,Austin-Travis 150-bus T&D,ATX-138-01,B_12,B_47,C3,Converted DC backbone,800 V DC data-center interface,800.0,115/138 kV data-center interconnection AC side,centralized utility-side dynamic VAR support at the interconnection or AC/DC terminal,"centralized support reduces campus-to-campus control fighting but requires utility-side ownership, protection coordination and adequate high-voltage VAR rating",138.0,276.0,12.0,4.2,5.0,948.7109375,962.1346399972415,22.16547979585789,0.9771696176763728,0.9771696176763728,0.995,82.9998826774708,3.4859950724537736,0.0,520.0,inf,none,True,948.7109375,converter_rating_limit,950.17578125
B,Austin-Travis 150-bus T&D,ATX-138-02,B_18,B_64,C0,C0/C1 Traditional 400 V AC,400 V AC facility distribution,400.0,none,baseline voltage-sensitive load without active dynamic VAR support,not applicable,138.0,,19.0,4.0,4.5,728.61328125,813.7070819144192,28.087431462359763,0.9628817166542878,0.9628817166542878,0.9699658960335915,89.53355941579571,3.581342376631828,239.8007110551878,0.19928894481219572,4138.91211313202,none,True,728.61328125,reactive_power_limit,730.0
B,Austin-Travis 150-bus T&D,ATX-138-02,B_18,B_64,C2,MV SST,800 V DC data-center interface,800.0,34.5 kV AC side near the data-center SST,local distributed SST and dynamic VAR support at the data-center interface,"local Volt-VAR controls can fight nearby inverters or slower utility LTC, regulator, capacitor-bank, STATCOM or SVC controls without supervisory coordination",138.0,,19.0,4.0,4.5,863.125,941.269035532995,23.12365881634521,0.9739083849816724,0.9739083849816724,0.9847682942695666,99.97237498624351,3.9988949994497403,92.97261131336205,147.02738868663795,4011.350159513444,none,True,863.125,thermal_current_limit,864.51171875
B,Austin-Travis 150-bus T&D,ATX-138-02,B_18,B_64,C3,Converted DC backbone,800 V DC data-center interface,800.0,115/138 kV data-center interconnection AC side,centralized utility-side dynamic VAR support at the interconnection or AC/DC terminal,"centralized support reduces campus-to-campus control fighting but requires utility-side ownership, protection coordination and adequate high-voltage VAR rating",138.0,276.0,19.0,4.0,4.5,899.1796875,911.9025519041669,22.817897308824058,0.9752516734481953,0.9752516734481953,0.995,82.59986883189917,3.303994753275967,0.0,500.0,inf,none,True,899.1796875,converter_rating_limit,900.56640625
B,Austin-Travis 150-bus T&D,ATX-138-03,B_21,B_83,C0,C0/C1 Traditional 400 V AC,400 V AC facility distribution,400.0,none,baseline voltage-sensitive load without active dynamic VAR support,not applicable,138.0,,25.0,3.8,3.9,623.1015625,695.2855459830943,25.698777204859834,0.9603903148131052,0.9603903148131052,0.9622100890592258,81.1790395448794,3.084803502705417,219.69085609036216,0.30914390963783944,2794.9602721987235,none,True,623.1015625,reactive_power_limit,624.36328125
B,Austin-Travis 150-bus T&D,ATX-138-03,B_21,B_83,C2,MV SST,800 V DC data-center interface,800.0,34.5 kV AC side near the data-center SST,local distributed SST and dynamic VAR support at the data-center interface,"local Volt-VAR controls can fight nearby inverters or slower utility LTC, regulator, capacitor-bank, STATCOM or SVC controls without supervisory coordination",138.0,,25.0,3.8,3.9,819.9296875,887.4159263959391,25.43322377873997,0.9699144314951451,0.9699144314951451,0.9770541845823804,99.99660587041785,3.799871023075878,119.12191328331116,100.87808671668884,2602.8298917858788,none,True,819.9296875,thermal_current_limit,821.19140625
B,Austin-Travis 150-bus T&D,ATX-138-03,B_21,B_83,C3,Converted DC backbone,800 V DC data-center interface,800.0,115/138 kV data-center interconnection AC side,centralized utility-side dynamic VAR support at the interconnection or AC/DC terminal,"centralized support reduces campus-to-campus control fighting but requires utility-side ownership, protection coordination and adequate high-voltage VAR rating",138.0,276.0,25.0,3.8,3.9,819.9296875,831.5312109552476,22.099858218473855,0.973754058475921,0.973754058475921,0.995,79.28405901556518,3.0127942425914767,0.0,480.0,inf,none,True,819.9296875,converter_rating_limit,821.19140625
B,Austin-Travis 150-bus T&D,ATX-230-138-04,B_04,B_101,C0,C0/C1 Traditional 400 V AC,400 V AC facility distribution,400.0,none,baseline voltage-sensitive load without active dynamic VAR support,not applicable,138.0,,15.0,4.6,5.8,918.0859375,1038.4050420176702,34.59948525586821,0.9636821510758703,0.9636821510758703,0.9722979117186883,99.11601074252455,4.5593364941561285,299.7239101438578,0.2760898561422209,5937.712852719172,none,True,918.0859375,reactive_power_limit,919.70703125
B,Austin-Travis 150-bus T&D,ATX-230-138-04,B_04,B_101,C2,MV SST,800 V DC data-center interface,800.0,34.5 kV AC side near the data-center SST,local distributed SST and dynamic VAR support at the data-center interface,"local Volt-VAR controls can fight nearby inverters or slower utility LTC, regulator, capacitor-bank, STATCOM or SVC controls without supervisory coordination",138.0,,15.0,4.6,5.8,974.82421875,1084.6692576142132,24.266991618239377,0.975710934731079,0.975710934731079,0.987972552100139,99.85157203552387,4.593172313634098,90.19066638416065,209.80933361583936,5891.4486371226285,none,True,974.82421875,thermal_current_limit,976.4453125
B,Austin-Travis 150-bus T&D,ATX-230-138-04,B_04,B_101,C3,Converted DC backbone,800 V DC data-center interface,800.0,115/138 kV data-center interconnection AC side,centralized utility-side dynamic VAR support at the interconnection or AC/DC terminal,"centralized support reduces campus-to-campus control fighting but requires utility-side ownership, protection coordination and adequate high-voltage VAR rating",138.0,276.0,15.0,4.6,5.8,1049.39453125,1064.2428474577302,25.75975245804466,0.9760408781805685,0.9760408781805685,0.995,83.8250509969857,3.8559523458613416,0.0,560.0,inf,none,True,1049.39453125,converter_rating_limit,1051.015625
