architecture,ac_voltage_ll_kV,ac_line_to_ground_peak_kV,dc_pole_kV,voltage_envelope_factor,current_limit_kA,ac_power_factor,dc_current_retention_factor,converter_cap_multiplier,ac_transfer_capacity_MW,dc_thermal_capacity_MW,converter_cap_MW,transfer_capacity_MW,capacity_multiplier_vs_ac,capacity_increase_pct,binding_constraint,reference_note
Traditional AC,138,112.6765281680262,,,2.0,0.98,1.0,,468.4851024312299,,,468.4851024312299,1.0,0.0,thermal_current_limit,
Conservative DC,138,112.6765281680262,138.0,1.224744871391589,2.0,0.98,1.0,2.0,468.4851024312299,552.0,936.9702048624598,552.0,1.1782658554890322,17.826585548903218,thermal_current_limit,
High-voltage DC,138,112.6765281680262,169.01479225203929,1.5,2.0,0.98,1.0,2.0,468.4851024312299,676.0591690081571,936.9702048624598,676.0591690081571,1.4430750636460155,44.307506364601544,thermal_current_limit,
Traditional AC,138,112.6765281680262,,,2.050632911392405,0.98,1.0,,480.34548477126094,,,480.34548477126094,1.0,0.0,thermal_current_limit,
Conservative DC,138,112.6765281680262,138.0,1.224744871391589,2.050632911392405,0.98,1.0,2.0,480.34548477126094,565.9746835443037,960.6909695425219,565.9746835443037,1.1782658554890324,17.82658554890324,thermal_current_limit,
High-voltage DC,138,112.6765281680262,169.01479225203929,1.5,2.050632911392405,0.98,1.0,2.0,480.34548477126094,693.1745910083636,960.6909695425219,693.1745910083636,1.4430750636460155,44.307506364601544,thermal_current_limit,
Traditional AC,138,112.6765281680262,,,2.1012658227848102,0.98,1.0,,492.2058671112922,,,492.2058671112922,1.0,0.0,thermal_current_limit,
Conservative DC,138,112.6765281680262,138.0,1.224744871391589,2.1012658227848102,0.98,1.0,2.0,492.2058671112922,579.9493670886076,984.4117342225844,579.9493670886076,1.1782658554890322,17.826585548903218,thermal_current_limit,
High-voltage DC,138,112.6765281680262,169.01479225203929,1.5,2.1012658227848102,0.98,1.0,2.0,492.2058671112922,710.2900130085702,984.4117342225844,710.2900130085702,1.4430750636460155,44.307506364601544,thermal_current_limit,
Traditional AC,138,112.6765281680262,,,2.151898734177215,0.98,1.0,,504.0662494513232,,,504.0662494513232,1.0,0.0,thermal_current_limit,
Conservative DC,138,112.6765281680262,138.0,1.224744871391589,2.151898734177215,0.98,1.0,2.0,504.0662494513232,593.9240506329114,1008.1324989026464,593.9240506329114,1.1782658554890326,17.82658554890326,thermal_current_limit,
High-voltage DC,138,112.6765281680262,169.01479225203929,1.5,2.151898734177215,0.98,1.0,2.0,504.0662494513232,727.4054350087766,1008.1324989026464,727.4054350087766,1.4430750636460157,44.307506364601565,thermal_current_limit,
Traditional AC,138,112.6765281680262,,,2.2025316455696204,0.98,1.0,,515.9266317913545,,,515.9266317913545,1.0,0.0,thermal_current_limit,
Conservative DC,138,112.6765281680262,138.0,1.224744871391589,2.2025316455696204,0.98,1.0,2.0,515.9266317913545,607.8987341772153,1031.853263582709,607.8987341772153,1.1782658554890324,17.82658554890324,thermal_current_limit,
High-voltage DC,138,112.6765281680262,169.01479225203929,1.5,2.2025316455696204,0.98,1.0,2.0,515.9266317913545,744.5208570089833,1031.853263582709,744.5208570089833,1.4430750636460157,44.307506364601565,thermal_current_limit,
Traditional AC,138,112.6765281680262,,,2.2531645569620253,0.98,1.0,,527.7870141313856,,,527.7870141313856,1.0,0.0,thermal_current_limit,
Conservative DC,138,112.6765281680262,138.0,1.224744871391589,2.2531645569620253,0.98,1.0,2.0,527.7870141313856,621.873417721519,1055.5740282627712,621.873417721519,1.1782658554890322,17.826585548903218,thermal_current_limit,
High-voltage DC,138,112.6765281680262,169.01479225203929,1.5,2.2531645569620253,0.98,1.0,2.0,527.7870141313856,761.6362790091897,1055.5740282627712,761.6362790091897,1.4430750636460155,44.307506364601544,thermal_current_limit,
Traditional AC,138,112.6765281680262,,,2.3037974683544302,0.98,1.0,,539.6473964714166,,,539.6473964714166,1.0,0.0,thermal_current_limit,
Conservative DC,138,112.6765281680262,138.0,1.224744871391589,2.3037974683544302,0.98,1.0,2.0,539.6473964714166,635.8481012658227,1079.2947929428333,635.8481012658227,1.1782658554890324,17.82658554890324,thermal_current_limit,
High-voltage DC,138,112.6765281680262,169.01479225203929,1.5,2.3037974683544302,0.98,1.0,2.0,539.6473964714166,778.7517010093961,1079.2947929428333,778.7517010093961,1.4430750636460155,44.307506364601544,thermal_current_limit,
Traditional AC,138,112.6765281680262,,,2.3544303797468356,0.98,1.0,,551.5077788114478,,,551.5077788114478,1.0,0.0,thermal_current_limit,
Conservative DC,138,112.6765281680262,138.0,1.224744871391589,2.3544303797468356,0.98,1.0,2.0,551.5077788114478,649.8227848101266,1103.0155576228956,649.8227848101266,1.1782658554890324,17.82658554890324,thermal_current_limit,
High-voltage DC,138,112.6765281680262,169.01479225203929,1.5,2.3544303797468356,0.98,1.0,2.0,551.5077788114478,795.8671230096028,1103.0155576228956,795.8671230096028,1.4430750636460157,44.307506364601565,thermal_current_limit,
Traditional AC,138,112.6765281680262,,,2.4050632911392404,0.98,1.0,,563.368161151479,,,563.368161151479,1.0,0.0,thermal_current_limit,
Conservative DC,138,112.6765281680262,138.0,1.224744871391589,2.4050632911392404,0.98,1.0,2.0,563.368161151479,663.7974683544304,1126.736322302958,663.7974683544304,1.1782658554890324,17.82658554890324,thermal_current_limit,
High-voltage DC,138,112.6765281680262,169.01479225203929,1.5,2.4050632911392404,0.98,1.0,2.0,563.368161151479,812.9825450098092,1126.736322302958,812.9825450098092,1.4430750636460155,44.307506364601544,thermal_current_limit,
Traditional AC,138,112.6765281680262,,,2.4556962025316453,0.98,1.0,,575.22854349151,,,575.22854349151,1.0,0.0,thermal_current_limit,
Conservative DC,138,112.6765281680262,138.0,1.224744871391589,2.4556962025316453,0.98,1.0,2.0,575.22854349151,677.7721518987341,1150.45708698302,677.7721518987341,1.1782658554890324,17.82658554890324,thermal_current_limit,
High-voltage DC,138,112.6765281680262,169.01479225203929,1.5,2.4556962025316453,0.98,1.0,2.0,575.22854349151,830.0979670100156,1150.45708698302,830.0979670100156,1.4430750636460157,44.307506364601565,thermal_current_limit,
Traditional AC,138,112.6765281680262,,,2.5063291139240507,0.98,1.0,,587.0889258315412,,,587.0889258315412,1.0,0.0,thermal_current_limit,
Conservative DC,138,112.6765281680262,138.0,1.224744871391589,2.5063291139240507,0.98,1.0,2.0,587.0889258315412,691.746835443038,1174.1778516630825,691.746835443038,1.1782658554890324,17.82658554890324,thermal_current_limit,
High-voltage DC,138,112.6765281680262,169.01479225203929,1.5,2.5063291139240507,0.98,1.0,2.0,587.0889258315412,847.2133890102223,1174.1778516630825,847.2133890102223,1.4430750636460155,44.307506364601544,thermal_current_limit,
Traditional AC,138,112.6765281680262,,,2.5569620253164556,0.98,1.0,,598.9493081715724,,,598.9493081715724,1.0,0.0,thermal_current_limit,
Conservative DC,138,112.6765281680262,138.0,1.224744871391589,2.5569620253164556,0.98,1.0,2.0,598.9493081715724,705.7215189873417,1197.8986163431448,705.7215189873417,1.1782658554890322,17.826585548903218,thermal_current_limit,
High-voltage DC,138,112.6765281680262,169.01479225203929,1.5,2.5569620253164556,0.98,1.0,2.0,598.9493081715724,864.3288110104287,1197.8986163431448,864.3288110104287,1.4430750636460152,44.30750636460152,thermal_current_limit,
Traditional AC,138,112.6765281680262,,,2.607594936708861,0.98,1.0,,610.8096905116035,,,610.8096905116035,1.0,0.0,thermal_current_limit,
Conservative DC,138,112.6765281680262,138.0,1.224744871391589,2.607594936708861,0.98,1.0,2.0,610.8096905116035,719.6962025316456,1221.619381023207,719.6962025316456,1.1782658554890322,17.826585548903218,thermal_current_limit,
High-voltage DC,138,112.6765281680262,169.01479225203929,1.5,2.607594936708861,0.98,1.0,2.0,610.8096905116035,881.4442330106353,1221.619381023207,881.4442330106353,1.4430750636460155,44.307506364601544,thermal_current_limit,
Traditional AC,138,112.6765281680262,,,2.6582278481012658,0.98,1.0,,622.6700728516346,,,622.6700728516346,1.0,0.0,thermal_current_limit,
Conservative DC,138,112.6765281680262,138.0,1.224744871391589,2.6582278481012658,0.98,1.0,2.0,622.6700728516346,733.6708860759494,1245.3401457032692,733.6708860759494,1.1782658554890324,17.82658554890324,thermal_current_limit,
High-voltage DC,138,112.6765281680262,169.01479225203929,1.5,2.6582278481012658,0.98,1.0,2.0,622.6700728516346,898.5596550108418,1245.3401457032692,898.5596550108418,1.4430750636460157,44.307506364601565,thermal_current_limit,
Traditional AC,138,112.6765281680262,,,2.708860759493671,0.98,1.0,,634.5304551916659,,,634.5304551916659,1.0,0.0,thermal_current_limit,
Conservative DC,138,112.6765281680262,138.0,1.224744871391589,2.708860759493671,0.98,1.0,2.0,634.5304551916659,747.6455696202532,1269.0609103833317,747.6455696202532,1.1782658554890324,17.82658554890324,thermal_current_limit,
High-voltage DC,138,112.6765281680262,169.01479225203929,1.5,2.708860759493671,0.98,1.0,2.0,634.5304551916659,915.6750770110483,1269.0609103833317,915.6750770110483,1.4430750636460155,44.307506364601544,thermal_current_limit,
Traditional AC,138,112.6765281680262,,,2.759493670886076,0.98,1.0,,646.3908375316969,,,646.3908375316969,1.0,0.0,thermal_current_limit,
Conservative DC,138,112.6765281680262,138.0,1.224744871391589,2.759493670886076,0.98,1.0,2.0,646.3908375316969,761.620253164557,1292.7816750633938,761.620253164557,1.1782658554890324,17.82658554890324,thermal_current_limit,
High-voltage DC,138,112.6765281680262,169.01479225203929,1.5,2.759493670886076,0.98,1.0,2.0,646.3908375316969,932.7904990112548,1292.7816750633938,932.7904990112548,1.4430750636460157,44.307506364601565,thermal_current_limit,
Traditional AC,138,112.6765281680262,,,2.810126582278481,0.98,1.0,,658.251219871728,,,658.251219871728,1.0,0.0,thermal_current_limit,
Conservative DC,138,112.6765281680262,138.0,1.224744871391589,2.810126582278481,0.98,1.0,2.0,658.251219871728,775.5949367088607,1316.502439743456,775.5949367088607,1.1782658554890322,17.826585548903218,thermal_current_limit,
High-voltage DC,138,112.6765281680262,169.01479225203929,1.5,2.810126582278481,0.98,1.0,2.0,658.251219871728,949.9059210114613,1316.502439743456,949.9059210114613,1.4430750636460155,44.307506364601544,thermal_current_limit,
Traditional AC,138,112.6765281680262,,,2.8607594936708862,0.98,1.0,,670.1116022117593,,,670.1116022117593,1.0,0.0,thermal_current_limit,
Conservative DC,138,112.6765281680262,138.0,1.224744871391589,2.8607594936708862,0.98,1.0,2.0,670.1116022117593,789.5696202531645,1340.2232044235186,789.5696202531645,1.1782658554890322,17.826585548903218,thermal_current_limit,
High-voltage DC,138,112.6765281680262,169.01479225203929,1.5,2.8607594936708862,0.98,1.0,2.0,670.1116022117593,967.0213430116679,1340.2232044235186,967.0213430116679,1.4430750636460155,44.307506364601544,thermal_current_limit,
Traditional AC,138,112.6765281680262,,,2.911392405063291,0.98,1.0,,681.9719845517902,,,681.9719845517902,1.0,0.0,thermal_current_limit,
Conservative DC,138,112.6765281680262,138.0,1.224744871391589,2.911392405063291,0.98,1.0,2.0,681.9719845517902,803.5443037974684,1363.9439691035805,803.5443037974684,1.1782658554890326,17.82658554890326,thermal_current_limit,
High-voltage DC,138,112.6765281680262,169.01479225203929,1.5,2.911392405063291,0.98,1.0,2.0,681.9719845517902,984.1367650118743,1363.9439691035805,984.1367650118743,1.4430750636460157,44.307506364601565,thermal_current_limit,
Traditional AC,138,112.6765281680262,,,2.962025316455696,0.98,1.0,,693.8323668918214,,,693.8323668918214,1.0,0.0,thermal_current_limit,
Conservative DC,138,112.6765281680262,138.0,1.224744871391589,2.962025316455696,0.98,1.0,2.0,693.8323668918214,817.5189873417721,1387.6647337836428,817.5189873417721,1.1782658554890324,17.82658554890324,thermal_current_limit,
High-voltage DC,138,112.6765281680262,169.01479225203929,1.5,2.962025316455696,0.98,1.0,2.0,693.8323668918214,1001.2521870120808,1387.6647337836428,1001.2521870120808,1.4430750636460155,44.307506364601544,thermal_current_limit,
Traditional AC,138,112.6765281680262,,,3.0126582278481013,0.98,1.0,,705.6927492318526,,,705.6927492318526,1.0,0.0,thermal_current_limit,
Conservative DC,138,112.6765281680262,138.0,1.224744871391589,3.0126582278481013,0.98,1.0,2.0,705.6927492318526,831.493670886076,1411.3854984637053,831.493670886076,1.1782658554890322,17.826585548903218,thermal_current_limit,
High-voltage DC,138,112.6765281680262,169.01479225203929,1.5,3.0126582278481013,0.98,1.0,2.0,705.6927492318526,1018.3676090122874,1411.3854984637053,1018.3676090122874,1.4430750636460155,44.307506364601544,thermal_current_limit,
Traditional AC,138,112.6765281680262,,,3.0632911392405062,0.98,1.0,,717.5531315718837,,,717.5531315718837,1.0,0.0,thermal_current_limit,
Conservative DC,138,112.6765281680262,138.0,1.224744871391589,3.0632911392405062,0.98,1.0,2.0,717.5531315718837,845.4683544303797,1435.1062631437674,845.4683544303797,1.1782658554890324,17.82658554890324,thermal_current_limit,
High-voltage DC,138,112.6765281680262,169.01479225203929,1.5,3.0632911392405062,0.98,1.0,2.0,717.5531315718837,1035.4830310124937,1435.1062631437674,1035.4830310124937,1.4430750636460155,44.307506364601544,thermal_current_limit,
Traditional AC,138,112.6765281680262,,,3.113924050632911,0.98,1.0,,729.4135139119148,,,729.4135139119148,1.0,0.0,thermal_current_limit,
Conservative DC,138,112.6765281680262,138.0,1.224744871391589,3.113924050632911,0.98,1.0,2.0,729.4135139119148,859.4430379746834,1458.8270278238297,859.4430379746834,1.1782658554890322,17.826585548903218,thermal_current_limit,
High-voltage DC,138,112.6765281680262,169.01479225203929,1.5,3.113924050632911,0.98,1.0,2.0,729.4135139119148,1052.5984530127002,1458.8270278238297,1052.5984530127002,1.4430750636460155,44.307506364601544,thermal_current_limit,
Traditional AC,138,112.6765281680262,,,3.1645569620253164,0.98,1.0,,741.2738962519461,,,741.2738962519461,1.0,0.0,thermal_current_limit,
Conservative DC,138,112.6765281680262,138.0,1.224744871391589,3.1645569620253164,0.98,1.0,2.0,741.2738962519461,873.4177215189874,1482.5477925038922,873.4177215189874,1.1782658554890322,17.826585548903218,thermal_current_limit,
High-voltage DC,138,112.6765281680262,169.01479225203929,1.5,3.1645569620253164,0.98,1.0,2.0,741.2738962519461,1069.7138750129068,1482.5477925038922,1069.7138750129068,1.4430750636460152,44.30750636460152,thermal_current_limit,
Traditional AC,138,112.6765281680262,,,3.2151898734177218,0.98,1.0,,753.1342785919771,,,753.1342785919771,1.0,0.0,thermal_current_limit,
Conservative DC,138,112.6765281680262,138.0,1.224744871391589,3.2151898734177218,0.98,1.0,2.0,753.1342785919771,887.3924050632912,1506.2685571839543,887.3924050632912,1.1782658554890324,17.82658554890324,thermal_current_limit,
High-voltage DC,138,112.6765281680262,169.01479225203929,1.5,3.2151898734177218,0.98,1.0,2.0,753.1342785919771,1086.8292970131135,1506.2685571839543,1086.8292970131135,1.4430750636460157,44.307506364601565,thermal_current_limit,
Traditional AC,138,112.6765281680262,,,3.2658227848101267,0.98,1.0,,764.9946609320083,,,764.9946609320083,1.0,0.0,thermal_current_limit,
Conservative DC,138,112.6765281680262,138.0,1.224744871391589,3.2658227848101267,0.98,1.0,2.0,764.9946609320083,901.367088607595,1529.9893218640166,901.367088607595,1.1782658554890324,17.82658554890324,thermal_current_limit,
High-voltage DC,138,112.6765281680262,169.01479225203929,1.5,3.2658227848101267,0.98,1.0,2.0,764.9946609320083,1103.9447190133199,1529.9893218640166,1103.9447190133199,1.4430750636460155,44.307506364601544,thermal_current_limit,
Traditional AC,138,112.6765281680262,,,3.3164556962025316,0.98,1.0,,776.8550432720394,,,776.8550432720394,1.0,0.0,thermal_current_limit,
Conservative DC,138,112.6765281680262,138.0,1.224744871391589,3.3164556962025316,0.98,1.0,2.0,776.8550432720394,915.3417721518987,1553.7100865440789,915.3417721518987,1.1782658554890322,17.826585548903218,thermal_current_limit,
High-voltage DC,138,112.6765281680262,169.01479225203929,1.5,3.3164556962025316,0.98,1.0,2.0,776.8550432720394,1121.0601410135264,1553.7100865440789,1121.0601410135264,1.4430750636460155,44.307506364601544,thermal_current_limit,
Traditional AC,138,112.6765281680262,,,3.367088607594937,0.98,1.0,,788.7154256120706,,,788.7154256120706,1.0,0.0,thermal_current_limit,
Conservative DC,138,112.6765281680262,138.0,1.224744871391589,3.367088607594937,0.98,1.0,2.0,788.7154256120706,929.3164556962026,1577.4308512241412,929.3164556962026,1.1782658554890324,17.82658554890324,thermal_current_limit,
High-voltage DC,138,112.6765281680262,169.01479225203929,1.5,3.367088607594937,0.98,1.0,2.0,788.7154256120706,1138.175563013733,1577.4308512241412,1138.175563013733,1.4430750636460155,44.307506364601544,thermal_current_limit,
Traditional AC,138,112.6765281680262,,,3.4177215189873418,0.98,1.0,,800.5758079521017,,,800.5758079521017,1.0,0.0,thermal_current_limit,
Conservative DC,138,112.6765281680262,138.0,1.224744871391589,3.4177215189873418,0.98,1.0,2.0,800.5758079521017,943.2911392405064,1601.1516159042035,943.2911392405064,1.1782658554890322,17.826585548903218,thermal_current_limit,
High-voltage DC,138,112.6765281680262,169.01479225203929,1.5,3.4177215189873418,0.98,1.0,2.0,800.5758079521017,1155.2909850139395,1601.1516159042035,1155.2909850139395,1.4430750636460155,44.307506364601544,thermal_current_limit,
Traditional AC,138,112.6765281680262,,,3.4683544303797467,0.98,1.0,,812.4361902921328,,,812.4361902921328,1.0,0.0,thermal_current_limit,
Conservative DC,138,112.6765281680262,138.0,1.224744871391589,3.4683544303797467,0.98,1.0,2.0,812.4361902921328,957.2658227848101,1624.8723805842656,957.2658227848101,1.1782658554890324,17.82658554890324,thermal_current_limit,
High-voltage DC,138,112.6765281680262,169.01479225203929,1.5,3.4683544303797467,0.98,1.0,2.0,812.4361902921328,1172.4064070141458,1624.8723805842656,1172.4064070141458,1.4430750636460155,44.307506364601544,thermal_current_limit,
Traditional AC,138,112.6765281680262,,,3.518987341772152,0.98,1.0,,824.2965726321639,,,824.2965726321639,1.0,0.0,thermal_current_limit,
Conservative DC,138,112.6765281680262,138.0,1.224744871391589,3.518987341772152,0.98,1.0,2.0,824.2965726321639,971.2405063291139,1648.5931452643279,971.2405063291139,1.1782658554890324,17.82658554890324,thermal_current_limit,
High-voltage DC,138,112.6765281680262,169.01479225203929,1.5,3.518987341772152,0.98,1.0,2.0,824.2965726321639,1189.5218290143525,1648.5931452643279,1189.5218290143525,1.4430750636460157,44.307506364601565,thermal_current_limit,
Traditional AC,138,112.6765281680262,,,3.569620253164557,0.98,1.0,,836.1569549721951,,,836.1569549721951,1.0,0.0,thermal_current_limit,
Conservative DC,138,112.6765281680262,138.0,1.224744871391589,3.569620253164557,0.98,1.0,2.0,836.1569549721951,985.2151898734177,1672.3139099443902,985.2151898734177,1.1782658554890322,17.826585548903218,thermal_current_limit,
High-voltage DC,138,112.6765281680262,169.01479225203929,1.5,3.569620253164557,0.98,1.0,2.0,836.1569549721951,1206.6372510145588,1672.3139099443902,1206.6372510145588,1.4430750636460155,44.307506364601544,thermal_current_limit,
Traditional AC,138,112.6765281680262,,,3.620253164556962,0.98,1.0,,848.0173373122262,,,848.0173373122262,1.0,0.0,thermal_current_limit,
Conservative DC,138,112.6765281680262,138.0,1.224744871391589,3.620253164556962,0.98,1.0,2.0,848.0173373122262,999.1898734177214,1696.0346746244525,999.1898734177214,1.1782658554890322,17.826585548903218,thermal_current_limit,
High-voltage DC,138,112.6765281680262,169.01479225203929,1.5,3.620253164556962,0.98,1.0,2.0,848.0173373122262,1223.7526730147654,1696.0346746244525,1223.7526730147654,1.4430750636460155,44.307506364601544,thermal_current_limit,
Traditional AC,138,112.6765281680262,,,3.670886075949367,0.98,1.0,,859.8777196522574,,,859.8777196522574,1.0,0.0,thermal_current_limit,
Conservative DC,138,112.6765281680262,138.0,1.224744871391589,3.670886075949367,0.98,1.0,2.0,859.8777196522574,1013.1645569620254,1719.7554393045148,1013.1645569620254,1.1782658554890324,17.82658554890324,thermal_current_limit,
High-voltage DC,138,112.6765281680262,169.01479225203929,1.5,3.670886075949367,0.98,1.0,2.0,859.8777196522574,1240.868095014972,1719.7554393045148,1240.868095014972,1.4430750636460155,44.307506364601544,thermal_current_limit,
Traditional AC,138,112.6765281680262,,,3.7215189873417724,0.98,1.0,,871.7381019922886,,,871.7381019922886,1.0,0.0,thermal_current_limit,
Conservative DC,138,112.6765281680262,138.0,1.224744871391589,3.7215189873417724,0.98,1.0,2.0,871.7381019922886,1027.139240506329,1743.4762039845773,1027.139240506329,1.1782658554890322,17.826585548903218,thermal_current_limit,
High-voltage DC,138,112.6765281680262,169.01479225203929,1.5,3.7215189873417724,0.98,1.0,2.0,871.7381019922886,1257.9835170151787,1743.4762039845773,1257.9835170151787,1.4430750636460155,44.307506364601544,thermal_current_limit,
Traditional AC,138,112.6765281680262,,,3.772151898734177,0.98,1.0,,883.5984843323196,,,883.5984843323196,1.0,0.0,thermal_current_limit,
Conservative DC,138,112.6765281680262,138.0,1.224744871391589,3.772151898734177,0.98,1.0,2.0,883.5984843323196,1041.113924050633,1767.1969686646391,1041.113924050633,1.1782658554890324,17.82658554890324,thermal_current_limit,
High-voltage DC,138,112.6765281680262,169.01479225203929,1.5,3.772151898734177,0.98,1.0,2.0,883.5984843323196,1275.098939015385,1767.1969686646391,1275.098939015385,1.4430750636460157,44.307506364601565,thermal_current_limit,
Traditional AC,138,112.6765281680262,,,3.8227848101265822,0.98,1.0,,895.4588666723507,,,895.4588666723507,1.0,0.0,thermal_current_limit,
Conservative DC,138,112.6765281680262,138.0,1.224744871391589,3.8227848101265822,0.98,1.0,2.0,895.4588666723507,1055.0886075949368,1790.9177333447014,1055.0886075949368,1.1782658554890324,17.82658554890324,thermal_current_limit,
High-voltage DC,138,112.6765281680262,169.01479225203929,1.5,3.8227848101265822,0.98,1.0,2.0,895.4588666723507,1292.2143610155915,1790.9177333447014,1292.2143610155915,1.4430750636460157,44.307506364601565,thermal_current_limit,
Traditional AC,138,112.6765281680262,,,3.8734177215189876,0.98,1.0,,907.319249012382,,,907.319249012382,1.0,0.0,thermal_current_limit,
Conservative DC,138,112.6765281680262,138.0,1.224744871391589,3.8734177215189876,0.98,1.0,2.0,907.319249012382,1069.0632911392406,1814.638498024764,1069.0632911392406,1.1782658554890324,17.82658554890324,thermal_current_limit,
High-voltage DC,138,112.6765281680262,169.01479225203929,1.5,3.8734177215189876,0.98,1.0,2.0,907.319249012382,1309.329783015798,1814.638498024764,1309.329783015798,1.4430750636460155,44.307506364601544,thermal_current_limit,
Traditional AC,138,112.6765281680262,,,3.9240506329113924,0.98,1.0,,919.1796313524131,,,919.1796313524131,1.0,0.0,thermal_current_limit,
Conservative DC,138,112.6765281680262,138.0,1.224744871391589,3.9240506329113924,0.98,1.0,2.0,919.1796313524131,1083.0379746835442,1838.3592627048263,1083.0379746835442,1.1782658554890322,17.826585548903218,thermal_current_limit,
High-voltage DC,138,112.6765281680262,169.01479225203929,1.5,3.9240506329113924,0.98,1.0,2.0,919.1796313524131,1326.4452050160046,1838.3592627048263,1326.4452050160046,1.4430750636460155,44.307506364601544,thermal_current_limit,
Traditional AC,138,112.6765281680262,,,3.9746835443037973,0.98,1.0,,931.0400136924442,,,931.0400136924442,1.0,0.0,thermal_current_limit,
Conservative DC,138,112.6765281680262,138.0,1.224744871391589,3.9746835443037973,0.98,1.0,2.0,931.0400136924442,1097.012658227848,1862.0800273848884,1097.012658227848,1.1782658554890324,17.82658554890324,thermal_current_limit,
High-voltage DC,138,112.6765281680262,169.01479225203929,1.5,3.9746835443037973,0.98,1.0,2.0,931.0400136924442,1343.560627016211,1862.0800273848884,1343.560627016211,1.4430750636460155,44.307506364601544,thermal_current_limit,
Traditional AC,138,112.6765281680262,,,4.025316455696203,0.98,1.0,,942.9003960324753,,,942.9003960324753,1.0,0.0,thermal_current_limit,
Conservative DC,138,112.6765281680262,138.0,1.224744871391589,4.025316455696203,0.98,1.0,2.0,942.9003960324753,1110.987341772152,1885.8007920649507,1110.987341772152,1.1782658554890324,17.82658554890324,thermal_current_limit,
High-voltage DC,138,112.6765281680262,169.01479225203929,1.5,4.025316455696203,0.98,1.0,2.0,942.9003960324753,1360.6760490164177,1885.8007920649507,1360.6760490164177,1.4430750636460157,44.307506364601565,thermal_current_limit,
Traditional AC,138,112.6765281680262,,,4.075949367088608,0.98,1.0,,954.7607783725065,,,954.7607783725065,1.0,0.0,thermal_current_limit,
Conservative DC,138,112.6765281680262,138.0,1.224744871391589,4.075949367088608,0.98,1.0,2.0,954.7607783725065,1124.9620253164558,1909.521556745013,1124.9620253164558,1.1782658554890324,17.82658554890324,thermal_current_limit,
High-voltage DC,138,112.6765281680262,169.01479225203929,1.5,4.075949367088608,0.98,1.0,2.0,954.7607783725065,1377.7914710166242,1909.521556745013,1377.7914710166242,1.4430750636460157,44.307506364601565,thermal_current_limit,
Traditional AC,138,112.6765281680262,,,4.1265822784810124,0.98,1.0,,966.6211607125375,,,966.6211607125375,1.0,0.0,thermal_current_limit,
Conservative DC,138,112.6765281680262,138.0,1.224744871391589,4.1265822784810124,0.98,1.0,2.0,966.6211607125375,1138.9367088607594,1933.242321425075,1138.9367088607594,1.1782658554890322,17.826585548903218,thermal_current_limit,
High-voltage DC,138,112.6765281680262,169.01479225203929,1.5,4.1265822784810124,0.98,1.0,2.0,966.6211607125375,1394.9068930168305,1933.242321425075,1394.9068930168305,1.4430750636460155,44.307506364601544,thermal_current_limit,
Traditional AC,138,112.6765281680262,,,4.177215189873418,0.98,1.0,,978.4815430525688,,,978.4815430525688,1.0,0.0,thermal_current_limit,
Conservative DC,138,112.6765281680262,138.0,1.224744871391589,4.177215189873418,0.98,1.0,2.0,978.4815430525688,1152.9113924050632,1956.9630861051376,1152.9113924050632,1.1782658554890322,17.826585548903218,thermal_current_limit,
High-voltage DC,138,112.6765281680262,169.01479225203929,1.5,4.177215189873418,0.98,1.0,2.0,978.4815430525688,1412.022315017037,1956.9630861051376,1412.022315017037,1.4430750636460155,44.307506364601544,thermal_current_limit,
Traditional AC,138,112.6765281680262,,,4.227848101265822,0.98,1.0,,990.3419253925998,,,990.3419253925998,1.0,0.0,thermal_current_limit,
Conservative DC,138,112.6765281680262,138.0,1.224744871391589,4.227848101265822,0.98,1.0,2.0,990.3419253925998,1166.8860759493668,1980.6838507851996,1166.8860759493668,1.1782658554890322,17.826585548903218,thermal_current_limit,
High-voltage DC,138,112.6765281680262,169.01479225203929,1.5,4.227848101265822,0.98,1.0,2.0,990.3419253925998,1429.1377370172434,1980.6838507851996,1429.1377370172434,1.4430750636460152,44.30750636460152,thermal_current_limit,
Traditional AC,138,112.6765281680262,,,4.2784810126582276,0.98,1.0,,1002.202307732631,,,1002.202307732631,1.0,0.0,thermal_current_limit,
Conservative DC,138,112.6765281680262,138.0,1.224744871391589,4.2784810126582276,0.98,1.0,2.0,1002.202307732631,1180.860759493671,2004.404615465262,1180.860759493671,1.1782658554890324,17.82658554890324,thermal_current_limit,
High-voltage DC,138,112.6765281680262,169.01479225203929,1.5,4.2784810126582276,0.98,1.0,2.0,1002.202307732631,1446.25315901745,2004.404615465262,1446.25315901745,1.4430750636460152,44.30750636460152,thermal_current_limit,
Traditional AC,138,112.6765281680262,,,4.329113924050633,0.98,1.0,,1014.0626900726621,,,1014.0626900726621,1.0,0.0,thermal_current_limit,
Conservative DC,138,112.6765281680262,138.0,1.224744871391589,4.329113924050633,0.98,1.0,2.0,1014.0626900726621,1194.8354430379748,2028.1253801453242,1194.8354430379748,1.1782658554890324,17.82658554890324,thermal_current_limit,
High-voltage DC,138,112.6765281680262,169.01479225203929,1.5,4.329113924050633,0.98,1.0,2.0,1014.0626900726621,1463.3685810176567,2028.1253801453242,1463.3685810176567,1.4430750636460157,44.307506364601565,thermal_current_limit,
Traditional AC,138,112.6765281680262,,,4.379746835443038,0.98,1.0,,1025.9230724126935,,,1025.9230724126935,1.0,0.0,thermal_current_limit,
Conservative DC,138,112.6765281680262,138.0,1.224744871391589,4.379746835443038,0.98,1.0,2.0,1025.9230724126935,1208.8101265822786,2051.846144825387,1208.8101265822786,1.1782658554890322,17.826585548903218,thermal_current_limit,
High-voltage DC,138,112.6765281680262,169.01479225203929,1.5,4.379746835443038,0.98,1.0,2.0,1025.9230724126935,1480.4840030178632,2051.846144825387,1480.4840030178632,1.4430750636460152,44.30750636460152,thermal_current_limit,
Traditional AC,138,112.6765281680262,,,4.4303797468354436,0.98,1.0,,1037.7834547527245,,,1037.7834547527245,1.0,0.0,thermal_current_limit,
Conservative DC,138,112.6765281680262,138.0,1.224744871391589,4.4303797468354436,0.98,1.0,2.0,1037.7834547527245,1222.7848101265824,2075.566909505449,1222.7848101265824,1.1782658554890324,17.82658554890324,thermal_current_limit,
High-voltage DC,138,112.6765281680262,169.01479225203929,1.5,4.4303797468354436,0.98,1.0,2.0,1037.7834547527245,1497.5994250180697,2075.566909505449,1497.5994250180697,1.4430750636460155,44.307506364601544,thermal_current_limit,
Traditional AC,138,112.6765281680262,,,4.481012658227848,0.98,1.0,,1049.6438370927553,,,1049.6438370927553,1.0,0.0,thermal_current_limit,
Conservative DC,138,112.6765281680262,138.0,1.224744871391589,4.481012658227848,0.98,1.0,2.0,1049.6438370927553,1236.759493670886,2099.2876741855107,1236.759493670886,1.1782658554890326,17.82658554890326,thermal_current_limit,
High-voltage DC,138,112.6765281680262,169.01479225203929,1.5,4.481012658227848,0.98,1.0,2.0,1049.6438370927553,1514.714847018276,2099.2876741855107,1514.714847018276,1.4430750636460157,44.307506364601565,thermal_current_limit,
Traditional AC,138,112.6765281680262,,,4.531645569620253,0.98,1.0,,1061.5042194327866,,,1061.5042194327866,1.0,0.0,thermal_current_limit,
Conservative DC,138,112.6765281680262,138.0,1.224744871391589,4.531645569620253,0.98,1.0,2.0,1061.5042194327866,1250.73417721519,2123.008438865573,1250.73417721519,1.1782658554890324,17.82658554890324,thermal_current_limit,
High-voltage DC,138,112.6765281680262,169.01479225203929,1.5,4.531645569620253,0.98,1.0,2.0,1061.5042194327866,1531.8302690184828,2123.008438865573,1531.8302690184828,1.4430750636460157,44.307506364601565,thermal_current_limit,
Traditional AC,138,112.6765281680262,,,4.582278481012658,0.98,1.0,,1073.3646017728177,,,1073.3646017728177,1.0,0.0,thermal_current_limit,
Conservative DC,138,112.6765281680262,138.0,1.224744871391589,4.582278481012658,0.98,1.0,2.0,1073.3646017728177,1264.7088607594935,2146.7292035456353,1264.7088607594935,1.1782658554890324,17.82658554890324,thermal_current_limit,
High-voltage DC,138,112.6765281680262,169.01479225203929,1.5,4.582278481012658,0.98,1.0,2.0,1073.3646017728177,1548.945691018689,2146.7292035456353,1548.945691018689,1.4430750636460157,44.307506364601565,thermal_current_limit,
Traditional AC,138,112.6765281680262,,,4.632911392405063,0.98,1.0,,1085.224984112849,,,1085.224984112849,1.0,0.0,thermal_current_limit,
Conservative DC,138,112.6765281680262,138.0,1.224744871391589,4.632911392405063,0.98,1.0,2.0,1085.224984112849,1278.6835443037974,2170.449968225698,1278.6835443037974,1.1782658554890322,17.826585548903218,thermal_current_limit,
High-voltage DC,138,112.6765281680262,169.01479225203929,1.5,4.632911392405063,0.98,1.0,2.0,1085.224984112849,1566.0611130188956,2170.449968225698,1566.0611130188956,1.4430750636460155,44.307506364601544,thermal_current_limit,
Traditional AC,138,112.6765281680262,,,4.6835443037974684,0.98,1.0,,1097.0853664528802,,,1097.0853664528802,1.0,0.0,thermal_current_limit,
Conservative DC,138,112.6765281680262,138.0,1.224744871391589,4.6835443037974684,0.98,1.0,2.0,1097.0853664528802,1292.6582278481012,2194.1707329057604,1292.6582278481012,1.1782658554890322,17.826585548903218,thermal_current_limit,
High-voltage DC,138,112.6765281680262,169.01479225203929,1.5,4.6835443037974684,0.98,1.0,2.0,1097.0853664528802,1583.1765350191022,2194.1707329057604,1583.1765350191022,1.4430750636460155,44.307506364601544,thermal_current_limit,
Traditional AC,138,112.6765281680262,,,4.734177215189874,0.98,1.0,,1108.9457487929112,,,1108.9457487929112,1.0,0.0,thermal_current_limit,
Conservative DC,138,112.6765281680262,138.0,1.224744871391589,4.734177215189874,0.98,1.0,2.0,1108.9457487929112,1306.6329113924053,2217.8914975858224,1306.6329113924053,1.1782658554890324,17.82658554890324,thermal_current_limit,
High-voltage DC,138,112.6765281680262,169.01479225203929,1.5,4.734177215189874,0.98,1.0,2.0,1108.9457487929112,1600.2919570193087,2217.8914975858224,1600.2919570193087,1.4430750636460155,44.307506364601544,thermal_current_limit,
Traditional AC,138,112.6765281680262,,,4.784810126582278,0.98,1.0,,1120.8061311329423,,,1120.8061311329423,1.0,0.0,thermal_current_limit,
Conservative DC,138,112.6765281680262,138.0,1.224744871391589,4.784810126582278,0.98,1.0,2.0,1120.8061311329423,1320.607594936709,2241.6122622658845,1320.607594936709,1.1782658554890324,17.82658554890324,thermal_current_limit,
High-voltage DC,138,112.6765281680262,169.01479225203929,1.5,4.784810126582278,0.98,1.0,2.0,1120.8061311329423,1617.407379019515,2241.6122622658845,1617.407379019515,1.4430750636460155,44.307506364601544,thermal_current_limit,
Traditional AC,138,112.6765281680262,,,4.8354430379746836,0.98,1.0,,1132.6665134729735,,,1132.6665134729735,1.0,0.0,thermal_current_limit,
Conservative DC,138,112.6765281680262,138.0,1.224744871391589,4.8354430379746836,0.98,1.0,2.0,1132.6665134729735,1334.5822784810127,2265.333026945947,1334.5822784810127,1.1782658554890324,17.82658554890324,thermal_current_limit,
High-voltage DC,138,112.6765281680262,169.01479225203929,1.5,4.8354430379746836,0.98,1.0,2.0,1132.6665134729735,1634.5228010197218,2265.333026945947,1634.5228010197218,1.4430750636460155,44.307506364601544,thermal_current_limit,
Traditional AC,138,112.6765281680262,,,4.886075949367088,0.98,1.0,,1144.5268958130046,,,1144.5268958130046,1.0,0.0,thermal_current_limit,
Conservative DC,138,112.6765281680262,138.0,1.224744871391589,4.886075949367088,0.98,1.0,2.0,1144.5268958130046,1348.5569620253164,2289.053791626009,1348.5569620253164,1.1782658554890324,17.82658554890324,thermal_current_limit,
High-voltage DC,138,112.6765281680262,169.01479225203929,1.5,4.886075949367088,0.98,1.0,2.0,1144.5268958130046,1651.638223019928,2289.053791626009,1651.638223019928,1.4430750636460155,44.307506364601544,thermal_current_limit,
Traditional AC,138,112.6765281680262,,,4.936708860759493,0.98,1.0,,1156.3872781530358,,,1156.3872781530358,1.0,0.0,thermal_current_limit,
Conservative DC,138,112.6765281680262,138.0,1.224744871391589,4.936708860759493,0.98,1.0,2.0,1156.3872781530358,1362.5316455696202,2312.7745563060716,1362.5316455696202,1.1782658554890322,17.826585548903218,thermal_current_limit,
High-voltage DC,138,112.6765281680262,169.01479225203929,1.5,4.936708860759493,0.98,1.0,2.0,1156.3872781530358,1668.7536450201346,2312.7745563060716,1668.7536450201346,1.4430750636460155,44.307506364601544,thermal_current_limit,
Traditional AC,138,112.6765281680262,,,4.987341772151899,0.98,1.0,,1168.2476604930669,,,1168.2476604930669,1.0,0.0,thermal_current_limit,
Conservative DC,138,112.6765281680262,138.0,1.224744871391589,4.987341772151899,0.98,1.0,2.0,1168.2476604930669,1376.506329113924,2336.4953209861337,1376.506329113924,1.1782658554890324,17.82658554890324,thermal_current_limit,
High-voltage DC,138,112.6765281680262,169.01479225203929,1.5,4.987341772151899,0.98,1.0,2.0,1168.2476604930669,1685.8690670203412,2336.4953209861337,1685.8690670203412,1.4430750636460155,44.307506364601544,thermal_current_limit,
Traditional AC,138,112.6765281680262,,,5.037974683544304,0.98,1.0,,1180.108042833098,,,1180.108042833098,1.0,0.0,thermal_current_limit,
Conservative DC,138,112.6765281680262,138.0,1.224744871391589,5.037974683544304,0.98,1.0,2.0,1180.108042833098,1390.4810126582279,2360.216085666196,1390.4810126582279,1.1782658554890324,17.82658554890324,thermal_current_limit,
High-voltage DC,138,112.6765281680262,169.01479225203929,1.5,5.037974683544304,0.98,1.0,2.0,1180.108042833098,1702.9844890205477,2360.216085666196,1702.9844890205477,1.4430750636460157,44.307506364601565,thermal_current_limit,
Traditional AC,138,112.6765281680262,,,5.088607594936709,0.98,1.0,,1191.9684251731292,,,1191.9684251731292,1.0,0.0,thermal_current_limit,
Conservative DC,138,112.6765281680262,138.0,1.224744871391589,5.088607594936709,0.98,1.0,2.0,1191.9684251731292,1404.4556962025317,2383.9368503462583,1404.4556962025317,1.1782658554890324,17.82658554890324,thermal_current_limit,
High-voltage DC,138,112.6765281680262,169.01479225203929,1.5,5.088607594936709,0.98,1.0,2.0,1191.9684251731292,1720.0999110207545,2383.9368503462583,1720.0999110207545,1.4430750636460157,44.307506364601565,thermal_current_limit,
Traditional AC,138,112.6765281680262,,,5.139240506329114,0.98,1.0,,1203.8288075131602,,,1203.8288075131602,1.0,0.0,thermal_current_limit,
Conservative DC,138,112.6765281680262,138.0,1.224744871391589,5.139240506329114,0.98,1.0,2.0,1203.8288075131602,1418.4303797468353,2407.6576150263204,1418.4303797468353,1.1782658554890324,17.82658554890324,thermal_current_limit,
High-voltage DC,138,112.6765281680262,169.01479225203929,1.5,5.139240506329114,0.98,1.0,2.0,1203.8288075131602,1737.2153330209608,2407.6576150263204,1737.2153330209608,1.4430750636460157,44.307506364601565,thermal_current_limit,
Traditional AC,138,112.6765281680262,,,5.189873417721519,0.98,1.0,,1215.6891898531915,,,1215.6891898531915,1.0,0.0,thermal_current_limit,
Conservative DC,138,112.6765281680262,138.0,1.224744871391589,5.189873417721519,0.98,1.0,2.0,1215.6891898531915,1432.4050632911392,2431.378379706383,1432.4050632911392,1.1782658554890322,17.826585548903218,thermal_current_limit,
High-voltage DC,138,112.6765281680262,169.01479225203929,1.5,5.189873417721519,0.98,1.0,2.0,1215.6891898531915,1754.3307550211673,2431.378379706383,1754.3307550211673,1.4430750636460155,44.307506364601544,thermal_current_limit,
Traditional AC,138,112.6765281680262,,,5.240506329113924,0.98,1.0,,1227.5495721932225,,,1227.5495721932225,1.0,0.0,thermal_current_limit,
Conservative DC,138,112.6765281680262,138.0,1.224744871391589,5.240506329113924,0.98,1.0,2.0,1227.5495721932225,1446.3797468354428,2455.099144386445,1446.3797468354428,1.1782658554890322,17.826585548903218,thermal_current_limit,
High-voltage DC,138,112.6765281680262,169.01479225203929,1.5,5.240506329113924,0.98,1.0,2.0,1227.5495721932225,1771.4461770213736,2455.099144386445,1771.4461770213736,1.4430750636460155,44.307506364601544,thermal_current_limit,
Traditional AC,138,112.6765281680262,,,5.291139240506329,0.98,1.0,,1239.4099545332538,,,1239.4099545332538,1.0,0.0,thermal_current_limit,
Conservative DC,138,112.6765281680262,138.0,1.224744871391589,5.291139240506329,0.98,1.0,2.0,1239.4099545332538,1460.3544303797469,2478.8199090665075,1460.3544303797469,1.1782658554890324,17.82658554890324,thermal_current_limit,
High-voltage DC,138,112.6765281680262,169.01479225203929,1.5,5.291139240506329,0.98,1.0,2.0,1239.4099545332538,1788.5615990215802,2478.8199090665075,1788.5615990215802,1.4430750636460152,44.30750636460152,thermal_current_limit,
Traditional AC,138,112.6765281680262,,,5.341772151898734,0.98,1.0,,1251.2703368732848,,,1251.2703368732848,1.0,0.0,thermal_current_limit,
Conservative DC,138,112.6765281680262,138.0,1.224744871391589,5.341772151898734,0.98,1.0,2.0,1251.2703368732848,1474.3291139240507,2502.5406737465696,1474.3291139240507,1.1782658554890324,17.82658554890324,thermal_current_limit,
High-voltage DC,138,112.6765281680262,169.01479225203929,1.5,5.341772151898734,0.98,1.0,2.0,1251.2703368732848,1805.677021021787,2502.5406737465696,1805.677021021787,1.4430750636460157,44.307506364601565,thermal_current_limit,
Traditional AC,138,112.6765281680262,,,5.3924050632911396,0.98,1.0,,1263.130719213316,,,1263.130719213316,1.0,0.0,thermal_current_limit,
Conservative DC,138,112.6765281680262,138.0,1.224744871391589,5.3924050632911396,0.98,1.0,2.0,1263.130719213316,1488.3037974683546,2526.261438426632,1488.3037974683546,1.1782658554890324,17.82658554890324,thermal_current_limit,
High-voltage DC,138,112.6765281680262,169.01479225203929,1.5,5.3924050632911396,0.98,1.0,2.0,1263.130719213316,1822.7924430219934,2526.261438426632,1822.7924430219934,1.4430750636460155,44.307506364601544,thermal_current_limit,
Traditional AC,138,112.6765281680262,,,5.443037974683545,0.98,1.0,,1274.9911015533473,,,1274.9911015533473,1.0,0.0,thermal_current_limit,
Conservative DC,138,112.6765281680262,138.0,1.224744871391589,5.443037974683545,0.98,1.0,2.0,1274.9911015533473,1502.2784810126584,2549.9822031066947,1502.2784810126584,1.1782658554890322,17.826585548903218,thermal_current_limit,
High-voltage DC,138,112.6765281680262,169.01479225203929,1.5,5.443037974683545,0.98,1.0,2.0,1274.9911015533473,1839.9078650222,2549.9822031066947,1839.9078650222,1.4430750636460155,44.307506364601544,thermal_current_limit,
Traditional AC,138,112.6765281680262,,,5.493670886075949,0.98,1.0,,1286.8514838933784,,,1286.8514838933784,1.0,0.0,thermal_current_limit,
Conservative DC,138,112.6765281680262,138.0,1.224744871391589,5.493670886075949,0.98,1.0,2.0,1286.8514838933784,1516.253164556962,2573.7029677867567,1516.253164556962,1.1782658554890322,17.826585548903218,thermal_current_limit,
High-voltage DC,138,112.6765281680262,169.01479225203929,1.5,5.493670886075949,0.98,1.0,2.0,1286.8514838933784,1857.0232870224063,2573.7029677867567,1857.0232870224063,1.4430750636460155,44.307506364601544,thermal_current_limit,
Traditional AC,138,112.6765281680262,,,5.544303797468354,0.98,1.0,,1298.7118662334092,,,1298.7118662334092,1.0,0.0,thermal_current_limit,
Conservative DC,138,112.6765281680262,138.0,1.224744871391589,5.544303797468354,0.98,1.0,2.0,1298.7118662334092,1530.2278481012656,2597.4237324668184,1530.2278481012656,1.1782658554890324,17.82658554890324,thermal_current_limit,
High-voltage DC,138,112.6765281680262,169.01479225203929,1.5,5.544303797468354,0.98,1.0,2.0,1298.7118662334092,1874.1387090226126,2597.4237324668184,1874.1387090226126,1.4430750636460155,44.307506364601544,thermal_current_limit,
Traditional AC,138,112.6765281680262,,,5.594936708860759,0.98,1.0,,1310.5722485734404,,,1310.5722485734404,1.0,0.0,thermal_current_limit,
Conservative DC,138,112.6765281680262,138.0,1.224744871391589,5.594936708860759,0.98,1.0,2.0,1310.5722485734404,1544.2025316455695,2621.144497146881,1544.2025316455695,1.1782658554890322,17.826585548903218,thermal_current_limit,
High-voltage DC,138,112.6765281680262,169.01479225203929,1.5,5.594936708860759,0.98,1.0,2.0,1310.5722485734404,1891.2541310228191,2621.144497146881,1891.2541310228191,1.4430750636460155,44.307506364601544,thermal_current_limit,
Traditional AC,138,112.6765281680262,,,5.6455696202531644,0.98,1.0,,1322.4326309134715,,,1322.4326309134715,1.0,0.0,thermal_current_limit,
Conservative DC,138,112.6765281680262,138.0,1.224744871391589,5.6455696202531644,0.98,1.0,2.0,1322.4326309134715,1558.1772151898733,2644.865261826943,1558.1772151898733,1.1782658554890324,17.82658554890324,thermal_current_limit,
High-voltage DC,138,112.6765281680262,169.01479225203929,1.5,5.6455696202531644,0.98,1.0,2.0,1322.4326309134715,1908.369553023026,2644.865261826943,1908.369553023026,1.4430750636460157,44.307506364601565,thermal_current_limit,
Traditional AC,138,112.6765281680262,,,5.69620253164557,0.98,1.0,,1334.2930132535027,,,1334.2930132535027,1.0,0.0,thermal_current_limit,
Conservative DC,138,112.6765281680262,138.0,1.224744871391589,5.69620253164557,0.98,1.0,2.0,1334.2930132535027,1572.1518987341772,2668.5860265070055,1572.1518987341772,1.1782658554890324,17.82658554890324,thermal_current_limit,
High-voltage DC,138,112.6765281680262,169.01479225203929,1.5,5.69620253164557,0.98,1.0,2.0,1334.2930132535027,1925.4849750232324,2668.5860265070055,1925.4849750232324,1.4430750636460157,44.307506364601565,thermal_current_limit,
Traditional AC,138,112.6765281680262,,,5.746835443037975,0.98,1.0,,1346.153395593534,,,1346.153395593534,1.0,0.0,thermal_current_limit,
Conservative DC,138,112.6765281680262,138.0,1.224744871391589,5.746835443037975,0.98,1.0,2.0,1346.153395593534,1586.1265822784812,2692.306791187068,1586.1265822784812,1.1782658554890324,17.82658554890324,thermal_current_limit,
High-voltage DC,138,112.6765281680262,169.01479225203929,1.5,5.746835443037975,0.98,1.0,2.0,1346.153395593534,1942.600397023439,2692.306791187068,1942.600397023439,1.4430750636460155,44.307506364601544,thermal_current_limit,
Traditional AC,138,112.6765281680262,,,5.7974683544303796,0.98,1.0,,1358.013777933565,,,1358.013777933565,1.0,0.0,thermal_current_limit,
Conservative DC,138,112.6765281680262,138.0,1.224744871391589,5.7974683544303796,0.98,1.0,2.0,1358.013777933565,1600.1012658227849,2716.02755586713,1600.1012658227849,1.1782658554890324,17.82658554890324,thermal_current_limit,
High-voltage DC,138,112.6765281680262,169.01479225203929,1.5,5.7974683544303796,0.98,1.0,2.0,1358.013777933565,1959.7158190236453,2716.02755586713,1959.7158190236453,1.4430750636460155,44.307506364601544,thermal_current_limit,
Traditional AC,138,112.6765281680262,,,5.848101265822785,0.98,1.0,,1369.8741602735963,,,1369.8741602735963,1.0,0.0,thermal_current_limit,
Conservative DC,138,112.6765281680262,138.0,1.224744871391589,5.848101265822785,0.98,1.0,2.0,1369.8741602735963,1614.0759493670887,2739.7483205471926,1614.0759493670887,1.1782658554890324,17.82658554890324,thermal_current_limit,
High-voltage DC,138,112.6765281680262,169.01479225203929,1.5,5.848101265822785,0.98,1.0,2.0,1369.8741602735963,1976.8312410238518,2739.7483205471926,1976.8312410238518,1.4430750636460152,44.30750636460152,thermal_current_limit,
Traditional AC,138,112.6765281680262,,,5.898734177215189,0.98,1.0,,1381.7345426136274,,,1381.7345426136274,1.0,0.0,thermal_current_limit,
Conservative DC,138,112.6765281680262,138.0,1.224744871391589,5.898734177215189,0.98,1.0,2.0,1381.7345426136274,1628.0506329113923,2763.4690852272547,1628.0506329113923,1.1782658554890322,17.826585548903218,thermal_current_limit,
High-voltage DC,138,112.6765281680262,169.01479225203929,1.5,5.898734177215189,0.98,1.0,2.0,1381.7345426136274,1993.9466630240581,2763.4690852272547,1993.9466630240581,1.4430750636460152,44.30750636460152,thermal_current_limit,
Traditional AC,138,112.6765281680262,,,5.949367088607595,0.98,1.0,,1393.5949249536584,,,1393.5949249536584,1.0,0.0,thermal_current_limit,
Conservative DC,138,112.6765281680262,138.0,1.224744871391589,5.949367088607595,0.98,1.0,2.0,1393.5949249536584,1642.0253164556962,2787.189849907317,1642.0253164556962,1.1782658554890324,17.82658554890324,thermal_current_limit,
High-voltage DC,138,112.6765281680262,169.01479225203929,1.5,5.949367088607595,0.98,1.0,2.0,1393.5949249536584,2011.062085024265,2787.189849907317,2011.062085024265,1.4430750636460157,44.307506364601565,thermal_current_limit,
Traditional AC,138,112.6765281680262,,,6.0,0.98,1.0,,1405.4553072936897,,,1405.4553072936897,1.0,0.0,thermal_current_limit,
Conservative DC,138,112.6765281680262,138.0,1.224744871391589,6.0,0.98,1.0,2.0,1405.4553072936897,1656.0,2810.9106145873793,1656.0,1.1782658554890322,17.826585548903218,thermal_current_limit,
High-voltage DC,138,112.6765281680262,169.01479225203929,1.5,6.0,0.98,1.0,2.0,1405.4553072936897,2028.1775070244714,2810.9106145873793,2028.1775070244714,1.4430750636460155,44.307506364601544,thermal_current_limit,
