useful_mw,ac_corridor_mw,ac_receiving_q_mvar,receiving_voltage_pu,receiving_angle_deg,line_current_kA,source_q_mvar,line_reactive_burden_mvar,converged,voltage_ok,thermal_ok,source_q_ok,binding_constraint,receiving_voltage_real_pu,receiving_voltage_imag_pu
5.0,5.137890710899111,1.043293206239065,0.9998363087520076,-0.03029290628069242,0.021937653293836623,1.0461807662487705,0.002887560009705581,True,True,True,True,none,0.9998361690072528,-0.0005286243846119727
10.0,10.275781421798222,2.08658641247813,0.9996722841142188,-0.06059576185814659,0.04388250558286342,2.0981404544682767,0.011554041990146757,True,True,True,True,none,0.9996717250433661,-0.0010572487692239454
15.0,15.413672132697332,3.129879618717195,0.9995079256200557,-0.09090861048058353,0.0658345823966726,3.155884768361141,0.026005149643945735,True,True,True,True,none,0.9995066675033473,-0.001585873153835918
20.0,20.551562843596443,4.17317282495626,0.9993432328003667,-0.12123149601318245,0.0877939093420292,4.219419444264653,0.04624661930839302,True,True,True,True,none,0.9993409957787421,-0.0021144975384478903
25.0,25.689453554495554,5.216466031195325,0.9991782051838176,-0.1515644624387942,0.10976051209859623,5.288750247491552,0.07228421629622694,True,True,True,True,none,0.9991747092580231,-0.0026431219230598634
30.0,30.827344265394665,6.25975923743439,0.9990128422968823,-0.1819075538586586,0.13173441641935,6.3638829724441175,0.10412373500972727,True,True,True,True,none,0.999007807326577,-0.003171746307671836
35.0,35.96523497629377,7.3030524436734545,0.9988471436638321,-0.21226081449312661,0.15371564813101773,7.444823442745005,0.1417709990715501,True,True,True,True,none,0.9988402893666913,-0.0037003706922838085
40.0,41.103125687192886,8.34634564991252,0.998681108806727,-0.24262428868238617,0.17570423313448794,8.531577511345047,0.185231861432527,True,True,True,True,none,0.9986721547575427,-0.004228995076895781
45.0,46.24101639809199,9.389638856151585,0.9985147372454048,-0.27299802088719305,0.19770019740525407,9.624151060656196,0.23451220450461108,True,True,True,True,none,0.9985034028751827,-0.004757619461507754
50.0,51.37890710899111,10.43293206239065,0.9983480284974723,-0.30338205568960536,0.21970356699383403,10.722550002664555,0.28961794027390475,True,True,True,True,none,0.9983340330925261,-0.005286243846119728
55.0,56.516797819890215,11.476225268629713,0.9981809820782935,-0.33377643779372285,0.24171436802621557,11.82678027906227,0.3505550104325561,True,True,True,True,none,0.9981640447793367,-0.0058148682307316985
60.0,61.65468853078933,12.51951847486878,0.9980135975009816,-0.36418121202643144,0.2637326267042837,12.936847861363699,0.41732938649491835,True,True,True,True,none,0.9979934373022151,-0.006343492615343672
65.0,66.79257924168843,13.562811681107844,0.9978458742763869,-0.39459642333815026,0.28575836930627097,14.052758751039402,0.48994706993155823,True,True,True,True,none,0.9978222100245844,-0.006872116999955643
70.0,71.93046995258754,14.606104887346909,0.9976778119130877,-0.4250221168035858,0.3077916221871907,15.174518979634408,0.5684140922874992,True,True,True,True,none,0.9976503623066776,-0.007400741384567617
75.0,77.06836066348666,15.649398093585974,0.9975094099173798,-0.4554583376224878,0.32983241177928424,16.30213460889696,0.6527365153109859,True,True,True,True,none,0.9974778935055242,-0.007929365769179589
80.0,82.20625137438577,16.69269129982504,0.9973406677932657,-0.4859051311204126,0.3518807645924761,17.435611730911447,0.7429204310864073,True,True,True,True,none,0.9973048029749358,-0.008457990153791563
85.0,87.34414208528487,17.735984506064103,0.9971715850424445,-0.5163625427494889,0.37393670721481564,18.574956468220865,0.8389719621567622,True,True,True,True,none,0.9971310900654935,-0.008986614538403534
90.0,92.48203279618399,18.77927771230317,0.9970021611643012,-0.5468306180891898,0.3960002663129353,19.72017497395869,0.9408972616555218,True,True,True,True,none,0.9969567541245333,-0.009515238923015507
95.0,97.6199235070831,19.822570918542233,0.9968323956558963,-0.5773094028471079,0.4180714686325053,20.871273431979734,1.048702513437501,True,True,True,True,none,0.9967817944961329,-0.010043863307627483
100.0,102.75781421798222,20.8658641247813,0.9966622880119542,-0.6077989428597369,0.44015034099869754,22.028258056994098,1.1623939322127974,True,True,True,True,none,0.996606210521097,-0.010572487692239455
105.0,107.89570492888132,21.909157331020364,0.9964918377248541,-0.638299284093257,0.46223691031664116,23.191135094694893,1.2819777636745293,True,True,True,True,none,0.9964300015369439,-0.011101112076851426
110.0,113.03359563978043,22.952450537259427,0.9963210442846174,-0.6688104726443255,0.4843312035718924,24.359910821895333,1.4074602846359063,True,True,True,True,none,0.9962531668778912,-0.011629736461463397
115.0,118.17148635067954,23.995743743498494,0.9961499071788981,-0.6993325547408722,0.5064332478308985,25.53459154665957,1.538847803161076,True,True,True,True,none,0.9960757058748415,-0.012158360846075373
120.0,123.30937706157866,25.03903694973756,0.9959784258929707,-0.729865576742899,0.5285430702414748,26.71518360844404,1.6761466587064788,True,True,True,True,none,0.9958976178553677,-0.012686985230687342
125.0,128.44726777247777,26.082330155976628,0.9958065999097201,-0.7604095851432867,0.5506606980332729,27.90169337822718,1.8193632222505514,True,True,True,True,none,0.9957189021436991,-0.013215609615299318
130.0,133.58515848337686,27.125623362215688,0.9956344287096299,-0.7909646265686033,0.5727861585182596,29.094127258650804,1.9685038964351165,True,True,True,True,none,0.9955395580607065,-0.013744233999911286
135.0,138.72304919427597,28.16891656845475,0.9954619117707711,-0.8215307477799221,0.5949194790911986,30.29249168415715,2.1235751157023977,True,True,True,True,none,0.9953595849238877,-0.014272858384523262
140.0,143.8609399051751,29.212209774693818,0.9952890485687913,-0.8521079956736388,0.617060687230129,31.496793121127123,2.2845833464333047,True,True,True,True,none,0.9951789820473526,-0.014801482769135234
145.0,148.9988306160742,30.25550298093288,0.9951158385769026,-0.8826964172822999,0.6392098104968578,32.7070380680236,2.4515350870907184,True,True,True,True,none,0.9949977487418082,-0.015330107153747207
150.0,154.13672132697332,31.29879618717195,0.9949422812658703,-0.9132960597754325,0.661366876537445,33.923233055530716,2.6244368683587673,True,True,True,True,none,0.994815884314544,-0.01585873153835918
155.0,159.27461203787243,32.342089393411015,0.9947683761040019,-0.9439069704603802,0.6835319130826937,35.1453846466941,2.803295253283082,True,True,True,True,none,0.9946333880694167,-0.016387355922971154
160.0,164.41250274877154,33.38538259965008,0.9945941225571351,-0.9745291967831448,0.7057049479486501,36.37349943706734,2.988116837417259,True,True,True,True,none,0.9944502593068348,-0.01691598030758313
165.0,169.55039345967066,34.42867580588915,0.9944195200886257,-1.0051627863292325,0.7278860090371027,37.60758405485761,3.1789082489684617,True,True,True,True,none,0.9942664973237435,-0.017444604692195102
170.0,174.68828417056974,35.471969012128206,0.994244568159336,-1.0358077868245064,0.7500751243360793,38.84764516106686,3.375676148938652,True,True,True,True,none,0.9940821014136092,-0.017973229076807068
175.0,179.82617488146886,36.51526221836727,0.9940692662276237,-1.0664642461360447,0.772272321920353,40.09368944963837,3.5784272312710996,True,True,True,True,none,0.9938970708664043,-0.01850185346141904
180.0,184.96406559236797,37.55855542460634,0.9938936137493283,-1.097132212273002,0.7944776299519585,41.345723647611706,3.7871682230053665,True,True,True,True,none,0.9937114049685908,-0.019030477846031017
185.0,190.1019563032671,38.6018486308454,0.9937176101777606,-1.1278117333874782,0.8166910766806901,42.603754515259816,4.001905884414413,True,True,True,True,none,0.9935251030031054,-0.01955910223064299
190.0,195.2398470141662,39.645141837084466,0.99354125496369,-1.1585028577753933,0.838912690444628,43.86778884624809,4.222647009163623,True,True,True,True,none,0.993338164249343,-0.020087726615254962
195.0,200.37773772506532,40.68843504332354,0.9933645475553314,-1.1892056338773667,0.861142499670652,45.13783346778096,4.449398424457421,True,True,True,True,none,0.9931505879831409,-0.02061635099986693
200.0,205.51562843596443,41.7317282495626,0.9931874873983343,-1.219920110279603,0.8833805328749661,46.41389524075567,4.682166991193071,True,True,True,True,none,0.9929623734767629,-0.021144975384478907
205.0,210.65351914686352,42.77502145580166,0.9930100739357697,-1.2506463357147808,0.905626818663616,47.695981059911034,4.9209596041093775,True,True,True,True,none,0.9927735199988827,-0.02167359976909088
210.0,215.79140985776263,43.81831466204073,0.9928323066081173,-1.2813843590629526,0.9278813857330261,48.98409785398641,5.165783191945685,True,True,True,True,none,0.9925840268145681,-0.022202224153702852
215.0,220.92930056866174,44.86160786827979,0.9926541848532533,-1.3121342293524447,0.9501442628705293,50.27825258587567,5.416644717595879,True,True,True,True,none,0.9923938931852638,-0.02273084853831482
220.0,226.06719127956086,45.904901074518854,0.9924757081064376,-1.342895995760768,0.9724154789548995,51.57845225278094,5.6735511782620875,True,True,True,True,none,0.9922031183687755,-0.023259472922926794
225.0,231.20508199045997,46.948194280757924,0.9922968758003012,-1.3736697076155298,0.9946950629568915,52.8847038863718,5.936509605613878,True,True,True,True,none,0.9920117016192529,-0.02378809730753877
230.0,236.3429727013591,47.99148748699699,0.9921176873648332,-1.404455414395356,1.0169830439397884,54.197014552946456,6.205527065949468,True,True,True,True,none,0.9918196421871727,-0.024316721692150746
235.0,241.4808634122582,49.03478069323605,0.9919381422273671,-1.4352531657308167,1.0392794510599408,55.51539135358661,6.480610660350557,True,True,True,True,none,0.991626939319322,-0.02484534607676272
240.0,246.61875412315732,50.07807389947512,0.9917582398125695,-1.466063011405358,1.061584313567318,56.83984142431972,6.7617675248446005,True,True,True,True,none,0.9914335922587814,-0.025373970461374688
245.0,251.7566448340564,51.12136710571418,0.9915779795424252,-1.4968850013562427,1.0838976608060686,58.17037193628541,7.049004830571235,True,True,True,True,none,0.9912396002449069,-0.02590259484598666
250.0,256.89453554495554,52.164660311953256,0.9913973608362247,-1.527719185675492,1.1062195222150661,59.506990095891496,7.34232978393824,True,True,True,True,none,0.9910449625133138,-0.026431219230598633
255.0,262.03242625585466,53.20795351819232,0.9912163831105508,-1.5585656146108382,1.1285499273284778,60.84970314498447,7.641749626792148,True,True,True,True,none,0.9908496782958582,-0.02695984361521061
260.0,267.1703169667537,54.251246724431375,0.9910350457792654,-1.589424338566681,1.1508889057763292,62.19851836101394,7.947271636582563,True,True,True,True,none,0.9906537468206201,-0.02748846799982257
265.0,272.30820767765283,55.29453993067044,0.9908533482534954,-1.6202954081050533,1.1732364872850656,63.55344305719479,8.258903126524352,True,True,True,True,none,0.9904571673118856,-0.028017092384434547
270.0,277.44609838855195,56.3378331369095,0.9906712899416195,-1.6511788739465871,1.1955927016781303,64.91448458268101,8.57665144577151,True,True,True,True,none,0.9902599389901288,-0.028545716769046523
275.0,282.58398909945106,57.381126343148566,0.9904888702492539,-1.6820747869714932,1.2179575788765422,66.28165032273519,8.900523979586623,True,True,True,True,none,0.9900620610719937,-0.029074341153658496
280.0,287.7218798103502,58.424419549387636,0.9903060885792399,-1.7129831982205423,1.2403311488994677,67.65494769889287,9.230528149505233,True,True,True,True,none,0.9898635327702769,-0.029602965538270472
285.0,292.8597705212493,59.4677127556267,0.9901229443316277,-1.7439041588960555,1.2627134418648103,69.0343841691405,9.566671413513795,True,True,True,True,none,0.9896643532939088,-0.03013158992288244
290.0,297.9976612321484,60.51100596186576,0.9899394369036644,-1.7748377203628998,1.2851044879897981,70.41996722808602,9.90896126622026,True,True,True,True,none,0.989464521847935,-0.030660214307494413
295.0,303.1355519430475,61.55429916810483,0.9897555656897787,-1.8057839341494906,1.3075043175915737,71.81170440713367,10.257405239028841,True,True,True,True,none,0.9892640376334983,-0.031188838692106386
300.0,308.27344265394663,62.5975923743439,0.9895713300815673,-1.8367428519488018,1.3299129610877882,73.20960327465774,10.612010900313841,True,True,True,True,none,0.9890628998478203,-0.03171746307671836
305.0,313.41133336484575,63.64088558058297,0.9893867294677798,-1.8677145256193808,1.3523304489972074,74.61367143618469,10.972785855601721,True,True,True,True,none,0.9888611076841813,-0.032246087461330335
310.0,318.54922407574486,64.68417878682203,0.9892017632343051,-1.898699007186374,1.3747568119403089,76.02391653456586,11.339737747743825,True,True,True,True,none,0.9886586603319032,-0.03277471184594231
315.0,323.687114786644,65.7274719930611,0.989016430764156,-1.9296963488425551,1.3971920806398892,77.44034625015749,11.712874257096388,True,True,True,True,none,0.9884555569763293,-0.03330333623055429
320.0,328.8250054975431,66.77076519930016,0.9888307314374554,-1.9607066029493596,1.4196362859216831,78.862968301006,12.092203101705849,True,True,True,True,none,0.9882517967988051,-0.03383196061516625
325.0,333.9628962084422,67.81405840553924,0.9886446646314205,-1.9917298220379358,1.4420894587149755,80.29179044302697,12.477732037487726,True,True,True,True,none,0.9880473789766597,-0.034360584999778225
330.0,339.1007869193413,68.8573516117783,0.9884582297203491,-2.022766058810189,1.4645516300532184,81.7268204701872,12.869468858408908,True,True,True,True,none,0.9878423026831857,-0.0348892093843902
335.0,344.2386776302404,69.90064481801734,0.9882714260756035,-2.0538153661398435,1.4870228310746627,83.16806621469433,13.267421396676994,True,True,True,True,none,0.9876365670876197,-0.035417833769002156
340.0,349.3765683411395,70.94393802425641,0.9880842530655958,-2.0848777970735095,1.5095030930229838,84.61553554717871,13.671597522922298,True,True,True,True,none,0.9874301713551227,-0.03594645815361414
345.0,354.5144590520386,71.98723123049548,0.9878967100557731,-2.1159534048317488,1.5319924472479127,86.06923637688413,14.082005146388653,True,True,True,True,none,0.9872231146467599,-0.036475082538226115
350.0,359.6523497629377,73.03052443673454,0.9877087964086014,-2.147042242810163,1.554490925205874,87.52917665185304,14.498652215118497,True,True,True,True,none,0.9870153961194814,-0.037003706922838074
355.0,364.79024047383683,74.07381764297362,0.987520511483551,-2.1781443645804806,1.576998558460636,88.99536435912206,14.921546716148441,True,True,True,True,none,0.9868070149261009,-0.03753233130745006
360.0,369.92813118473595,75.11711084921268,0.9873318546370797,-2.2092598238916454,1.5995153786839476,90.46780752491178,15.350696675699098,True,True,True,True,none,0.986597970215276,-0.03806095569206203
365.0,375.06602189563506,76.16040405545174,0.9871428252226188,-2.2403886746709256,1.6220414176561917,91.94651421481804,15.786110159366302,True,True,True,True,none,0.9863882611314876,-0.038589580076674
370.0,380.2039126065342,77.2036972616908,0.9869534225905556,-2.2715309710250233,1.6445767072670465,93.43149253400983,16.227795272319028,True,True,True,True,none,0.9861778868150193,-0.03911820446128598
375.0,385.3418033174333,78.24699046792988,0.9867636460882189,-2.302686767241189,1.667121279516137,94.92275062742299,16.67576015949311,True,True,True,True,none,0.9859668464019364,-0.03964682884589795
380.0,390.4796940283324,79.29028367416893,0.9865734950598616,-2.333856117788352,1.6896751665137084,96.42029667996108,17.13001300579215,True,True,True,True,none,0.9857551390240651,-0.040175453230509924
385.0,395.6175847392315,80.33357688040802,0.9863829688466461,-2.3650390773182512,1.712238400481287,97.92413891669017,17.59056203628215,True,True,True,True,none,0.9855427638089712,-0.040704077615121896
390.0,400.75547545013063,81.37687008664707,0.9861920667866262,-2.3962357006665784,1.7348110137523656,99.4342856030459,18.05741551639882,True,True,True,True,none,0.9853297198799388,-0.04123270199973387
395.0,405.89336616102975,82.42016329288613,0.9860007882147329,-2.427446042854125,1.7573930387730685,100.95074504502729,18.53058175214116,True,True,True,True,none,0.9851160063559492,-0.04176132638434584
400.0,411.03125687192886,83.4634564991252,0.9858091324627556,-2.4586701590879443,1.7799845081028463,102.47352558940719,19.010069090281988,True,True,True,True,none,0.984901622351659,-0.04228995076895782
405.0,416.169147582828,84.50674970536427,0.9856170988593271,-2.4899081047625113,1.802585454415162,104.00263562393714,19.495885918572867,True,True,True,True,none,0.9846865669773781,-0.042818575153569786
410.0,421.30703829372703,85.55004291160331,0.9854246867299058,-2.5211599354609042,1.8251959104981819,105.53808357755068,19.988040665947366,True,True,True,True,none,0.9844708393390482,-0.04334719953818175
415.0,426.44492900462615,86.5933361178424,0.9852318953967599,-2.5524257069559795,1.847815909255474,107.0798779205726,20.4865418027302,True,True,True,True,none,0.9842544385382207,-0.043875823922793725
420.0,431.58281971552526,87.63662932408145,0.9850387241789492,-2.583705475211567,1.8704454837067148,108.6280271649314,20.99139784084994,True,True,True,True,none,0.984037363672034,-0.044404448307405704
425.0,436.7207104264244,88.67992253032052,0.9848451723923085,-2.6149992963836666,1.8930846669883952,110.18253986436974,21.50261733404922,True,True,True,True,none,0.9838196138331913,-0.04493307269201767
430.0,441.8586011373235,89.72321573655958,0.9846512393494303,-2.6463072268216576,1.9157334923545337,111.74342461465582,22.02020887809624,True,True,True,True,none,0.9836011881099381,-0.04546169707662964
435.0,446.9964918482226,90.76650894279865,0.9844569243596478,-2.677629323069514,1.9383919931773943,113.31069005379898,22.544181111000327,True,True,True,True,none,0.9833820855860396,-0.045990321461241615
440.0,452.1343825591217,91.80980214903771,0.984262226729016,-2.708965641867029,1.9610602029482163,114.88434486226956,23.07454271323185,True,True,True,True,none,0.9831623053407568,-0.04651894584585359
445.0,457.27227327002083,92.85309535527679,0.9840671457602959,-2.7403162401510492,1.983738155277932,116.46439776321024,23.61130240793345,True,True,True,True,none,0.9829418464488247,-0.04704757023046557
450.0,462.41016398091995,93.89638856151585,0.983871680752935,-2.7716811750567163,2.0064258838979114,118.0508575226623,24.15446896114645,True,True,True,True,none,0.9827207079804279,-0.04757619461507754
455.0,467.54805469181906,94.93968176775492,0.9836758310030503,-2.8030605039187195,2.0291234226606947,119.64373294978208,24.704051182027158,True,True,True,True,none,0.9824988890011779,-0.04810481899968951
460.0,472.6859454027182,95.98297497399398,0.9834795958034102,-2.8344542842725557,2.051830805540742,121.24303289706823,25.260057923074257,True,True,True,True,none,0.9822763885720888,-0.048633443384301485
465.0,477.8238361136173,97.02626818023305,0.9832829744434157,-2.8658625738557975,2.074548066635179,122.8487662605825,25.822498080349447,True,True,True,True,none,0.9820532057495539,-0.04916206776891346
470.0,482.9617268245164,98.0695613864721,0.9830859662090824,-2.8972854306093723,2.097275240164556,124.4609419801791,26.391380593706998,True,True,True,True,none,0.9818293395853216,-0.04969069215352543
475.0,488.0996175354155,99.11285459271119,0.9828885703830222,-2.9287229126788517,2.1200123604736056,126.07956903973161,26.966714447020422,True,True,True,True,none,0.981604789126471,-0.0502193165381374
480.0,493.23750824631463,100.15614779895024,0.9826907862444241,-2.9601750784157477,2.1427594620320156,127.70465646736446,27.548508668414215,True,True,True,True,none,0.9813795534153875,-0.05074794092274938
485.0,498.3753989572137,101.1994410051893,0.9824926130690358,-2.9916419863788164,2.1655165794351925,129.33621333568215,28.136772330492846,True,True,True,True,none,0.9811536314897387,-0.05127656530736135
490.0,503.5132896681128,102.24273421142836,0.982294050129145,-3.023123695335378,2.1882837474050443,130.9742487620036,28.731514550575255,True,True,True,True,none,0.980927022382449,-0.051805189691973313
495.0,508.6511803790119,103.28602741766743,0.9820950966935592,-3.0546202642626437,2.2110610007907656,132.6187719085999,29.332744490932484,True,True,True,True,none,0.980699725121675,-0.052333814076585286
500.0,513.7890710899111,104.32932062390651,0.9818957520275885,-3.086131752349045,2.233848374569623,134.26979198292756,29.940471359021046,True,True,True,True,none,0.9804717387307804,-0.05286243846119727
505.0,518.9269618008102,105.37261383014558,0.9816960153930239,-3.1176582189955813,2.2566459038477524,135.92731823787145,30.554704407725865,True,True,True,True,none,0.9802430622283103,-0.05339106284580925
510.0,524.0648525117093,106.41590703638464,0.981495886048119,-3.149199723817178,2.27945362386096,137.59135997198345,31.175452935598813,True,True,True,True,none,0.9800136946279657,-0.05391968723042121
515.0,529.2027432226084,107.45920024262371,0.9812953632475707,-3.180756326644051,2.302271569975526,139.26192652972205,31.802726287098338,True,True,True,True,none,0.9797836349385787,-0.05444831161503319
520.0,534.3406339335074,108.50249344886275,0.9810944462424983,-3.212328087523074,2.325099777689025,140.93902730170578,32.43653385284303,True,True,True,True,none,0.9795528821640848,-0.05497693599964514
525.0,539.4785246444065,109.54578665510182,0.9808931342804245,-3.2439150667191763,2.3479382826311346,142.62267172494848,33.076885069846654,True,True,True,True,none,0.9793214353034985,-0.05550556038425712
530.0,544.6164153553057,110.58907986134088,0.9806914266052543,-3.275517324716727,2.3707871205644686,144.31286928311613,33.72378942177525,True,True,True,True,none,0.9790892933508859,-0.0560341847688691
535.0,549.7543060662048,111.63237306757995,0.9804893224572556,-3.307134922220945,2.3936463273854027,146.00962950677447,34.377256439194525,True,True,True,True,none,0.9788564552953385,-0.05656280915348107
540.0,554.8921967771039,112.675666273819,0.9802868210730381,-3.338767920159318,2.4165159391249182,147.71296197364057,35.03729569982157,True,True,True,True,none,0.9786229201209463,-0.057091433538093046
545.0,560.030087488003,113.71895948005807,0.980083921685533,-3.3704163796830238,2.4393959919494352,149.42287630883695,35.70391682877887,True,True,True,True,none,0.9783886868067712,-0.057620057922705005
550.0,565.1679781989021,114.76225268629713,0.9798806235239724,-3.4020803621683724,2.4622865221616745,151.13938218514812,36.37712949885099,True,True,True,True,none,0.9781537543268193,-0.058148682307316985
555.0,570.3058689098012,115.80554589253622,0.9796769258138676,-3.4337599292182506,2.4851875662015033,152.86248932328004,37.05694343074383,True,True,True,True,none,0.9779181216500139,-0.05867730669192897
560.0,575.4437596207003,116.84883909877527,0.9794728277769889,-3.465455142663581,2.5080991606468026,154.59220749211784,37.743368393342564,True,True,True,True,none,0.9776817877401679,-0.059205931076540944
565.0,580.5816503315995,117.89213230501434,0.9792683286313435,-3.4971660645647966,2.53102134221434,156.32854650899247,38.43641420397813,True,True,True,True,none,0.9774447515559554,-0.059734555461152916
570.0,585.7195410424986,118.9354255112534,0.979063427591155,-3.5288927572133155,2.553954147760638,158.07151623993946,39.13609072868606,True,True,True,True,none,0.9772070120508847,-0.06026317984576488
575.0,590.8574317533977,119.97871871749247,0.9788581238668411,-3.5606352831330357,2.576897614282857,159.8211265999666,39.84240788247412,True,True,True,True,none,0.9769685681732692,-0.06079180423037685
580.0,595.9953224642968,121.02201192373153,0.9786524166649917,-3.592393705081841,2.599851778919694,161.57738755332838,40.55537562959685,True,True,True,True,none,0.9767294188661989,-0.06132042861498882
585.0,601.1332131751959,122.06530512997061,0.9784463051883475,-3.6241680860531105,2.6228166789522662,163.34030911378872,41.27500398381811,True,True,True,True,none,0.9764895630675124,-0.0618490529996008
590.0,606.271103886095,123.10859833620967,0.9782397886357774,-3.6559584892772494,2.645792351805019,165.10990134489828,42.00130300868861,True,True,True,True,none,0.9762489997097674,-0.06237767738421277
595.0,611.4089945969941,124.15189154244874,0.9780328662022567,-3.687764978223222,2.668778835046634,166.88617436026647,42.73428281781773,True,True,True,True,none,0.9760077277202117,-0.06290630176882475
600.0,616.5468853078933,125.1951847486878,0.9778255370788442,-3.7195876166001036,2.6917761663909445,168.66913832384117,43.473953575153374,True,True,True,True,none,0.9757657460207538,-0.06343492615343671
605.0,621.6847760187924,126.23847795492685,0.9776178004526597,-3.7514264683586496,2.7147843836978667,170.458803450188,44.220325495261136,True,True,True,True,none,0.9755230535279332,-0.0639635505380487
610.0,626.8226667296915,127.28177116116593,0.9774096555068608,-3.783281597692851,2.737803524974319,172.2551800047709,44.97340884360496,True,True,True,True,none,0.9752796491528906,-0.06449217492266066
615.0,631.9605574405906,128.32506436740502,0.9772011014206209,-3.8151530690415365,2.7608336283751624,174.0582783042327,45.73321393682767,True,True,True,True,none,0.975035531801338,-0.06502079930727264
620.0,637.0984481514897,129.36835757364406,0.9769921373691045,-3.84704094708996,2.783874732204152,175.86810871668806,46.499751143043994,True,True,True,True,none,0.9747907003735279,-0.06554942369188461
625.0,642.2363388623888,130.41165077988313,0.9767827625234453,-3.8789452967714166,2.80692687491488,177.6846816620062,47.27303088212307,True,True,True,True,none,0.9745451537642232,-0.0660780480764966
630.0,647.374229573288,131.4549439861222,0.9765729760507215,-3.9108661832688574,2.829990095111742,179.50800761210394,48.053063625981736,True,True,True,True,none,0.9742988908626662,-0.06660667246110856
635.0,652.5121202841871,132.49823719236124,0.9763627771139327,-3.942803672016533,2.8530644315508966,181.3380970912355,48.839859898874266,True,True,True,True,none,0.9740519105525475,-0.06713529684572052
640.0,657.6500109950862,133.54153039860032,0.9761521648719758,-3.974757828701634,2.876149923141248,183.17496067629216,49.63343027769184,True,True,True,True,none,0.9738042117119746,-0.06766392123033249
645.0,662.7879017059853,134.58482360483939,0.9759411384796204,-4.006728719265954,2.899246608945425,185.01860899709905,50.433785392259665,True,True,True,True,none,0.9735557932134404,-0.06819254561494449
650.0,667.9257924168844,135.62811681107848,0.9757296970874851,-4.038716409907558,2.9223545281807617,186.8690527367109,51.240935925632414,True,True,True,True,none,0.9733066539237917,-0.06872116999955645
655.0,673.0636831277835,136.67141001731753,0.9755178398420128,-4.070720967082477,2.9454737202203107,188.72630263172033,52.0548926144028,True,True,True,True,none,0.9730567927041963,-0.06924979438416842
660.0,678.2015738386826,137.7147032235566,0.9753055658854455,-4.102742457506401,2.968604224593835,190.59036947255734,52.875666249000744,True,True,True,True,none,0.9728062084101118,-0.06977841876878041
665.0,683.3394645495817,138.75799642979564,0.9750928743558002,-4.134780948156386,2.9917460809888237,192.46126410380035,53.70326767400471,True,True,True,True,none,0.972554899891252,-0.07030704315339235
670.0,688.4773552604807,139.80128963603468,0.9748797643868424,-4.166836506272599,3.01489932925152,194.33899742448583,54.537707788451144,True,True,True,True,none,0.9723028659915545,-0.07083566753800431
675.0,693.6152459713799,140.84458284227378,0.9746662351080626,-4.198909199360035,3.038064009387942,196.22358038841804,55.37899754614426,True,True,True,True,none,0.9720501055491475,-0.07136429192261631
680.0,698.753136682279,141.88787604851282,0.9744522856446493,-4.2309990951902785,3.061240161564919,198.11502400448552,56.2271479559727,True,True,True,True,none,0.9717966173963166,-0.07189291630722827
685.0,703.8910273931781,142.9311692547519,0.9742379151174636,-4.263106261803277,3.084427826111141,200.01333933697882,57.082170082226924,True,True,True,True,none,0.9715424003594708,-0.07242154069184024
690.0,709.0289181040772,143.97446246099096,0.9740231226430134,-4.295230767509114,3.1076270435182156,201.91853750591108,57.94407504492011,True,True,True,True,none,0.9712874532591086,-0.07295016507645223
695.0,714.1668088149763,145.01775566723,0.9738079073334274,-4.327372680889801,3.1308378544417184,203.83062968733714,58.81287402010713,True,True,True,True,none,0.9710317749097841,-0.07347878946106419
700.0,719.3046995258754,146.06104887346908,0.973592268296428,-4.3595320708011,3.1540602997022718,205.74962711368332,59.68857824021424,True,True,True,True,none,0.9707753641200721,-0.07400741384567616
705.0,724.4425902367745,147.10434207970815,0.9733762046353057,-4.391709006374331,3.1772944202866205,207.6755410740708,60.571198994362646,True,True,True,True,none,0.9705182196925339,-0.07453603823028815
710.0,729.5804809476737,148.14763528594725,0.9731597154488911,-4.42390355701822,3.2005402573487225,209.60838291465268,61.460747628705434,True,True,True,True,none,0.9702603404236813,-0.07506466261490011
715.0,734.7183716585728,149.1909284921863,0.9729427998315289,-4.456115792420748,3.223797852210837,211.54816403893736,62.35723554675107,True,True,True,True,none,0.9700017251039422,-0.07559328699951208
720.0,739.8562623694719,150.23422169842536,0.9727254568730498,-4.488345782551021,3.2470672463646397,213.4948959081361,63.26067420971074,True,True,True,True,none,0.9697423725176244,-0.07612191138412405
725.0,744.994153080371,151.2775149046644,0.9725076856587438,-4.520593597661146,3.270348481472326,215.44859004149066,64.17107513682626,True,True,True,True,none,0.9694822814428801,-0.07665053576873603
730.0,750.1320437912701,152.32080811090347,0.9722894852693316,-4.552859308288138,3.293641599367739,217.40925801662377,65.0884499057203,True,True,True,True,none,0.969221450651669,-0.077179160153348
735.0,755.2699345021692,153.36410131714257,0.9720708547809374,-4.585142985255824,3.316946642057502,219.3769114698774,66.01281015273483,True,True,True,True,none,0.9689598789097226,-0.07770778453795998
740.0,760.4078252130683,154.4073945233816,0.9718517932650601,-4.617444699676773,3.340263651722154,221.3515620966644,66.94416757328278,True,True,True,True,none,0.9686975649765066,-0.07823640892257196
745.0,765.5457159239675,155.45068772962068,0.9716322997885455,-4.649764522954245,3.3635926707173054,223.3332216518149,67.88253392219423,True,True,True,True,none,0.9684345076051845,-0.07876503330718392
750.0,770.6836066348666,156.49398093585975,0.9714123734135568,-4.682102526784145,3.3869337415747953,225.32190194993217,68.82792101407242,True,True,True,True,none,0.9681707055425793,-0.0792936576917959
755.0,775.8214973457657,157.53727414209882,0.9711920131975469,-4.7144587831569975,3.410286907003853,227.31761486574447,69.78034072364565,True,True,True,True,none,0.967906157529137,-0.07982228207640786
760.0,780.9593880566648,158.58056734833787,0.9709712181932278,-4.746833364359944,3.4336522098922897,229.32037233447107,70.73980498613321,True,True,True,True,none,0.9676408622988869,-0.08035090646101983
765.0,786.0972787675639,159.62386055457694,0.9707499874485426,-4.779226342978744,3.4570296933076747,231.3301863521764,71.70632579759948,True,True,True,True,none,0.9673748185794047,-0.08087953084563183
770.0,791.235169478463,160.66715376081603,0.9705283200066348,-4.811637791899799,3.480419400498535,233.34706897613833,72.6799152153223,True,True,True,True,none,0.967108025091773,-0.0814081552302438
775.0,796.3730601893621,161.71044696705508,0.9703062149058189,-4.844067784312198,3.5038213748955656,235.3710323252175,73.66058535816242,True,True,True,True,none,0.9668404805505424,-0.08193677961485576
780.0,801.5109509002613,162.75374017329415,0.9700836711795504,-4.876516393709775,3.5272356601128485,237.40208858022598,74.64834840693183,True,True,True,True,none,0.9665721836636924,-0.08246540399946774
785.0,806.6488416111604,163.7970333795332,0.9698606878563951,-4.908983693893172,3.5506622999490696,239.44024998430186,75.64321660476867,True,True,True,True,none,0.9663031331325913,-0.08299402838407971
790.0,811.7867323220595,164.84032658577226,0.9696372639599988,-4.941469758971943,3.574101338388764,241.48552884328612,76.64520225751386,True,True,True,True,none,0.9660333276519568,-0.08352265276869167
795.0,816.9246230329586,165.88361979201136,0.9694133985090558,-4.973974663366658,3.5975528196035653,243.53793752610562,77.65431773409426,True,True,True,True,none,0.9657627659098149,-0.08405127715330366
800.0,822.0625137438577,166.9269129982504,0.9691890905172784,-5.006498481811022,3.6210167879534563,245.5974884651532,78.67057546690279,True,True,True,True,none,0.9654914465874598,-0.08457990153791564
805.0,827.2004044547568,167.97020620448947,0.9689643389933651,-5.039041289354027,3.644493287988037,247.66419415667593,79.69398795218646,True,True,True,True,none,0.9652193683594126,-0.0851085259225276
810.0,832.338295165656,169.01349941072854,0.9687391429409691,-5.071603161362112,3.667982364447809,249.73806716116536,80.72456775043682,True,True,True,True,none,0.96494652989338,-0.08563715030713956
815.0,837.476185876555,170.05679261696758,0.9685135013586661,-5.104184173521336,3.6914840622654643,251.8191201037525,81.76232748678493,True,True,True,True,none,0.9646729298502126,-0.08616577469175152
820.0,842.6140765874541,171.10008582320663,0.9682874132399223,-5.136784401839585,3.7149984265671776,253.90736567459987,82.80727985139325,True,True,True,True,none,0.9643985668838627,-0.08669439907636352
825.0,847.7519672983532,172.1433790294457,0.9680608775730616,-5.169403922648772,3.7385255026739252,256.00281662930803,83.85943759986233,True,True,True,True,none,0.964123439641342,-0.08722302346097549
830.0,852.8898580092523,173.1866722356848,0.9678338933412334,-5.202042812607085,3.7620653361027987,258.10548578931304,84.91881355362824,True,True,True,True,none,0.9638475467626786,-0.08775164784558745
835.0,858.0277487201514,174.22996544192384,0.9676064595223786,-5.234701148701238,3.785617972568348,260.21538604229784,85.985420600374,True,True,True,True,none,0.9635708868808741,-0.08828027223019942
840.0,863.1656394310505,175.2732586481629,0.967378575089197,-5.267379008248735,3.8091834579839157,262.33253034260076,87.05927169443785,True,True,True,True,none,0.9632934586218599,-0.0888088966148114
845.0,868.3035301419496,176.31655185440198,0.9671502390091136,-5.300076468900167,3.8327618384629982,264.45693171162844,88.14037985722646,True,True,True,True,none,0.9630152606044533,-0.08933752099942337
850.0,873.4414208528488,177.35984506064105,0.9669214502442444,-5.332793608641518,3.8563531603206043,266.5886032382739,89.22875817763284,True,True,True,True,none,0.9627362914403135,-0.08986614538403534
855.0,878.5793115637479,178.40313826688012,0.966692207751362,-5.3655305057964995,3.8799574700746486,268.72755807934135,90.32441981246123,True,True,True,True,none,0.9624565497338962,-0.09039476976864733
860.0,883.717202274647,179.44643147311916,0.9664625104818617,-5.3982872390288925,3.903574814447322,270.87380945996483,91.42737798684567,True,True,True,True,none,0.9621760340824094,-0.0909233941532593
865.0,888.8550929855461,180.48972467935823,0.9662323573817262,-5.431063887344923,3.927205240366511,273.02737067404047,92.53764599468224,True,True,True,True,none,0.9618947430757675,-0.09145201853787126
870.0,893.9929836964452,181.5330178855973,0.9660017473914905,-5.46386053009565,3.9508487949672,275.1882550846578,93.65523719906048,True,True,True,True,none,0.9616126752965456,-0.09198064292248324
875.0,899.1308744073443,182.57631109183637,0.9657706794462068,-5.496677246979371,3.974505525592897,277.35647612453295,94.78016503269657,True,True,True,True,none,0.9613298293199334,-0.0925092673070952
880.0,904.2687651182434,183.61960429807542,0.9655391524754082,-5.529514118044059,3.99817547979708,279.5320472964528,95.91244299837737,True,True,True,True,none,0.9610462037136882,-0.09303789169170718
885.0,909.4066558291426,184.6628975043145,0.9653071654030737,-5.562371223689804,4.021858705344637,281.714982173714,97.05208466939953,True,True,True,True,none,0.9607617970380884,-0.09356651607631916
890.0,914.5445465400417,185.70619071055359,0.9650747171475901,-5.595248644671296,4.045555250213336,283.9052944005748,98.19910369002122,True,True,True,True,none,0.9604766078458854,-0.09409514046093113
895.0,919.6824372509408,186.74948391679263,0.9648418066217174,-5.628146462100305,4.069265162595292,286.10299769269926,99.35351377590663,True,True,True,True,none,0.9601906346822566,-0.09462376484554309
900.0,924.8203279618399,187.7927771230317,0.9646084327325499,-5.661064757448213,4.092988490898467,288.30810583762013,100.51532871458843,True,True,True,True,none,0.9599038760847564,-0.09515238923015508
905.0,929.958218672739,188.83607032927074,0.9643745943814803,-5.6940036125485305,4.1167252837481545,290.52063269519107,101.68456236592033,True,True,True,True,none,0.9596163305832678,-0.09568101361476705
910.0,935.0961093836381,189.87936353550984,0.9641402904641614,-5.72696310959947,4.140475589988503,292.74059219805355,102.86122866254371,True,True,True,True,none,0.9593279966999535,-0.09620963799937902
915.0,940.2340000945372,190.9226567417489,0.9639055198704679,-5.75994333116652,4.164239458684046,294.9679983521034,104.04534161035448,True,True,True,True,none,0.959038872949206,-0.09673826238399101
920.0,945.3718908054364,191.96594994798795,0.9636702814844589,-5.792944360185043,4.188016939121228,297.20286523696006,105.23691528897211,True,True,True,True,none,0.9587489578375978,-0.09726688676860297
925.0,950.5097815163355,193.00924315422702,0.9634345741843379,-5.825966279962915,4.211808080809974,299.44520700644557,106.43596385221855,True,True,True,True,none,0.958458249863831,-0.09779551115321496
930.0,955.6476722272346,194.0525363604661,0.9631983968424154,-5.859009174183156,4.235612933485242,301.69503788905917,107.64250152859307,True,True,True,True,none,0.9581667475186864,-0.09832413553782691
935.0,960.7855629381337,195.09582956670516,0.9629617483250681,-5.8920731269066176,4.259431547108613,303.9523721884656,108.85654262176041,True,True,True,True,none,0.957874449284972,-0.09885275992243887
940.0,965.9234536490328,196.1391227729442,0.9627246274927005,-5.925158222574665,4.28326397186988,306.2172242839781,110.0781015110339,True,True,True,True,none,0.957581353637472,-0.09938138430705086
945.0,971.0613443599319,197.1824159791833,0.9624870331997037,-5.958264546011902,4.307110258188657,308.4896086310564,111.3071926518731,True,True,True,True,none,0.9572874590428935,-0.09991000869166285
950.0,976.199235070831,198.22570918542237,0.9622489642944156,-5.99139218242891,4.330970456716001,310.76953976179976,112.54383057637739,True,True,True,True,none,0.9569927639598145,-0.1004386330762748
955.0,981.3371257817302,199.26900239166142,0.9620104196190803,-6.024541217425019,4.3548446183360525,313.0570322854481,113.78802989378667,True,True,True,True,none,0.9566972668386307,-0.10096725746088678
960.0,986.4750164926293,200.3122955979005,0.9617713980098064,-6.0577117369910916,4.378732794167679,315.3521008888879,115.0398052909874,True,True,True,True,none,0.9564009661215017,-0.10149588184549875
965.0,991.6129072035283,201.35558880413953,0.9615318982965256,-6.090903827512346,4.402635035566145,317.6547603371629,116.29917153302335,True,True,True,True,none,0.9561038602422972,-0.10202450623011071
970.0,996.7507979144274,202.3988820103786,0.9612919193029512,-6.124117575771188,4.426551394124797,319.96502547399115,117.56614346361255,True,True,True,True,none,0.9558059476265417,-0.10255313061472267
975.0,1001.8886886253264,203.44217521661764,0.9610514598465358,-6.157353068950087,4.450481921676748,322.28291122227654,118.8407360056589,True,True,True,True,none,0.9555072266913605,-0.10308175499933467
980.0,1007.0265793362256,204.4854684228567,0.9608105187384282,-6.190610394634453,4.474426670296595,324.608432584642,120.12296416178529,True,True,True,True,none,0.955207695845423,-0.10361037938394664
985.0,1012.1644700471246,205.52876162909578,0.9605690947834308,-6.223889640815563,4.49838569230214,326.9416046439496,121.41284301485379,True,True,True,True,none,0.9549073534888878,-0.1041390037685586
990.0,1017.3023607580238,206.57205483533485,0.9603271867799558,-6.257190895893507,4.522359040256136,329.2824425638414,122.71038772850656,True,True,True,True,none,0.954606198013345,-0.10466762815317054
995.0,1022.4402514689231,207.61534804157395,0.9600847935199818,-6.2905142486801555,4.5463467669680435,331.6309615892737,124.01561354769973,True,True,True,True,none,0.9543042278017598,-0.10519625253778254
1000.0,1027.5781421798222,208.65864124781302,0.9598419137890097,-6.32385978840214,4.570348925495791,333.9871770470565,125.32853579924347,True,True,True,True,none,0.9540014412284151,-0.10572487692239455
1005.0,1032.7160328907212,209.70193445405206,0.9595985463660172,-6.357227604703894,4.594365569147581,336.35110434641143,126.64916989235937,True,True,True,True,none,0.9536978366588524,-0.1062535013070065
1010.0,1037.8539236016204,210.74522766029116,0.9593546900234149,-6.390617787650699,4.6183967514836795,338.7227589795135,127.97753131922235,True,True,True,True,none,0.9533934124498143,-0.10678212569161848
1015.0,1042.9918143125194,211.78852086653018,0.9591103435270001,-6.424030427731761,4.642442526318243,341.1021565220567,129.31363565552653,True,True,True,True,none,0.9530881669491846,-0.10731075007623044
1020.0,1048.1297050234186,212.83181407276928,0.9588655056359111,-6.4574656158633115,4.666502947721156,343.48931263381405,130.65749856104478,True,True,True,True,none,0.9527820984959288,-0.1078393744608424
1025.0,1053.2675957343176,213.87510727900832,0.9586201751025814,-6.49092344339175,4.6905780700198845,345.8842430592062,132.00913578019788,True,True,True,True,none,0.9524752054200336,-0.1083679988454544
1030.0,1058.4054864452169,214.91840048524742,0.958374350672692,-6.524404002096795,4.714667947801342,348.2869636278744,133.36856314262698,True,True,True,True,none,0.9521674860424467,-0.10889662323006637
1035.0,1063.5433771561159,215.96169369148643,0.9581280310851257,-6.557907384194684,4.738772635913776,350.6974902552576,134.73579656377117,True,True,True,True,none,0.951858938675015,-0.10942524761467835
1040.0,1068.6812678670149,217.0049868977255,0.9578812150719183,-6.591433682341389,4.762892189468681,353.11583894318113,136.11085204545563,True,True,True,True,none,0.9515495616204225,-0.10995387199929031
1045.0,1073.819158577914,218.04828010396457,0.9576339013582108,-6.6249829896358685,4.787026663842717,355.5420257804417,137.49374567647712,True,True,True,True,none,0.9512393531721279,-0.11048249638390226
1050.0,1078.957049288813,219.09157331020364,0.9573860886622014,-6.658555399623349,4.811176114679646,357.9760669434028,138.88449363319918,True,True,True,True,none,0.950928311614302,-0.11101112076851424
1055.0,1084.0949399997123,220.13486651644274,0.9571377756950968,-6.692151006298628,4.835340597892292,360.4179786965959,140.28311218015318,True,True,True,True,none,0.9506164352217634,-0.11153974515312626
1060.0,1089.2328307106113,221.17815972268176,0.9568889611610618,-6.725769904109408,4.859520169664508,362.867777393325,141.68961767064326,True,True,True,True,none,0.9503037222599147,-0.11206836953773819
1065.0,1094.3707214215106,222.22145292892085,0.9566396437571706,-6.759412187959694,4.883714886453189,365.3254794762781,143.10402654735722,True,True,True,True,none,0.9499901709846773,-0.11259699392235017
1070.0,1099.5086121324096,223.2647461351599,0.9563898221733553,-6.793077953213166,4.907924804990269,367.79110147814777,144.52635534298787,True,True,True,True,none,0.9496757796424261,-0.11312561830696216
1075.0,1104.6465028433088,224.30803934139897,0.9561394950923571,-6.826767295696623,4.932149982284744,370.2646600222468,145.95662068084783,True,True,True,True,none,0.9493605464699237,-0.11365424269157412
1080.0,1109.7843935542078,225.351332547638,0.9558886611896724,-6.860480311703455,4.956390475624749,372.74617182314455,147.39483927550654,True,True,True,True,none,0.9490444696942533,-0.11418286707618609
1085.0,1114.922284265107,226.39462575387708,0.9556373191335038,-6.894217097997132,4.980646342579598,375.2356536872947,148.84102793341762,True,True,True,True,none,0.9487275475327516,-0.11471149146079807
1090.0,1120.060174976006,227.43791896011615,0.9553854675847058,-6.927977751814733,5.004917641001883,377.73312251368037,150.29520355356422,True,True,True,True,none,0.9484097781929409,-0.11524011584541
1095.0,1125.1980656869052,228.48121216635522,0.9551331051967333,-6.961762370870527,5.029204429029595,380.23859529445843,151.7573831281032,True,True,True,True,none,0.9480911598724606,-0.11576874023002202
1100.0,1130.3359563978042,229.52450537259426,0.9548802306155881,-6.995571053359531,5.0535067650882155,382.7520891156102,153.22758374301594,True,True,True,True,none,0.947771690758998,-0.11629736461463396
1105.0,1135.4738471087035,230.56779857883336,0.9546268424797651,-7.029403897961188,5.077824707892907,385.27362115760525,154.7058225787719,True,True,True,True,none,0.9474513690302181,-0.11682598899924593
1110.0,1140.6117378196025,231.61109178507243,0.9543729394201982,-7.063261003843,5.102158316450648,387.80320869606044,156.192116910988,True,True,True,True,none,0.9471301928536935,-0.11735461338385796
1115.0,1145.7496285305017,232.65438499131153,0.9541185200602051,-7.09714247066423,5.126507650062431,390.3408691024169,157.68648411110536,True,True,True,True,none,0.9468081603868328,-0.11788323776846993
1120.0,1150.8875192414007,233.69767819755054,0.9538635830154333,-7.131048398579646,5.150872768325469,392.88661984460856,159.18894164705802,True,True,True,True,none,0.9464852697768096,-0.11841186215308189
1125.0,1156.0254099523,234.74097140378964,0.9536081268938028,-7.1649788882432865,5.175253731135434,395.4404784877576,160.69950708396797,True,True,True,True,none,0.9461615191604886,-0.11894048653769385
1130.0,1161.163300663199,235.78426461002869,0.9533521502954508,-7.198934040812263,5.199650598688696,398.00246269485467,162.21819808482599,True,True,True,True,none,0.9458369066643538,-0.11946911092230583
1135.0,1166.3011913740982,236.82755781626776,0.9530956518126746,-7.232913957950606,5.224063431484595,400.5725902274622,163.74503241119442,True,True,True,False,reactive_power_limit,0.9455114304044335,-0.11999773530691782
1140.0,1171.4390820849972,237.8708510225068,0.9528386300298741,-7.266918741833133,5.248492290327736,403.15087894641556,165.28002792390876,True,True,True,False,reactive_power_limit,0.9451850884862262,-0.12052635969152976
1145.0,1176.5769727958964,238.91414422874587,0.9525810835234939,-7.3009484951493775,5.2729372363303115,405.7373468125319,166.823202583786,True,True,True,False,reactive_power_limit,0.9448578790046251,-0.12105498407614174
1150.0,1181.7148635067954,239.95743743498494,0.952323010861965,-7.335003321107532,5.297398330914427,408.3320118873312,168.37457445234625,True,True,True,False,reactive_power_limit,0.9445298000438422,-0.12158360846075372
1155.0,1186.8527542176946,241.000730641224,0.9520644106056454,-7.3690833234384385,5.321875635814467,410.93489233375755,169.93416169253354,True,True,True,False,reactive_power_limit,0.9442008496773312,-0.12211223284536567
1160.0,1191.9906449285936,242.04402384746305,0.9518052813067606,-7.403188606399624,5.346369213079475,413.54600641690945,171.5019825694464,True,True,True,False,reactive_power_limit,0.9438710259677102,-0.12264085722997764
1165.0,1197.1285356394928,243.08731705370215,0.9515456215093432,-7.437319274779362,5.370879125075564,416.16537250478234,173.0780554510802,True,True,True,False,reactive_power_limit,0.9435403269666832,-0.12316948161458963
1170.0,1202.2664263503918,244.13061025994122,0.9512854297491727,-7.471475433900782,5.395405434488331,418.7930090690061,174.66239880906485,True,True,True,False,reactive_power_limit,0.9432087507149616,-0.12369810599920161
1175.0,1207.404317061291,245.17390346618032,0.9510247045537132,-7.505657189626012,5.41994820432533,421.4289346856072,176.25503121942688,True,True,True,False,reactive_power_limit,0.9428762952421833,-0.12422673038381363
1180.0,1212.54220777219,246.21719667241933,0.9507634444420523,-7.53986464836037,5.444507497918521,424.07316803575833,177.855971363339,True,True,True,False,reactive_power_limit,0.9425429585668336,-0.12475535476842557
1185.0,1217.6800984830893,247.26048987865843,0.9505016479248377,-7.574097917056595,5.4690833789268,426.7257279065538,179.46523802789537,True,True,True,False,reactive_power_limit,0.9422087386961624,-0.12528397915303754
1190.0,1222.8179891939883,248.30378308489747,0.9502393135042142,-7.608357103219108,5.493675911338495,429.38663319177965,181.08285010688218,True,True,True,False,reactive_power_limit,0.941873633626103,-0.12581260353764948
1195.0,1227.9558799048873,249.34707629113652,0.9499764396737603,-7.642642314908332,5.518285159473935,432.05590289269713,182.70882660156062,True,False,True,False,voltage_limit,0.9415376413411887,-0.12634122792226146
1200.0,1233.0937706157865,250.3903694973756,0.9497130249184234,-7.676953660745033,5.542911187988012,434.7335561188325,184.3431866214569,True,False,True,False,voltage_limit,0.941200759814469,-0.12686985230687345
1205.0,1238.2316613266855,251.4336627036146,0.9494490677144541,-7.711291249914719,5.567554061872782,437.4196120887738,185.98594938515922,True,False,True,False,voltage_limit,0.9408629870074255,-0.1273984766914854
1210.0,1243.3695520375848,252.4769559098537,0.9491845665293416,-7.745655192172095,5.5922138464600915,440.11409013097773,187.63713422112403,True,False,True,False,voltage_limit,0.9405243208698858,-0.1279271010760974
1215.0,1248.5074427484838,253.52024911609277,0.9489195198217463,-7.780045597845514,5.616890607424222,442.81700968458074,189.29676056848797,True,False,True,False,voltage_limit,0.9401847593399376,-0.12845572546070932
1220.0,1253.645333459383,254.56354232233187,0.9486539260414333,-7.814462577841544,5.641584410784581,445.5283903002242,190.96484797789233,True,False,True,False,voltage_limit,0.9398443003438415,-0.12898434984532134
1225.0,1258.783224170282,255.60683552857088,0.9483877836292043,-7.848906243649494,5.666295322908382,448.2482516408799,192.64141611230903,True,False,True,False,voltage_limit,0.939502941795943,-0.12951297422993327
1230.0,1263.9211148811812,256.65012873481004,0.9481210910168294,-7.883376707346077,5.69102341051339,450.9766134826883,194.32648474787828,True,False,True,False,voltage_limit,0.9391606815985838,-0.13004159861454526
1235.0,1269.0590055920802,257.69342194104905,0.9478538466269781,-7.917874081600038,5.715768740670679,453.71349571580777,196.0200737747587,True,False,True,False,voltage_limit,0.9388175176420118,-0.13057022299915727
1240.0,1274.1968963029794,258.7367151472881,0.9475860488731487,-7.9523984796768765,5.740531380807404,456.4589183452667,197.72220319797856,True,False,True,False,voltage_limit,0.9384734478042907,-0.13109884738376923
1245.0,1279.3347870138784,259.78000835352714,0.9473176961595993,-7.986950015443611,5.76531139870962,459.21290149182533,199.4328931382982,True,False,True,False,voltage_limit,0.9381284699512081,-0.1316274717683812
1250.0,1284.4726777247777,260.82330155976626,0.9470487868812747,-8.021528803373574,5.7901088625251305,461.97546539285133,201.15216383308507,True,False,True,False,voltage_limit,0.9377825819361836,-0.13215609615299317
1255.0,1289.6105684356767,261.86659476600533,0.9467793194237363,-8.05613495855126,5.814923840766333,464.74663040319473,202.8800356371894,True,False,True,False,voltage_limit,0.9374357816001749,-0.1326847205376051
1260.0,1294.748459146576,262.9098879722444,0.9465092921630881,-8.090768596677245,5.839756402313144,467.52641699608154,204.61652902383713,True,False,True,False,voltage_limit,0.937088066771584,-0.13321334492221715
1265.0,1299.886349857475,263.9531811784834,0.9462387034659041,-8.12542983407311,5.864606616415896,470.31484576401124,206.36166458552782,True,False,True,False,voltage_limit,0.9367394352661611,-0.13374196930682908
1270.0,1305.0242405683741,264.9964743847225,0.9459675516891535,-8.16011878768647,5.889474552698324,473.1119374196626,208.1154630349401,True,False,True,False,voltage_limit,0.9363898848869093,-0.13427059369144104
1275.0,1310.1621312792731,266.03976759096156,0.9456958351801266,-8.19483557509601,5.914360281160525,475.91771279681006,209.8779452058485,True,False,True,False,voltage_limit,0.936039413423987,-0.134799218076053
1280.0,1315.3000219901724,267.08306079720063,0.9454235522763579,-8.229580314516593,5.939263872181996,478.73219285125174,211.6491320540511,True,False,True,False,voltage_limit,0.9356880186546094,-0.135327842460665
1285.0,1320.4379127010714,268.12635400343964,0.9451507013055516,-8.264353124804401,5.964185396524651,481.5553986617395,213.42904465829986,True,False,True,False,voltage_limit,0.93533569834295,-0.13585646684527694
1290.0,1325.5758034119706,269.16964720967877,0.944877280585502,-8.299154125462177,5.98912492533594,484.38735143093265,215.21770422125388,True,False,True,False,voltage_limit,0.9349824502400397,-0.13638509122988896
1295.0,1330.7136941228696,270.2129404159178,0.9446032884240176,-8.333983436644445,6.014082530151917,487.22807248634064,217.01513207042285,True,False,True,False,voltage_limit,0.9346282720836661,-0.13691371561450094
1300.0,1335.8515848337688,271.25623362215697,0.944328723118841,-8.368841179162843,6.039058282900404,490.0775832812952,218.8213496591382,True,False,True,False,voltage_limit,0.934273161598271,-0.1374423399991129
1305.0,1340.9894755446678,272.299526828396,0.9440535829575696,-8.403727474491506,6.064052255904173,492.9359053959249,220.63637856752894,True,False,True,False,voltage_limit,0.933917116494847,-0.1379709643837249
1310.0,1346.127366255567,273.34282003463505,0.9437778662175753,-8.43864244477246,6.089064521884115,495.8030605381305,222.46024050349547,True,False,True,False,voltage_limit,0.9335601344708336,-0.13849958876833685
1315.0,1351.265256966466,274.38611324087407,0.9435015711659228,-8.473586212821138,6.114095153962522,498.6790705445898,224.29295730371575,True,False,True,False,voltage_limit,0.9332022132100112,-0.1390282131529488
1320.0,1356.4031476773653,275.4294064471132,0.9432246960592883,-8.508558902131883,6.139144225666329,501.5639573817523,226.1345509346391,True,False,True,False,voltage_limit,0.932843350382395,-0.1395568375375608
1325.0,1361.5410383882643,276.4726996533522,0.9429472391438753,-8.543560636883566,6.164211810930435,504.4577431468623,227.9850434935101,True,False,True,False,voltage_limit,0.9324835436441269,-0.14008546192217272
1330.0,1366.6789290991635,277.5159928595913,0.9426691986553318,-8.578591541945238,6.189297984101038,507.3604500689768,229.8444572093855,True,False,True,False,voltage_limit,0.9321227906373675,-0.14061408630678474
1335.0,1371.8168198100625,278.55928606583035,0.9423905728186649,-8.613651742881823,6.214402819939011,510.27210051000674,231.7128144441764,True,False,True,False,voltage_limit,0.9317610889901854,-0.1411427106913967
1340.0,1376.9547105209615,279.60257927206936,0.9421113598481556,-8.648741365959907,6.239526393623306,513.1927169657594,233.59013769369,True,False,True,False,voltage_limit,0.9313984363164469,-0.14167133507600863
1345.0,1382.0926012318607,280.6458724783085,0.941831557947272,-8.683860538153578,6.264668780754424,516.1223220669999,235.47644958869142,True,False,True,False,voltage_limit,0.9310348302157033,-0.14219995946062064
1350.0,1387.2304919427597,281.68916568454756,0.9415511653085818,-8.71900938715029,6.289830057357864,519.060938580516,237.37177289596843,True,False,True,False,voltage_limit,0.930670268273078,-0.14272858384523265
1355.0,1392.368382653659,282.73245889078663,0.9412701801136643,-8.754188041356837,6.315010299887661,522.0085894102024,239.27613051941574,True,False,True,False,voltage_limit,0.9303047480591512,-0.14325720822984458
1360.0,1397.506273364558,283.77575209702565,0.9409886005330205,-8.789396629905383,6.340209585229941,524.9652975981442,241.18954550111852,True,False,True,False,voltage_limit,0.9299382671298455,-0.14378583261445654
1365.0,1402.6441640754572,284.8190453032647,0.9407064247259835,-8.824635282659521,6.365427990706518,527.9310863257311,243.11204102246643,True,False,True,False,voltage_limit,0.9295708230263073,-0.14431445699906856
1370.0,1407.7820547863562,285.8623385095038,0.9404236508406271,-8.859904130220427,6.390665594078502,530.9059789147591,245.0436404052553,True,False,True,False,voltage_limit,0.9292024132747903,-0.14484308138368052
1375.0,1412.9199454972554,286.90563171574286,0.940140277013673,-8.895203303933073,6.4159224735500056,533.8899988285668,246.98436711282397,True,False,True,False,voltage_limit,0.9288330353865343,-0.14537170576829248
1380.0,1418.0578362081544,287.9489249219819,0.9398563013703989,-8.930532935892515,6.44119870777182,536.8831696731667,248.93424475118474,True,False,True,False,voltage_limit,0.9284626868576461,-0.14590033015290443
1385.0,1423.1957269190536,288.992218128221,0.9395717220245428,-8.965893158950218,6.466494375845179,539.8855151983977,250.8932970701767,True,False,True,False,voltage_limit,0.9280913651689766,-0.14642895453751642
1390.0,1428.3336176299526,290.03551133446,0.9392865370782091,-9.00128410672048,6.49180955732555,542.8970592990897,252.86154796462972,True,False,True,False,voltage_limit,0.9277190677859976,-0.14695757892212838
1395.0,1433.4715083408519,291.07880454069914,0.9390007446217719,-9.036705913586918,6.5171443322264535,545.9178260162332,254.83902147553408,True,False,True,False,voltage_limit,0.9273457921586774,-0.1474862033067404
1400.0,1438.6093990517509,292.12209774693815,0.9387143427337776,-9.072158714708994,6.542498781023332,548.94783953817,256.82574179123185,True,False,True,False,voltage_limit,0.926971535721355,-0.14801482769135232
1405.0,1443.74728976265,293.1653909531772,0.9384273294808467,-9.107642646028685,6.567872984657483,551.9871242017958,258.8217332486186,True,False,True,False,voltage_limit,0.9265962958926122,-0.1485434520759643
1410.0,1448.885180473549,294.2086841594163,0.9381397029175746,-9.143157844277127,6.593267024539984,555.0357044937672,260.8270203343509,True,False,True,False,voltage_limit,0.9262200700751454,-0.1490720764605763
1415.0,1454.0230711844483,295.2519773656554,0.9378514610864312,-9.178704446981406,6.618680982555705,558.093605051731,262.8416276860755,True,False,True,False,voltage_limit,0.9258428556556357,-0.1496007008451883
1420.0,1459.1609618953473,296.2952705718945,0.9375626020176593,-9.214282592471388,6.6441149410673415,561.1608506655637,264.86558009366917,True,False,True,False,voltage_limit,0.9254646500046172,-0.15012932522980027
1425.0,1464.2988526062466,297.33856377813356,0.9372731237291715,-9.249892419886647,6.669568982919508,564.2374662786235,266.89890250048995,True,False,True,False,voltage_limit,0.9250854504763439,-0.1506579496144122
1430.0,1469.4367433171456,298.3818569843726,0.9369830242264474,-9.285534069183441,6.695043191442863,567.3234769890184,268.94162000464587,True,False,True,False,voltage_limit,0.9247052544086558,-0.15118657399902416
1435.0,1474.5746340280448,299.42515019061165,0.9366923015024277,-9.32120768114178,6.720537650458277,570.4189080508829,270.9937578602713,True,False,True,False,voltage_limit,0.9243240591228429,-0.15171519838363617
1440.0,1479.7125247389438,300.4684433968507,0.9364009535374087,-9.356913397372567,6.74605244428105,573.523784875675,273.0553414788243,True,False,True,False,voltage_limit,0.9239418619235079,-0.15224382276824816
1445.0,1484.850415449843,301.5117366030898,0.9361089782989354,-9.392651360324829,6.7715876577251795,576.6381330334823,275.1263964303925,True,False,True,False,voltage_limit,0.9235586600984278,-0.1527724471528601
1450.0,1489.988306160742,302.5550298093288,0.9358163737416921,-9.42842171329301,6.7971433761076865,579.7619782543471,277.2069484450183,True,False,True,False,voltage_limit,0.923174450918413,-0.15330107153747208
1455.0,1495.1261968716412,303.5983230155679,0.9355231378073938,-9.464224600424359,6.8227196852529515,582.8953464296012,279.2970234140333,True,False,True,False,voltage_limit,0.922789231637166,-0.15382969592208404
1460.0,1500.2640875825402,304.64161622180694,0.9352292684246748,-9.500060166726385,6.848316671497138,586.0382636132189,281.39664739141193,True,False,True,False,voltage_limit,0.9224029994911377,-0.15435832030669597
1465.0,1505.4019782934395,305.6849094280461,0.9349347635089765,-9.535928558074422,6.873934421692653,589.1907560231841,283.505846595138,True,False,True,False,voltage_limit,0.9220157516993825,-0.154886944691308
1470.0,1510.5398690043385,306.72820263428514,0.9346396209624349,-9.57182992121923,6.899573023212628,592.3528500428702,285.624647408585,True,False,True,False,voltage_limit,0.9216274854634121,-0.15541556907592
1475.0,1515.6777597152377,307.7714958405242,0.9343438386737652,-9.607764403794734,6.925232563955502,595.52457222244,287.75307638191583,True,False,True,False,voltage_limit,0.9212381979670465,-0.15594419346053193
1480.0,1520.8156504261367,308.8147890467632,0.9340474145181464,-9.64373215432583,6.950913132349631,598.7059492802568,289.8911602334936,True,False,True,False,voltage_limit,0.9208478863762649,-0.1564728178451439
1485.0,1525.9535411370357,309.85808225300224,0.9337503463571039,-9.679733322236252,6.976614817357919,601.8970081043138,292.0389258513116,True,False,True,False,voltage_limit,0.9204565478390537,-0.15700144222975584
1490.0,1531.091431847935,310.90137545924136,0.9334526320383912,-9.715768057856577,7.002337708482553,605.097775753677,294.1964002944356,True,False,False,False,voltage_limit,0.9200641794852537,-0.15753006661436783
1495.0,1536.229322558834,311.94466866548044,0.9331542693958699,-9.75183651243227,7.028081895769764,608.3082794599491,296.3636107944686,True,False,False,False,voltage_limit,0.9196707784264044,-0.1580586909989798
1500.0,1541.3672132697332,312.9879618717195,0.9328552562493887,-9.787938838131856,7.053847469814631,611.5285466287409,298.54058475702135,True,False,False,False,voltage_limit,0.9192763417555887,-0.1585873153835918
1505.0,1546.5051039806322,314.0312550779585,0.9325555904046607,-9.824075188055168,7.079634521765974,614.7586048411736,300.72734976321505,True,False,False,False,voltage_limit,0.9188808665472727,-0.15911593976820376
1510.0,1551.6429946915314,315.07454828419765,0.93225526965314,-9.860245716241701,7.105443143331263,617.9984818553803,302.92393357118266,True,False,False,False,voltage_limit,0.9184843498571471,-0.15964456415281572
1515.0,1556.7808854024304,316.11784149043666,0.9319542917718949,-9.896450577679044,7.1312734267816165,621.2482056080405,305.13036411760385,True,False,False,False,voltage_limit,0.9180867887219639,-0.1601731885374277
1520.0,1561.9187761133296,317.16113469667573,0.9316526545234831,-9.932689928311419,7.157125464956833,624.5078042159224,307.3466695192467,True,False,False,False,voltage_limit,0.9176881801593733,-0.1607018129220397
1525.0,1567.0566668242286,318.20442790291474,0.9313503556558217,-9.968963925048314,7.182999351270487,627.7773059774449,309.5728780745302,True,False,False,False,voltage_limit,0.9172885211677575,-0.16123043730665162
1530.0,1572.1945575351278,319.2477211091539,0.9310473929020587,-10.005272725773235,7.2088951797151,631.0567393742589,311.809018265105,True,False,False,False,voltage_limit,0.9168878087260636,-0.16175906169126367
1535.0,1577.3324482460268,320.291014315393,0.9307437639804412,-10.0416164893525,7.234813044867329,634.3461330728454,314.0551187574524,True,False,False,False,voltage_limit,0.9164860397936334,-0.1622876860758756
1540.0,1582.470338956926,321.33430752163207,0.9304394665941828,-10.077995375644226,7.260753041893277,637.6455159261344,316.31120840450234,True,False,False,False,voltage_limit,0.9160832113100323,-0.16281631046048758
1545.0,1587.608229667825,322.3776007278711,0.9301344984313288,-10.114409545507337,7.2867152665537995,640.954916975138,318.5773162472669,True,False,False,False,voltage_limit,0.9156793201948757,-0.16334493484509957
1550.0,1592.7461203787243,323.42089393411015,0.9298288571646218,-10.150859160810706,7.312699815209913,644.2743654506035,320.8534715164933,True,False,False,False,voltage_limit,0.9152743633476538,-0.1638735592297115
1555.0,1597.8840110896233,324.46418714034917,0.9295225404513626,-10.187344384442438,7.338706784828274,647.6038907746931,323.13970363434396,True,False,False,False,voltage_limit,0.9148683376475532,-0.1644021836143235
1560.0,1603.0219018005225,325.5074803465883,0.9292155459332725,-10.22386538031919,7.3647362729866686,650.9435225626677,325.4360422160794,True,False,False,False,voltage_limit,0.9144612399532787,-0.16493080799893547
1565.0,1608.1597925114215,326.5507735528273,0.9289078712363519,-10.26042231339566,7.390788377879628,654.2932906246052,327.7425170717779,True,False,False,False,voltage_limit,0.9140530671028707,-0.16545943238354746
1570.0,1613.2976832223208,327.5940667590664,0.928599513970738,-10.297015349674169,7.416863198324071,657.6532249671334,330.059158208067,True,False,False,False,voltage_limit,0.9136438159135217,-0.16598805676815942
1575.0,1618.4355739332198,328.63735996530545,0.9282904717305617,-10.333644656214345,7.442960833765033,661.0233557951786,332.3859958298732,True,False,False,False,voltage_limit,0.9132334831813905,-0.1665166811527714
1580.0,1623.573464644119,329.6806531715445,0.9279807420938009,-10.370310401142929,7.469081384281445,664.4037135137421,334.7230603421976,True,False,False,False,voltage_limit,0.912822065681414,-0.16704530553738337
1585.0,1628.711355355018,330.7239463777836,0.9276703226221337,-10.4070127536637,7.495224950591991,667.7943287296916,337.07038235190805,True,False,False,False,voltage_limit,0.9124095601671169,-0.1675739299219953
1590.0,1633.8492460659172,331.7672395840227,0.927359210860789,-10.44375188406753,7.521391634061046,671.1952322535788,339.42799266955603,True,False,False,False,voltage_limit,0.9119959633704194,-0.16810255430660734
1595.0,1638.9871367768162,332.81053279026173,0.9270474043383959,-10.480527963742494,7.547581536704643,674.6064551014733,341.7959223112116,True,False,False,False,voltage_limit,0.9115812720014422,-0.1686311786912193
1600.0,1644.1250274877154,333.8538259965008,0.9267349005668308,-10.517341165184211,7.573794761196575,678.0280284968229,344.1742025003221,True,False,False,False,voltage_limit,0.9111654827483094,-0.16915980307583126
1605.0,1649.2629181986144,334.8971192027399,0.9264216970410629,-10.554191662006208,7.600031410874501,681.4599838723308,346.5628646695909,True,False,False,False,voltage_limit,0.9107485922769494,-0.16968842746044321
1610.0,1654.4008089095137,335.94041240897894,0.9261077912389979,-10.591079628950457,7.626291589746192,684.9023528718636,348.9619404628847,True,False,False,False,voltage_limit,0.9103305972308923,-0.1702170518450552
1615.0,1659.5386996204127,336.983705615218,0.9257931806213197,-10.628005241898025,7.652575402495774,688.3551673523674,351.3714617371494,True,False,False,False,voltage_limit,0.909911494231067,-0.17074567622966716
1620.0,1664.676590331312,338.0269988214571,0.92547786263133,-10.664968677879866,7.678882954490143,691.8184593858277,353.79146056437065,True,False,False,False,voltage_limit,0.9094912798755931,-0.17127430061427917
1625.0,1669.814481042211,339.0702920276961,0.9251618346947869,-10.701970115087715,7.705214351785347,695.2922612612308,356.2219692335347,True,False,False,False,voltage_limit,0.9090699507395729,-0.17180292499889108
1630.0,1674.95237175311,340.11358523393517,0.9248450942197399,-10.739009732885158,7.73156970113316,698.776605486564,358.6630202526288,True,False,False,False,voltage_limit,0.9086475033748791,-0.1723315493835031
1635.0,1680.0902624640091,341.15687844017424,0.9245276385963652,-10.776087711818771,7.757949109987624,702.2715247908325,361.11464635065823,True,False,False,False,voltage_limit,0.9082239343099412,-0.17286017376811505
1640.0,1685.2281531749081,342.20017164641325,0.9242094651967959,-10.81320423362948,7.784352686511762,705.7770521261073,363.576880479694,True,False,False,False,voltage_limit,0.907799240049528,-0.173388798152727
1645.0,1690.3660438858074,343.2434648526524,0.9238905713749532,-10.850359481263972,7.810780539584322,709.2932206695889,366.0497558169365,True,False,False,False,voltage_limit,0.9073734170745286,-0.17391742253733902
1650.0,1695.5039345967064,344.2867580588914,0.9235709544663743,-10.887553638886303,7.837232778806605,712.8200638257008,368.5333057668094,True,False,False,False,voltage_limit,0.9069464618417308,-0.17444604692195095
1655.0,1700.6418253076056,345.3300512651305,0.9232506117880365,-10.924786891889651,7.863709514509413,716.3576152282151,371.02756396308456,True,False,False,False,voltage_limit,0.9065183707835952,-0.17497467130656297
1660.0,1705.7797160185046,346.3733444713696,0.9229295406381828,-10.962059426908151,7.890210857760026,719.9059087423873,373.5325642710177,True,False,False,False,voltage_limit,0.906089140308029,-0.1755032956911749
1665.0,1710.9176067294038,347.41663767760866,0.9226077382961418,-10.999371431828969,7.916736920369329,723.4649784671384,376.04834078952973,True,False,False,False,voltage_limit,0.9056587667981544,-0.17603192007578689
1670.0,1716.0554974403028,348.4599308838477,0.9222852020221479,-11.03672309580443,7.9432878148989605,727.0348587372408,378.57492785339315,True,False,False,False,voltage_limit,0.9052272466120768,-0.17656054446039884
1675.0,1721.193388151202,349.50322409008675,0.9219619290571573,-11.074114609264377,7.969863654668611,730.615584125555,381.1123600354682,True,False,False,False,voltage_limit,0.9047945760826476,-0.17708916884501083
1680.0,1726.331278862101,350.5465172963258,0.9216379166226631,-11.11154616392863,7.996464553763365,734.2071894452739,383.6606721489481,True,False,False,False,voltage_limit,0.9043607515172261,-0.1776177932296228
1685.0,1731.4691695730003,351.5898105025649,0.9213131619205079,-11.149017952819625,8.023090627041165,737.8097097522059,386.219899249641,True,False,False,False,voltage_limit,0.9039257691974373,-0.17814641761423478
1690.0,1736.6070602838993,352.63310370880396,0.9209876621326931,-11.186530170275207,8.049741990140346,741.4231803470838,388.7900766382798,True,False,False,False,voltage_limit,0.9034896253789271,-0.17867504199884673
1695.0,1741.7449509947985,353.67639691504303,0.9206614144211871,-11.224083011961579,8.076418759487282,745.0476367779006,391.3712398628576,True,False,False,False,voltage_limit,0.9030523162911144,-0.1792036663834587
1700.0,1746.8828417056975,354.7196901212821,0.9203344159277302,-11.261676674886418,8.103121052304127,748.6831148422781,393.963424720996,True,False,False,False,voltage_limit,0.90261383813694,-0.17973229076807068
1705.0,1752.0207324165967,355.7629833275212,0.9200066637736374,-11.29931135741216,8.129848986616635,752.3296505898614,396.5666672623402,True,False,False,False,voltage_limit,0.9021741870926124,-0.18026091515268267
1710.0,1757.1586231274957,356.80627653376024,0.9196781550595988,-11.336987259269428,8.156602681262095,755.9872803247434,399.1810037909832,True,False,False,False,voltage_limit,0.9017333593073511,-0.18078953953729468
1715.0,1762.296513838395,357.8495697399993,0.9193488868654768,-11.37470458157068,8.183382255897369,759.6560406079254,401.8064708679261,True,False,False,False,voltage_limit,0.901291350903125,-0.18131816392190667
1720.0,1767.434404549294,358.8928629462383,0.9190188562501018,-11.41246352682398,8.210187831007026,763.335968259804,404.44310531356564,True,False,False,False,voltage_limit,0.9008481579743889,-0.18184678830651863
1725.0,1772.5722952601932,359.93615615247745,0.9186880602510643,-11.450264298946976,8.237019527911574,767.0271003626872,407.0909442102097,True,False,False,False,voltage_limit,0.9004037765878168,-0.18237541269113058
1730.0,1777.7101859710922,360.97944935871647,0.9183564958845053,-11.488107103281036,8.263877468775801,770.7294742633476,409.7500249046311,True,False,False,False,voltage_limit,0.8999582027820308,-0.18290403707574251
1735.0,1782.8480766819914,362.02274256495554,0.9180241601449026,-11.5259921466056,8.290761776617238,774.4431275756075,412.42038501065196,True,False,False,False,voltage_limit,0.8995114325673269,-0.18343266146035453
1740.0,1787.9859673928904,363.0660357711946,0.917691050004856,-11.563919637152646,8.317672575314697,778.1680981829537,415.1020624117591,True,False,False,False,voltage_limit,0.899063461925398,-0.1839612858449665
1745.0,1793.1238581037896,364.1093289774337,0.9173571624148686,-11.601889784621441,8.344609989616956,781.9044242411876,417.7950952637539,True,False,False,False,voltage_limit,0.8986142868090523,-0.18448991022957845
1750.0,1798.2617488146886,365.15262218367275,0.9170224943031259,-11.639902800193404,8.37157414515153,785.6521441811104,420.4995219974377,True,False,False,False,voltage_limit,0.8981639031419288,-0.18501853461419043
1755.0,1803.3996395255879,366.1959153899118,0.916687042575271,-11.677958896547187,8.398565168433569,789.4112967112428,423.215381321331,True,False,False,False,voltage_limit,0.8977123068182089,-0.1855471589988024
1760.0,1808.5375302364869,367.23920859615083,0.9163508041141791,-11.716058287873967,8.425583186874864,793.1819208205753,425.9427122244245,True,False,False,False,voltage_limit,0.8972594937023243,-0.18607578338341435
1765.0,1813.675420947386,368.28250180238996,0.9160137757797258,-11.754201189892916,8.452628328792976,796.9640557813618,428.68155397897186,True,False,False,False,voltage_limit,0.896805459628661,-0.18660440776802634
1770.0,1818.813311658285,369.325795008629,0.9156759544085555,-11.792387819866882,8.479700723420475,800.7577411519417,431.4319461433127,True,False,False,False,voltage_limit,0.8963502004012599,-0.18713303215263832
1775.0,1823.9512023691843,370.3690882148681,0.9153373368138451,-11.830618396618279,8.506800500914318,804.563016779606,434.19392856473786,True,False,False,False,voltage_limit,0.8958937117935127,-0.18766165653725028
1780.0,1829.0890930800833,371.41238142110717,0.9149979197850643,-11.86889314054519,8.533927792365343,808.379922803497,436.96754138238987,True,False,False,False,voltage_limit,0.8954359895478545,-0.1881902809218623
1785.0,1834.2269837909823,372.4556746273462,0.9146577000877342,-11.907212273637652,8.561082729807847,812.2084996575418,439.7528250301956,True,False,False,False,voltage_limit,0.8949770293754524,-0.18871890530647423
1790.0,1839.3648745018816,373.49896783358525,0.9143166744631811,-11.945576019494224,8.588265446229386,816.0487880734366,442.5498202398514,True,False,False,False,voltage_limit,0.8945168269558892,-0.18924752969108619
1795.0,1844.5027652127806,374.5422610398243,0.9139748396282891,-11.983984603338683,8.615476075580595,819.9008290836522,445.35856804382786,True,False,False,False,voltage_limit,0.8940553779368443,-0.1897761540756982
1800.0,1849.6406559236798,375.5855542460634,0.9136321922752458,-12.022438252037022,8.642714752785217,823.7646640245028,448.17910977843945,True,False,False,False,voltage_limit,0.8935926779337686,-0.19030477846031013
