dataset_id,dataset_role,pocket_id,source_bus,load_bus,scenario_id,architecture,corridor_build,new_line_or_conversion,load_interface,load_boundary_voltage_v,voltage_support_location,voltage_support_role,var_coordination_risk,voltage_kv,vdc_pp_kv,corridor_length_km,current_limit_kA,short_circuit_gva,source_q_limit_mvar,converter_rating_mw,study_load_mw,existing_native_load_mw_excluded_from_new_corridor,new_data_center_load_is_incremental,max_transfer_mw,mw_per_km_at_limit,binding_constraint_at_limit,first_violation_mw,load_feasible_at_study_load,study_load_binding_constraint,study_load_useful_mw,study_load_corridor_transfer_mw,study_load_loss_mw,study_load_efficiency_to_load_boundary,study_load_efficiency_to_800v,study_load_voltage_min_pu,study_load_line_loading_pct,study_load_line_current_kA,study_load_source_q_mvar,study_load_q_margin_mvar,study_load_stability_margin_mw,study_load_converged
B,Travis 150 synthetic electric case (PowerWorld AUX electric side; gas ignored),TRAVIS150-AUX-001,163 Decker Creek Power Plant 1,147 Travis_DS_127 1,C1,Greenfield traditional AC data-center supply,new_ac_data_center_corridor,new_greenfield_line,480 V AC facility distribution,480.0,none,new traditional AC supply with voltage-sensitive data-center load,not applicable,230.0,,9.63959570288086,3.2,12.892903664768983,659.0756675181351,1211.049924652159,250.0,0.0,True,1173.604302477703,121.7482909710584,thermal_current_limit,1175.477036734972,True,none,250.0,256.89453554495554,7.496524820105032,0.970886889346012,0.970886889346012,0.9936706669394205,20.6941636572862,0.6622132370331585,57.355687000756326,601.7199805173788,10843.788876806373,True
B,Travis 150 synthetic electric case (PowerWorld AUX electric side; gas ignored),TRAVIS150-AUX-001,163 Decker Creek Power Plant 1,147 Travis_DS_127 1,C1,Greenfield traditional AC data-center supply,new_ac_data_center_corridor,new_greenfield_line,480 V AC facility distribution,480.0,none,new traditional AC supply with voltage-sensitive data-center load,not applicable,230.0,,9.63959570288086,3.2,12.892903664768983,659.0756675181351,1211.049924652159,500.0,0.0,True,1173.604302477703,121.7482909710584,thermal_current_limit,1175.477036734972,True,none,500.0,513.7890710899111,16.23021956724283,0.9685601133911751,0.9685601133911751,0.9868922641992257,41.67260023730592,1.3335232075937895,125.37964054105221,533.6960269770829,10586.894341261417,True
B,Travis 150 synthetic electric case (PowerWorld AUX electric side; gas ignored),TRAVIS150-AUX-001,163 Decker Creek Power Plant 1,147 Travis_DS_127 1,C1,Greenfield traditional AC data-center supply,new_ac_data_center_corridor,new_greenfield_line,480 V AC facility distribution,480.0,none,new traditional AC supply with voltage-sensitive data-center load,not applicable,230.0,,9.63959570288086,3.2,12.892903664768983,659.0756675181351,1211.049924652159,1000.0,0.0,True,1173.604302477703,121.7482909710584,thermal_current_limit,1175.477036734972,True,none,1000.0,1027.5781421798222,37.646926927238624,0.9637189433608965,0.9637189433608965,0.9718702985180522,84.63344721822712,2.708270310983268,295.4829959819181,363.592671536217,10073.105270171507,True
B,Travis 150 synthetic electric case (PowerWorld AUX electric side; gas ignored),TRAVIS150-AUX-001,163 Decker Creek Power Plant 1,147 Travis_DS_127 1,C2,Greenfield AC corridor with data-center SST,new_ac_corridor_with_local_sst,new_greenfield_line,800 V DC data-center interface through SST,800.0,34.5 kV AC side near the data-center SST,local SST dynamic VAR support and ride-through control,"local SST Volt-VAR controls can fight utility LTCs, regulators, capacitor banks, nearby smart inverters or centralized STATCOM/SVC controls without supervisory coordination",230.0,,9.63959570288086,3.2,12.892903664768983,659.0756675181351,1211.049924652159,250.0,0.0,True,1235.40453296758,128.15937214030365,thermal_current_limit,1237.2772672248489,True,none,250.0,253.80710659898477,4.366985396846575,0.9828319489259445,0.9828319489259445,0.9976192564142693,19.957241514538357,0.6386317284652274,4.827902925015798,654.2477645931193,10846.876305752345,True
B,Travis 150 synthetic electric case (PowerWorld AUX electric side; gas ignored),TRAVIS150-AUX-001,163 Decker Creek Power Plant 1,147 Travis_DS_127 1,C2,Greenfield AC corridor with data-center SST,new_ac_corridor_with_local_sst,new_greenfield_line,800 V DC data-center interface through SST,800.0,34.5 kV AC side near the data-center SST,local SST dynamic VAR support and ride-through control,"local SST Volt-VAR controls can fight utility LTCs, regulators, capacitor banks, nearby smart inverters or centralized STATCOM/SVC controls without supervisory coordination",230.0,,9.63959570288086,3.2,12.892903664768983,659.0756675181351,1211.049924652159,500.0,0.0,True,1235.40453296758,128.15937214030365,thermal_current_limit,1237.2772672248489,True,none,500.0,507.61421319796955,9.866159328630642,0.9806495113509357,0.9806495113509357,0.9948619733290868,40.02510694582655,1.2808034222664497,19.41880511654299,639.6568624015921,10593.06919915336,True
B,Travis 150 synthetic electric case (PowerWorld AUX electric side; gas ignored),TRAVIS150-AUX-001,163 Decker Creek Power Plant 1,147 Travis_DS_127 1,C2,Greenfield AC corridor with data-center SST,new_ac_corridor_with_local_sst,new_greenfield_line,800 V DC data-center interface through SST,800.0,34.5 kV AC side near the data-center SST,local SST dynamic VAR support and ride-through control,"local SST Volt-VAR controls can fight utility LTCs, regulators, capacitor banks, nearby smart inverters or centralized STATCOM/SVC controls without supervisory coordination",230.0,,9.63959570288086,3.2,12.892903664768983,659.0756675181351,1211.049924652159,1000.0,0.0,True,1235.40453296758,128.15937214030365,thermal_current_limit,1237.2772672248489,True,none,1000.0,1015.2284263959391,24.35857914459733,0.9762206519860084,0.9762206519860084,0.9881725913255057,80.59210957521373,2.5789475064068395,78.73041691844263,580.3452505996925,10085.45498595539,True
B,Travis 150 synthetic electric case (PowerWorld AUX electric side; gas ignored),TRAVIS150-AUX-001,163 Decker Creek Power Plant 1,147 Travis_DS_127 1,C3,Greenfield bipolar DC data-center corridor,new_dedicated_bipolar_dc_data_center_corridor,new_greenfield_line,800 V DC data-center interface through DC/DC conversion,800.0,transmission interconnection AC side at the grid-facing AC/DC terminal,centralized AC/DC-terminal voltage support plus DC corridor buffering,"centralized support reduces campus-level control fighting but requires utility-side ownership, protection coordination and adequate terminal VAR rating",230.0,460.0,9.63959570288086,3.2,12.892903664768983,659.0756675181351,1211.049924652159,250.0,0.0,True,1441.4053012671698,149.5296427044545,converter_rating_limit,1443.2780355244388,True,none,250.0,253.53735315116504,5.347454022556406,0.9790581267276547,0.9790581267276547,0.995,17.224004969508496,0.5511681590242719,0.0,919.0756675181351,inf,True
B,Travis 150 synthetic electric case (PowerWorld AUX electric side; gas ignored),TRAVIS150-AUX-001,163 Decker Creek Power Plant 1,147 Travis_DS_127 1,C3,Greenfield bipolar DC data-center corridor,new_dedicated_bipolar_dc_data_center_corridor,new_greenfield_line,800 V DC data-center interface through DC/DC conversion,800.0,transmission interconnection AC side at the grid-facing AC/DC terminal,centralized AC/DC-terminal voltage support plus DC corridor buffering,"centralized support reduces campus-level control fighting but requires utility-side ownership, protection coordination and adequate terminal VAR rating",230.0,460.0,9.63959570288086,3.2,12.892903664768983,659.0756675181351,1211.049924652159,500.0,0.0,True,1441.4053012671698,149.5296427044545,converter_rating_limit,1443.2780355244388,True,none,500.0,507.07470630233007,11.25429667138252,0.9779868907808585,0.9779868907808585,0.995,34.44800993901699,1.1023363180485437,0.0,919.0756675181351,inf,True
B,Travis 150 synthetic electric case (PowerWorld AUX electric side; gas ignored),TRAVIS150-AUX-001,163 Decker Creek Power Plant 1,147 Travis_DS_127 1,C3,Greenfield bipolar DC data-center corridor,new_dedicated_bipolar_dc_data_center_corridor,new_greenfield_line,800 V DC data-center interface through DC/DC conversion,800.0,transmission interconnection AC side at the grid-facing AC/DC terminal,centralized AC/DC-terminal voltage support plus DC corridor buffering,"centralized support reduces campus-level control fighting but requires utility-side ownership, protection coordination and adequate terminal VAR rating",230.0,460.0,9.63959570288086,3.2,12.892903664768983,659.0756675181351,1211.049924652159,1000.0,0.0,True,1441.4053012671698,149.5296427044545,converter_rating_limit,1443.2780355244388,True,none,1000.0,1014.1494126046601,24.74614784784376,0.9758514360851073,0.9758514360851073,0.995,68.89601987803398,2.2046726360970874,0.0,919.0756675181351,inf,True
