dataset_id,dataset_role,pocket_id,source_bus,load_bus,scenario_id,architecture,corridor_build,new_line_or_conversion,load_interface,load_boundary_voltage_v,voltage_support_location,voltage_support_role,var_coordination_risk,voltage_kv,vdc_pp_kv,corridor_length_km,current_limit_kA,short_circuit_gva,source_q_limit_mvar,converter_rating_mw,study_load_mw,thdv_p50_pct,thdv_p95_pct,thdv_max_pct,harmonic_source_count,harmonic_ownership
B,Austin-Travis 150-bus T&D,ATX-230-138-04,B_04,B_101,C1,Greenfield traditional AC data-center supply,new_ac_data_center_corridor,new_greenfield_line,480 V AC facility distribution,480.0,none,new traditional AC supply with voltage-sensitive data-center load,not applicable,138.0,,15.0,4.6,5.8,300.0,1050.0,250.0,0.5540514120630728,0.9247044565349685,1.408800396501904,4,distributed AC-facing rectifier and UPS harmonic sources at the data-center campus
B,Austin-Travis 150-bus T&D,ATX-230-138-04,B_04,B_101,C2,Greenfield AC corridor with data-center SST,new_ac_corridor_with_local_sst,new_greenfield_line,800 V DC data-center interface through SST,800.0,34.5 kV AC side near the data-center SST,local SST dynamic VAR support and ride-through control,"local SST Volt-VAR controls can fight utility LTCs, regulators, capacitor banks, nearby smart inverters or centralized STATCOM/SVC controls without supervisory coordination",138.0,,15.0,4.6,5.8,300.0,1050.0,250.0,0.18135380629474127,0.28557935801861967,0.3902314510407387,3,distributed SST front ends with local filtering at the data-center campus
B,Austin-Travis 150-bus T&D,ATX-230-138-04,B_04,B_101,C3,Greenfield bipolar DC data-center corridor,new_dedicated_bipolar_dc_data_center_corridor,new_greenfield_line,800 V DC data-center interface through DC/DC conversion,800.0,transmission interconnection AC side at the grid-facing AC/DC terminal,centralized AC/DC-terminal voltage support plus DC corridor buffering,"centralized support reduces campus-level control fighting but requires utility-side ownership, protection coordination and adequate terminal VAR rating",138.0,276.0,15.0,4.6,5.8,300.0,1050.0,250.0,0.0328679599088776,0.04386280707570191,0.05252227720039609,1,single grid-facing AC/DC terminal owns AC-side harmonic compliance
B,Austin-Travis 150-bus T&D,ATX-230-138-04,B_04,B_101,C1,Greenfield traditional AC data-center supply,new_ac_data_center_corridor,new_greenfield_line,480 V AC facility distribution,480.0,none,new traditional AC supply with voltage-sensitive data-center load,not applicable,138.0,,15.0,4.6,5.8,300.0,1050.0,500.0,1.1197235272553208,1.887461911234353,2.643348071340825,4,distributed AC-facing rectifier and UPS harmonic sources at the data-center campus
B,Austin-Travis 150-bus T&D,ATX-230-138-04,B_04,B_101,C2,Greenfield AC corridor with data-center SST,new_ac_corridor_with_local_sst,new_greenfield_line,800 V DC data-center interface through SST,800.0,34.5 kV AC side near the data-center SST,local SST dynamic VAR support and ride-through control,"local SST Volt-VAR controls can fight utility LTCs, regulators, capacitor banks, nearby smart inverters or centralized STATCOM/SVC controls without supervisory coordination",138.0,,15.0,4.6,5.8,300.0,1050.0,500.0,0.3651163981681219,0.6001230344523967,0.8326067806084563,3,distributed SST front ends with local filtering at the data-center campus
B,Austin-Travis 150-bus T&D,ATX-230-138-04,B_04,B_101,C3,Greenfield bipolar DC data-center corridor,new_dedicated_bipolar_dc_data_center_corridor,new_greenfield_line,800 V DC data-center interface through DC/DC conversion,800.0,transmission interconnection AC side at the grid-facing AC/DC terminal,centralized AC/DC-terminal voltage support plus DC corridor buffering,"centralized support reduces campus-level control fighting but requires utility-side ownership, protection coordination and adequate terminal VAR rating",138.0,276.0,15.0,4.6,5.8,300.0,1050.0,500.0,0.06478968811790334,0.08983505810838067,0.10603611387728354,1,single grid-facing AC/DC terminal owns AC-side harmonic compliance
B,Austin-Travis 150-bus T&D,ATX-230-138-04,B_04,B_101,C1,Greenfield traditional AC data-center supply,new_ac_data_center_corridor,new_greenfield_line,480 V AC facility distribution,480.0,none,new traditional AC supply with voltage-sensitive data-center load,not applicable,138.0,,15.0,4.6,5.8,300.0,1050.0,1000.0,2.260400102904245,3.7190287251810843,5.325303943251347,4,distributed AC-facing rectifier and UPS harmonic sources at the data-center campus
B,Austin-Travis 150-bus T&D,ATX-230-138-04,B_04,B_101,C2,Greenfield AC corridor with data-center SST,new_ac_corridor_with_local_sst,new_greenfield_line,800 V DC data-center interface through SST,800.0,34.5 kV AC side near the data-center SST,local SST dynamic VAR support and ride-through control,"local SST Volt-VAR controls can fight utility LTCs, regulators, capacitor banks, nearby smart inverters or centralized STATCOM/SVC controls without supervisory coordination",138.0,,15.0,4.6,5.8,300.0,1050.0,1000.0,0.7314755363393091,1.169785326105911,1.6218197383259085,3,distributed SST front ends with local filtering at the data-center campus
B,Austin-Travis 150-bus T&D,ATX-230-138-04,B_04,B_101,C3,Greenfield bipolar DC data-center corridor,new_dedicated_bipolar_dc_data_center_corridor,new_greenfield_line,800 V DC data-center interface through DC/DC conversion,800.0,transmission interconnection AC side at the grid-facing AC/DC terminal,centralized AC/DC-terminal voltage support plus DC corridor buffering,"centralized support reduces campus-level control fighting but requires utility-side ownership, protection coordination and adequate terminal VAR rating",138.0,276.0,15.0,4.6,5.8,300.0,1050.0,1000.0,0.13225379946031712,0.17722514391850755,0.21092473717810023,1,single grid-facing AC/DC terminal owns AC-side harmonic compliance
